topic0,topic1,topic2
ladeinfrastruktur,ladesäule,ein
mit,ich,schneider
ist,ist,electric
nicht,nicht,eine
auch,mit,zur
wir,eine,ist
auf,auch,ladeinfrastruktur
eine,man,elektromobilität
im,ein,gemeinsam
ladesäule,aber,ionity
bei,wenn,sorgen
ein,ladeinfrastruktur,schnelle
sich,auf,faktor
wie,noch,erreichung
ausbau,da,alltagstaugliche
ich,dann,entscheidender
wird,bei,ladestationen
noch,nur,mit
als,so,werden
aber,im,im
mehr,keine,auf
sind,wie,emobility
sie,als,zum
um,oder,ladesäule
hat,dass,kfw
man,kann,sowie
dass,mal,neue
bis,auto,stehen
des,sie,vom
einer,sich,bereich
am,wird,drei
nur,was,parkplatz
so,einer,privaten
haben,ja,wallbox
einen,laden,modelle
wenn,du,g4
zum,sind,anreize
beim,hat,veröffentlichten
werden,schon,liste
über,mehr,bmvi
oder,mir,evlink
jetzt,muss,erwerb
was,gibt,förderfähiger
vor,einen,elektrofahrzeuge
da,weil,bei
gibt,um,elektrische
muss,nach,energie
keine,wir,staatlichen
dann,immer,um
nach,am,förderbank
aus,kein,des
kann,hier,installation
schon,über,ausbau
laden,ohne,stromnetz
hier,wo,bis
mal,vor,vorantreiben
alle,zur,aufbau
einem,einem,bietet
durch,habe,charging
zur,werden,hat
können,zum,gehört
immer,ihr,alles
ladesäulen,wäre,voranzutreiben
deutschland,jetzt,wir
damit,doch,dabei
geht,einfach,ev
ja,haben,intelligentes
öffentliche,bis,einer
viel,alle,am
ohne,aus,weltweiter
uns,mich,förderung
öffentlichen,tesla,zeitung_energie
aufbau,strom,expert
elektroautos,war,zugangsmanagement
soll,wieder,lademanagement
will,bin,mehr
diese,also,sie
viele,er,dynamisch
neue,km,umfasst
müssen,viel,steuert
weiter,geht,wird
doch,jeder,euro
autos,würde,ladeboxen
ab,autos,ab
heute,ne,sich
wo,sehr,über
dazu,mein,öffentlich
sehr,beim,lastmanagementsystem
dafür,fahren,auch
braucht,dort,einen
kein,damit,unternehmen
ladepunkte,ob,jetzt
weil,kommt,fördert
jahren,verbrenner,ladepunkte
tesla,uns,millionen
mir,halt,leitstelle
strom,gut,beim
förderung,diese,weitere
sollen,selbst,betrieb
euro,zeit,öffentlichen
