,Mention,Count
1181,BMVI,148
0,kkklawitter,118
35,Elektro_Robin,100
117,VDA_online,88
71,news_nowgmbh,88
48,EnBW,86
190,Stefan_Hajek,67
778,nextmove_de,62
176,VQuaschning,51
89,Tesla,50
111,bdew_ev,45
38,Die_Gruenen,44
423,Hagen,44
376,stang2k,44
3023,AndiScheuer,43
398,welt,41
1727,peteraltmaier,40
928,faznet,39
532,andreasscheuer,34
1103,cem_oezdemir,34
228,CKemfert,33
873,BMWi_Bund,33
610,Knobelsdorff,32
110,Wissing,32
1508,Karl_Lauterbach,31
13,ElectriveNet,31
406,tagesschau,30
50,thestanceman1,30
193,zeitonline,29
74,BMDV_bund,28
229,handelsblatt,27
862,Fastned,27
46,DudenhofferAUTO,26
1015,Herbert_Diess,26
1584,bmu,26
177,fdp,25
422,Hamburg397,25
257,IONITY_EU,24
320,c_lindner,24
2,DerGraslutscher,23
704,StromschlagYT,23
76,KfW,23
328,AllegoCharging,23
518,VWGroup,23
276,araldeutschland,22
73,ABaerbock,22
318,ElectriveNet:,22
90,derspiegel,21
997,janusPrime,21
1145,eautonews,21
1130,OlafScholz,21
1137,RheinEnergie,21
161,technikjuli,20
489,frankfeil,20
333,elonmusk,20
252,RedaktionNews,20
403,Naturschuetzen,19
56,Mingiam10,19
1129,golem,19
2313,RL_Institut,19
802,t3n,19
1065,VWGroup_DE,17
715,cducsubt,17
1087,EON_de,17
407,SZ,17
648,ADAC,16
615,Luisamneubauer,16
790,_tho_,16
1870,ArminLaschet,15
284,Markus_Soeder,15
1567,technikblog_ch,15
63,wiwo,15
881,AudiOfficial,15
199,elektrokarre,15
592,markusdd5,14
1002,GeorgKonjovic,14
1017,volkswagen,14
1310,Oliver_Krischer,14
122,YouTube,14
196,Vattenfall_De,14
3508,N_Heisterhagen,14
815,c_schwarzer,14
316,MMittermeier,13
2522,spdbt,13
981,CMDRArchadder,13
160,BMWK,13
1581,ZDFheute,13
787,Shell_Germany,13
130,eMObilityBerlin,12
2188,Touni,12
2066,TilmanWinkler,12
584,HalleVerkehrt,12
512,twittlik,12
224,agoraverkehr,12
671,Koeln,12
2219,igembb,11
1840,parents4future,11
170,simonimous,11
169,FabianLaasch,11
847,GerdKebschull,11
1296,SenWiEnBe,11
132,ubitricity,11
414,HolzheuStefan,11
241,Storch_i,10
542,ChristophBeisl1,10
806,KerstinAndreae,10
2651,DIN_Norm,10
20,ecomento_de,10
1313,spdde,10
340,GdWWohnen,10
342,ZVEIorg,10
323,GernotDreher,10
1598,wdwarncke,10
11,verkehrswendeb2,10
10,sixtus,10
2451,RamonaPop,10
1099,CSU,10
2284,volkswagen_de,10
424,M_Hundhausen,10
3668,_Cap_22,10
855,VKUonline,10
1105,NetzeBW,10
149,HerrPhteven,9
3459,IAV_de,9
773,pvmagazine_de,9
470,BILD,9
1245,MercedesBenz,9
1028,StadtwerkBerlin,9
147,RolandSchueren,9
1074,BAFA_Bund,9
438,schnellenbachj,9
441,MoormannRainer,9
738,umrath,9
72,JVos63,9
75,fairzinsung,9
948,ardmoma,9
899,Tagesspiegel,9
2291,_FriedrichMerz,9
511,TspBackgroundMT,8
1044,ZDF,8
468,peter_simone,8
1994,Ford_de,8
552,CDU,8
258,WienEnergie,8
357,jxn_simp,8
2186,KathaSchulze,8
927,focusonline,8
69,MaxFichtner,8
1551,BMWGroup,8
1408,DomTHell,8
285,elektromob_nrw,8
1533,vzbv,8
1027,SenUVKBerlin,8
840,McDonaldsDENews,8
1416,Daimler,8
2221,innogy_emob,8
782,DanielaKluckert,8
686,eam_magazin,7
1737,SiemensDE,7
1715,janboehm,7
1757,InitiativeDZ,7
466,deutschetelekom,7
1243,SilvaAtTwitta,7
431,FraunhoferIFAM,7
1048,RegineGuenther,7
1284,BMW,7
630,handelsverband,7
1306,REWE_Supermarkt,7
1177,SiemensInfra,7
1167,Siemens,7
845,FridayForFuture,7
900,RobertBoni6,7
904,GrueneBundestag,7
662,florianaigner,7
913,OlliLuksic,7
299,MineCooky,7
916,swdag,7
1539,NPMobilitaet,7
185,Bundeskanzler,7
764,VDE_Group,7
452,Schrottie,7
596,englisch98,7
85,micha_bloss,7
1998,i_am_apriliaa,7
6,radiermann,7
2267,_mtiemann,7
2222,JPRuehmann,7
36,ZoePionierin,7
1936,heiseonline,7
2388,djbeetee,7
2143,ntvde,7
1205,Shell,6
3631,O_Arnhold,6
2224,DonBarbone,6
1123,KITKarlsruhe,6
1162,MainovaAG,6
2198,Swiss_eMobility,6
372,"VDA_online,",6
1172,Pfalzwerke,6
118,NZZ,6
1277,StefanBratzel,6
86,Juergen_Kaiser,6
131,GLobenberg,6
2051,FAZ_Wirtschaft,6
1454,polenz_r,6
3369,dr_otto_schmidt,6
281,FeynmansMethod,6
1560,Kartellamt,6
334,RegierungBW,6
1006,weh_oh,6
245,VCDeV,6
867,RealDonDenito,6
604,GenerationStrom,6
654,bnetza,6
728,ChargePointnet,6
2452,PR_ibb,6
791,AndreasMemmer,6
816,ladefuchs,6
835,joerg_spengler,6
2397,CleanElectrCast,6
872,BMWDeutschland,6
2286,AutoStromer,6
874,EU_Commission,6
2726,timohetzel,6
905,BahnkundenV,6
914,EUTheurer,6
915,SOZIALHELDEN,6
2294,Porsche,6
61,Umwelthilfe,6
986,Ruediger_Krause,6
1621,glsbank,6
294,KVBAG,6
3101,Automobilwoche,6
1733,frank_thelen,6
189,rbb24,6
3109,EichstadtTilman,5
2288,GmbhWarncke,5
2292,sz,5
942,stuttgart_stadt,5
1447,tichyseinblick,5
1452,openPetition,5
1844,IAAmobility,5
2766,elemob_de,5
484,VeroWendland,5
2951,ACEA_eu,5
869,jdoeschner,5
3345,ladeverbundplus,5
1530,Hyundai_DE,5
145,Gert_Woellmann,5
1857,Hallaschka_HH,5
853,Markus_Emmert,5
852,eMobilitaet_BEM,5
3062,AndiScheuer.,5
322,planwerk,5
232,a_pinkwart,5
278,robinvonrobintv,5
1355,agentsinaction,5
1228,"BMVI,",5
379,lgewessler,5
364,gruene_future,5
382,Balelt41,5
1156,ESterzel,5
105,ChristophHorst3,5
1252,SWM_Muenchen,5
3177,EcoCarer1,5
411,chorherr,5
1102,berndulrich,5
1098,Klima_Mahner,5
1746,MarieDMeier,5
92,WDRaktuell,5
2118,Thomas_Bareiss,5
83,SurveyCircle,5
2807,EskenSaskia,5
2269,fragger911,5
133,abbdeutschland,5
300,cooliopenguin,5
1758,bundesrat,5
772,transenv,5
564,NPEmobilitaet,5
1588,UdoSiev,5
1995,CompleoS,5
663,LenzGrimmer,5
550,BlakesWort,5
657,ChangeGER,5
1889,klimaunion,5
1586,bv_elektromobil,5
678,butenunbinnen,5
636,Stadt_Wien,5
2001,FDP_Durlach,5
2546,the_new_Toni85,5
275,egghat,5
2670,euref,5
2454,Coliban,5
1905,greenpeace_de,5
599,CoalDead,5
786,MercedesBenz_DE,5
1042,LH_Potsdam,4
1029,wegeheld,4
664,UweSchneidewind,4
2259,TerliWetter,4
2588,TEAG_info,4
3667,bandee_de,4
3139,energiezukunft_,4
665,stadt_wuppertal,4
1051,zukunftmobil,4
2278,FahrradClub,4
1788,HubertAiwanger,4
1193,OpelDE,4
2246,greenostermann,4
2555,UmweltTH,4
585,AgoraEW,4
386,Stadt_FFM,4
395,tobiashans,4
576,Edison_Media,4
3164,ladenetz,4
2223,MaAhl5,4
1113,SWM_Magdeburg,4
1781,lawen4cer,4
632,nergie_de,4
1108,MDradelt,4
580,UweNess,4
2234,stadtdortmund,4
2585,OlaKaellenius,4
653,pkerchner,4
2821,SvenjaSchulze68,4
416,radkolumne,4
608,BrunsRainer,4
3636,AlexWdtt,4
2414,YogicCEO,4
1016,RegSprecher,4
77,mastafotygo,4
3049,f_stiebeling,4
2749,WoifeWoife,4
903,fdpbt,4
1888,RenaultDE,4
889,rbbabendschau,4
761,evbox,4
876,TheBug0815,4
2717,emobly,4
871,SonjaGehrig,4
536,mainz_de,4
22,rudifussi,4
195,smatrics_com,4
3777,solarpapst,4
496,airfoxtwo,4
41,doktorhulk,4
792,nextstepmobil,4
819,LADE_GmbH,4
3054,BFEenergeia,4
725,DLF,4
2774,notnownothere3,4
3707,electrodocs,4
2528,oreissig,4
1003,QwelloCharge,4
687,UmweltBW,4
823,initin_de,4
2285,VWReplacement,4
998,augusdom,4
995,MOIAmobility,4
976,cihansugur,4
717,StefanHeimlich,4
963,p_humm,4
957,Toyota_DE,4
956,vwsachsen_de,4
941,mdrde,4
4031,EEnergiewende,4
465,presseportal_ch,4
2776,koehler_fdp,4
2518,RWI_Leibniz,4
2235,dew21,4
3360,JochenFlasbarth,4
140,watch_union,4
3326,Der__Michi,4
1247,wirelane,4
1248,bmvi,4
1624,DVFmobil,4
1451,drumheadberlin,4
351,"GdWWohnen,",4
277,DennisSchlmyr,4
2889,opdi_tex_GmbH,4
1295,soerenbartol,4
1553,MietTesla,4
1308,sven_giegold,4
1585,bne_news,4
2050,Regendelfin,4
1729,Stadt_Karlsruhe,4
1406,BBH_online,4
1394,RND_de,4
1582,cutwindt,4
1338,hamburg_de,4
1739,Duesseldorf,4
265,sascha_p,4
266,anjes_tjarks,4
1376,DIEZEIT,4
1558,i_am_fabs,4
1365,StromnetzBln,4
1374,WDR,4
2065,news_nowgmbh!,4
1632,EWE_AG,4
2005,FDPBW,4
248,NATURSTROM_AG,4
2028,xileffff,4
1677,has_to_be,4
237,MonikaHerrmann1,4
359,SchaferCorinna,4
1676,hubject,4
1503,quarkswdr,4
3239,MarkusHoeher,4
1545,diegruenen,4
295,Johannes0105,4
1239,_donalphonso,4
243,Bettina_Jarasch,4
3210,dw_wirtschaft,4
2049,BodoMdB,4
247,StefanGelbhaar,4
116,the_infinity,4
287,dussmann_group,4
3248,felixba,4
1232,ToniHofreiter,4
1686,stephanpalagan,4
1955,Chrissbm,3
2432,"news_nowgmbh,",3
795,BayernInnovativ,3
858,ProfEnergyHuber,3
1547,Strom_Im_Tank,3
2435,horstmeierhofer,3
2027,nille_lee,3
803,Andr_Jahn,3
2424,BMVI.,3
3804,evilestmav,3
1947,dlfnova,3
2423,micha06de,3
848,KroegerOve,3
3803,Mrivan4you,3
2682,RouteBetter,3
1552,acurus,3
2390,BMF_Bund,3
2998,StromnetzHH,3
3063,bp_plc,3
3798,SacStahl,3
827,holimuk,3
2392,ObenPartei,3
2437,NIODeutschland,3
836,oedp_de,3
839,hannover,3
2993,AndreasBlnMi,3
2478,DilgerMartin,3
784,VfL_Wolfsburg,3
2605,JensHilgenberg,3
3879,_HelloPunk,3
1724,stekkerauto,3
3882,alextv,3
1981,pirandot,3
3277,franzalt,3
3259,SimeonPreuss,3
1964,NeuImNeuland,3
1663,LichtBlick_de,3
651,Heierle,3
1975,PROMEENZ,3
631,Nik_HDE,3
1901,rezomusik,3
2559,AukeHoekstra,3
3216,spahn_thomas,3
1890,wiebkewinter,3
3938,windnode,3
2575,heiseautos,3
3211,dw_deutsch,3
598,eozwei,3
703,janfleischhauer,3
3864,glptbollinger,3
3314,JanVollmer,3
2524,wolpertinger42,3
1874,girocard.,3
776,"EnBW,",3
3312,staedtetag,3
775,GillyBerlin,3
2002,FDPKarlsruhe,3
768,Bitkom,3
3348,smatthes,3
763,BayStMWi,3
749,ThorstenRinne,3
2482,DKEAktuell,3
746,MarcMath5,3
739,eenginemagazin,3
2619,hildebentele,3
734,Deutschland-Kurier,3
1583,bankenverband,3
1587,_thomasengelke,3
1956,GrueneBremen,3
716,ACE_autoclub,3
1992,AchimTruger,3
2982,NewHyperion,3
3570,HoskyOShayoz,3
1516,MeinElektroauto,3
1918,germanenginee10,3
1780,Kl_Stone,3
3622,Linksfraktion,3
1110,ADFC_MD,3
3519,greenpeace_nrg,3
2827,MartinGropp,3
2227,MatthiasGastel,3
1107,chri_gru,3
3201,bayl,3
2156,GrimmVeronika,3
1286,westenergie,3
3158,ceo_plus_ch,3
2238,teslamag,3
2145,BVESeV,3
1297,BerlinPartner,3
2242,axiom4tic,3
3652,kineyDE,3
2903,Nokius,3
2811,VolkerEinem,3
2809,moovility_me,3
2923,GFelbermayr,3
1058,TRATON_GROUP,3
2879,LBBW,3
1756,christophploss,3
1136,MathisBoente,3
1235,manager_magazin,3
3557,EnelXGlobal,3
1191,BrigitteKnopf,3
1190,Der_BDI,3
2872,pjanik_otm,3
1189,dena_news,3
3581,hagergroup,3
1233,sven_kindler,3
1184,RegHessen,3
2857,Fraunhofer,3
1180,VDA_online:,3
2213,cfrey1977,3
3171,AJK_Kuhlmann,3
1891,sciforfuture,3
1237,TankundRast,3
2838,mobility_house,3
1165,hessenschau,3
1163,SuewagEnergieAG,3
1769,KebabChris,3
1151,gofast_swiss,3
2208,AlainS1991,3
2101,lidl,3
3145,KlimalisteBW,3
1317,RolandTichy,3
3193,Michael_Kunz,3
1437,annewill,3
1928,Meyerberry,3
2301,philippvetter,3
2302,davepermen,3
2304,JTrittin,3
1440,DasErste,3
920,VBerlinautofrei,3
919,CCitiesOrg,3
1843,TotalEnergies,3
1458,EWS_Schoenau,3
938,Ottostadt,3
3580,MENNEKES_tweets,3
2736,BoschPresse,3
892,realAlexBlank,3
2044,Stvedie,3
2720,IWOeV,3
2981,my_e_car,3
3108,ThomasSigmundHB,3
1514,PeugeotDE,3
2709,Robotron_DD,3
1426,Monopolkom,3
3420,e_Mobilitaet,3
1320,NDRinfo,3
1011,Labonitamascota,3
3483,ShareNow_global,3
1036,"RL_Institut,",3
2078,andreasscheuer.,3
1340,AstroSven,3
1352,bzberlin,3
2277,ADFC_Berlin,3
1354,MauriceHoefgen,3
1370,AnnikaJoeres,3
2282,MarcusWadsak,3
1009,emmiweberwebde1,3
1821,TomFragt,3
3138,Frontal21,3
1372,KlaStrat,3
1373,phoenix_de,3
1810,dabinichwieder2,3
3137,HansTheGerman,3
2062,SebCzaja,3
983,enercity_presse,3
1946,Senfberg,3
1385,ulfposh,3
1898,ChristianOnRE,3
2573,SGudensberg,3
543,retolipp,3
336,FraunhoferISI,3
396,Gemeindebund,3
392,systemschaf1,3
344,ehandwerk,3
30,UliMolter,3
301,visevic,3
150,sbamueller,3
390,SubNat69,3
4141,MaddyQuerulator,3
4045,AlexE1789,3
528,Berndte3,3
384,wissing,3
492,Arishna12,3
383,Umweltbundesamt,3
381,KlimaVorAcht,3
42,Doener,3
269,enercity,3
4082,emobileticker,3
270,WirtschaftNRW,3
82,morgenpost,3
175,TiloJung,3
279,Krachten,3
168,Watch_Greens,3
290,ChrDorner,3
456,k_stukenberg,3
537,iaostuttgart,3
4254,tillmatthis,3
171,sepp_reitberger,3
4075,StadtLeipzig,3
367,_itstobi_,3
19,designmobility,3
242,berlinerzeitung,3
3,Baeumleschule,3
226,der_raddler,3
4061,amihm.,3
7,ohoerl,3
421,HamburgEnergie,3
214,vwmanufaktur_de,3
310,razerrath,3
206,Pixelaffe,3
4053,TOnline_News,3
3972,Fischwaffel_,3
556,7VAMPIR,3
1484,holger_loesch,2
1524,SepPietsmiet,2
3428,MisterB02143851,2
1515,ElektrUnterwegs,2
292,johannesvogel,2
4132,KlimaKanal,2
3396,FuelOfTheFuture,2
3347,alexdemling,2
1522,iw_koeln,2
3430,mene_stfr,2
3388,HansLak,2
1443,_MartinNeumann,2
3431,DerHutte,2
3432,7ieben_,2
3407,msebel,2
3433,zweilicht85,2
4127,radiobremen-Reporter,2
1469,Der_BDI.,2
4131,alinescherrer1,2
1439,hankrainer,2
311,unsinn_s21,2
1438,MuenchUrsula,2
4122,ulrics3,2
1497,CptKrustenkaese,2
1499,audi,2
3358,nulleberg,2
296,PatrickPlotz,2
288,"MainovaAG,",2
1436,AnneWillTalk,2
1512,StellantisDE,2
1476,TichysEinblick,2
3403,TransnetBW,2
1422,ConevaEnergy,2
3425,jansen_hh,2
3426,Taifun987,2
3427,MisterAltair,2
590,smbraun,2
3319,MichaelCerveny,2
1535,dneuerer,2
1618,AF_Will,2
1641,GrueneCH,2
3260,PascalBraun78,2
3253,AntjeHermenau,2
3249,fr,2
1664,BR_Presse,2
3231,VDI_News,2
3227,toomBaumaerkte,2
3226,evnergy,2
1688,ReiSteurer,2
1691,Hoellenaufsicht,2
3222,joinclubhouse.,2
1703,GoogleNews,2
235,kaufland,2
233,HerrRain,2
1719,Senat_Hamburg,2
1720,BelitOnay,2
230,karl_popp,2
1725,IngbertLiebing,2
1726,Klaus_Mueller,2
227,ugly_but_rich,2
1731,OlafStorbeck,2
3266,MarioHillmers,2
3288,Sugambrer2,2
3337,enviaM,2
3289,kreuzritter2222,2
3328,EON_Presse,2
3327,LavendelLab,2
4139,hauwech3,2
1554,Schwunkvoll,2
1556,MarcSchrewe,2
272,GNogarole,2
1559,jaeger1972,2
1564,"innogy_emob,",2
312,ElektroautoMeme,2
1570,Marco_W_S,2
1575,SteveundJulian,2
1579,smegworx,2
591,FanofPython,2
4142,thomas1nitschke,2
262,Ricarda_Lang,2
1590,konradMD,2
1592,DLR_Verkehr,2
1605,Die_Loewenstadt,2
3294,jusos,2
3293,SZ),2
3290,DonQ11200417,2
3434,matalxis,2
319,Cleanthinking,2
1407,JennyGnther,2
373,MarBel78,2
3606,Energyboy_72,2
3605,fwieschollek,2
1143,Stadt_Marburg,2
1146,scherbenstein,2
3603,RainerReelfs,2
3598,OliverHaas19,2
1155,georgrestle,2
391,CarstenGross,2
3596,PiratenBVVMitte,2
3591,Model3GER,2
1166,abo_wind,2
4080,Mupsiii,2
1168,althusmann,2
1170,cj5762cj,2
385,SteffenKrach,2
1173,Hornbach_tweets,2
3585,"christophploss,",2
1182,amsonline,2
4081,robintvtv,2
1187,garkeinding,2
1188,StiftungKlima,2
4084,Bern_Stadt,2
4085,uwyss,2
3616,GlobalistYT,2
3617,T0xicHead,2
3618,googlenews,2
3640,tagesschau.,2
1054,reportkoeln,2
1055,GNUmatic,2
1056,EAutoPionier,2
1057,SixtDE,2
1063,weserkurier,2
1071,StZ_NEWS,2
4063,Schupunkt,2
1079,MDRAktuell,2
1081,HendrikWuest,2
3645,HBraun,2
3633,Localiser_RLI,2
400,Bender_Germany,2
3632,energate_news,2
1097,Energiewender,2
417,WKogler,2
412,TRDSRLZ,2
1106,unpstep,2
402,MonikaSchnitzer,2
3623,hannovergenuss,2
1117,KS_MdL,2
1120,Kai_Wehnemann,2
1122,0xa0000,2
1192,DerMannes,2
371,OberurselDialog,2
3435,tacito_el,2
3579,vincent13031925,2
1309,MiKellner,2
1316,berlindirekt,2
4105,lupos_lusatiae,2
1326,FacebookWatch,2
3489,systemstig,2
3488,DIW_Berlin,2
1334,SAPdach,2
1336,panemetc62,2
1337,vigeliensch,2
1345,OseloHH,2
1348,cambio_de,2
3472,mnowak_wob,2
1367,MatthiasRehfel1,2
1734,HMitterwald,2
3458,facekopf,2
1380,KenzoVandagg,2
3449,rosenbaumg0,2
3446,VDA_online-Präsidentin,2
1391,s_andre93,2
1392,Kachelmann,2
1393,Tom2Tom60,2
3438,KantonZuerich,2
3436,NoFixedAdobe,2
1307,twizybaby1,2
1305,larswichert,2
1299,next_e,2
1251,FAZ_NET,2
4086,erzaehlmirnix,2
4087,W_Lehmacher,2
1209,Stadt_BS,2
3566,auchmaneinsagen,2
1211,allelectric_de,2
1217,teslaownersSV,2
365,"ZVEIorg,",2
362,ElektrischST,2
1240,heuteshow,2
358,hausinger_ihk,2
1264,VikingRohan,2
1291,franke_media,2
3523,DowJoes,2
1270,BreitbandB,2
1272,pYranhia,2
353,AJK_Kuhlmann.,2
3517,Plugsurfing,2
1280,s_sommaruga,2
1282,pele_tweet,2
350,Vonovia_SE,2
1287,kainiebert,2
1289,BIDeutschland,2
223,real_mos,2
1771,girocard,2
3190,LongoFL,2
2763,ChristfriedW,2
68,UweRGGaertner,2
67,SteveFi04457564,2
65,ulid000,2
60,Biokraftstoff,2
2786,ARDde,2
2300,BVES,2
59,Nord_Mann,2
57,Knarf_Sier,2
2321,Kunkeline,2
2765,surferBS,2
2764,groovybeatz1,2
2757,DaimlerTruckBus,2
2393,50lilli,2
2747,HogrefeJens,2
2746,DerClue,2
2342,PiraToRo,2
2738,TZierul,2
2737,DB_Presse,2
2363,gasagde,2
2723,ruelke,2
2722,TspBackgroundMT:,2
2368,Volksverpetzer,2
2379,VCOE_AT,2
2711,PowerPlusCom,2
70,Frisobotter,2
2279,FFF_Berlin,2
78,Saki_Umwelt,2
2799,news_nowgmbh.,2
2159,panter42,2
119,asg_news,2
115,okfde,2
2858,Stoewhase,2
2185,GruneLiebe,2
2849,BerndWa,2
2847,holgi,2
2846,Ohne_Georg115,2
2841,lindworm,2
4228,NilsInvest,2
2212,i_Peter,2
4230,pwerk01,2
104,Georg_Pazderski,2
4231,wudi161,2
2228,MBauchmueller,2
96,stadtkindd,2
2239,BMWi,2
2241,___n2k1,2
2243,s04paps,2
2247,PhilippLitz,2
2249,CpagSilala,2
2256,krautreporter,2
2263,Stadtwerke_KA,2
2710,RITTER_SPORT_DE,2
2395,carla_reemtsma,2
2148,gabonn,2
2531,WernerderChamp,2
2499,teslawelt,2
2503,CWRoehl,2
2621,cduberlin,2
2620,JM_Luczak,2
18,NurderK,2
2618,ZeitW,2
2510,a_braxes,2
2611,rbrinkhaus,2
2519,thuega,2
2529,jstammi,2
2530,whyvern,2
2532,SchneiderElecDE,2
2398,acatech_de,2
2600,Rainer_Klute,2
2595,greentardscycle,2
2544,CarFreiTag,2
2545,EmobilityEast,2
9,cantina_guy,2
2556,FH_Erfurt.,2
2583,"andre0john,",2
4,mikenolte_de,2
2562,Audi,2
2563,maxhaegler,2
2576,AnjaSiegesmund,2
2493,ElectrifyBW,2
2484,Nuklearia,2
2481,HenrietteReker,2
2643,MFZelinger,2
2698,SilFoiera,2
2697,amadedotch,2
2406,Denniste8,2
2407,hennerschmidt,2
2692,ewrflight,2
2689,CocaCola_De,2
2413,electricfelix,2
2421,BMW-Chef,2
2681,handelsblatt:,2
2679,clanmck,2
2676,klaushinrichs1,2
2430,FrankWunderli13,2
2673,MartinCJanssen,2
2436,LinkeMadeleine,2
2446,TimmermansEU,2
2456,Leyendakitara,2
2658,JKasek,2
2656,skB90G,2
2652,VDEinstitut,2
2465,socmed_fh,2
2650,FuestClemens,2
2467,RuckzudemStuhl,2
2468,JuiceTechnology,2
2155,SecretCoAuthor,2
2890,designwerkgroup,2
3189,LEE_NRW,2
3079,Paul_Ewe,2
1862,VDV_Verband,2
1863,BVG_Bus,2
1871,kimomed1988,2
1872,SecGranholm,2
3091,UlrichLange,2
1876,rolandweigert,2
3087,MiManske,2
3084,GdWWohnen:,2
3082,Janomine,2
3081,unge,2
3080,scheaaan,2
4190,DennisWitthus,2
1931,ulrich_leth,2
3073,schlingel,2
4191,siedhuss,2
180,Asolution89,2
179,CSaalmann,2
1912,anncathrin87,2
1913,schieritz,2
1916,rahmstorf,2
3058,stadtmobil,2
3057,tilbi,2
3055,EnergieSchweiz,2
3053,tonline,2
3103,PoterHairy,2
3105,UVEK,2
198,lumpi_00,2
3112,BSR_de:,2
1744,Elmal96,2
1745,saywhatuwanna1,2
1747,joergstb,2
218,fuecks,2
1765,vodafone_de,2
1768,inno2grid,2
1049,cmenschel,2
212,stadt_dresden,2
1784,mbroecki,2
3147,GrueneBW,2
3144,pwalowski,2
1804,reinerhaseloff,2
1805,tuessl,2
1807,RWE_AG,2
1809,GoeringEckardt,2
1811,ManuelSchuste11,2
204,BachmannRudi,2
1819,MaximalesD,2
1828,rawbowke,2
1831,aufnachmv,2
1834,jochenknecht,2
1838,iammteah,2
4180,Vivawest_Wohnen,2
1926,HelmutBuender,2
3048,StephanParlow,2
2894,golem.,2
2094,_MaxDev_,2
4216,Hilka1Hilka,2
2067,CHECK24_Presse,2
2068,check24de,2
2069,"CHECK24_Presse,",2
2070,Berlin_de_News,2
2073,nikbern,2
134,AsatothAbaddon,2
2950,Meyblaubaer,2
2949,ewbBern,2
2947,DeloitteDE,2
2945,OlafGersemann,2
2931,marsroth,2
1933,frischfuettern,2
2925,FischwaffeI,2
2922,HTWKLeipzig,2
2111,die_regierung,2
2917,tazgezwitscher,2
126,DavidDuhme,2
2122,prefec2,2
2125,HEA_de,2
125,t_losse_mueller,2
2133,2jas,2
2134,marco_tralles,2
2896,FunckyFranzy,2
136,MAN_Group,2
137,KerstinAndreae:,2
2053,"KVBAG,",2
138,DennySchmidd,2
1935,MaingauEnergie,2
1945,1v3833n7h3r3,2
1948,wuv,2
1949,StefanKaufmann,2
1953,CG_194,2
1954,Unstressed12,2
1974,BodoNoeske,2
4203,kramkr,2
3009,Clutter_Monster,2
1988,SDullien,2
3005,th_luebeck,2
1999,"OpelDE,",2
2000,presseunikassel,2
2013,AbHotten,2
2015,a_sator,2
2018,PaulZiemiak,2
148,Hadmut,2
2980,kischtrine,2
2039,BR24,2
2040,HSequenz,2
2970,Roland_84_E,2
142,fastned,2
141,ko_essen,2
1050,erlangen_de,2
1580,oida_grantler,2
696,Siemens_SFS,2
4010,helsoeste,2
502,hans_denkt,2
3903,ergroovt,2
3786,sven_zurich,2
3957,fridaysvib,2
968,Autobahn_Bund,2
656,DennisKBerlin,2
4009,l_m_s15,2
965,IngoBehne,2
754,Ford,2
964,BMDV_Bund,2
3841,GiverSteve,2
960,FDPHessen,2
659,DieroteZora3,2
742,wunder2welt,2
3961,StadtReutlingen,2
856,ChPeter_AT,2
646,Eurelectric,2
643,AEnergiepolitik,2
3728,ElectrifyAm,2
829,jochensiegert,2
442,DerDanyal,2
822,olewin,2
3687,SchoeferMichael,2
824,ManuelaSchwesig,2
770,schnellladepark,2
3827,LexxLeo1,2
3919,gruendermetro,2
765,bEEmerkenswert,2
843,dieLinke,2
1001,HH_BWI,2
4044,WhileWeAreAtIt,2
834,EricBoetie,2
762,ClusterAuto,2
760,J_DuerrPucher,2
635,OEAMTC,2
3710,gloriamue93,2
859,Plugn_Roll,2
952,AnkePlaettner,2
780,rightrelevance,2
471,MarcoBuschmann,2
3968,fairkehr,2
3763,northkap,2
689,DaimlerTruck,2
3744,bund_net,2
891,baerbelgomez,2
922,JanAlbrecht,2
921,autofreiberlin,2
4027,SarajevoBiH1,2
931,KSTA,2
895,derGerfried,2
3873,neulich_an,2
481,moritur_et_ride,2
907,oekomobil,2
699,euryeuro,2
478,avbelow,2
701,rbock9,2
3880,Marcmansons,2
549,fahrIehrer,2
3964,ZfK1,2
726,meyerkerst,2
950,RZitelmann,2
949,Leo_Proettel,2
736,teslamaniacs,2
3780,"Opel,",2
3731,lukas_hammer,2
729,dcs_global,2
943,martinpallmann,2
866,RuisingerR,2
3855,maxi_muell,2
724,faznet:,2
674,traufetter,2
3735,derspiegel:,2
487,AbteilungArchie,2
875,knarf_e,2
486,energy_charts_d,2
3772,O_Arnhold!,2
3800,HansDellenbach,2
541,sigismundf,2
479,d4_fishman,2
581,Klimaliste,2
817,Hi9hTecker,2
3939,GLSgiroe,2
435,Adrian_Willig,2
3989,constanze_wo,2
1023,ehi_org,2
3677,SPIEGEL_Auto,2
1040,emcaustria,2
3822,SchwarzerKorsar,2
3928,Raider_MXD,2
526,madmaks073,2
783,jens_tartler,2
527,Brummelbr1,2
3815,DennisKopljar,2
433,larsReimann2,2
818,flotte_de,2
794,SMWA_SN,2
520,acv_de,2
605,Hellinvernel,2
2927,chargeIT_,1
2937,ASzigetvari,1
3856,ehpabrussels,1
2935,binneboessel,1
2936,dsgv,1
2921,virtagmbh,1
3099,heimbergecon,1
2938,LukasSustala,1
2920,TZierul!,1
2939,FrankenGerd,1
2940,MaDe58782912,1
2941,BerlinerClausi,1
2919,PricelessPlanet,1
3100,GerhardStelzer,1
4219,50komma2_tweets,1
2934,m_hoenisch,1
4218,AHW_Wasserkraft,1
3853,torstenherbst,1
2933,BothDev,1
2932,BVB,1
4184,Grnfink2,1
4183,klippiw,1
2924,Artur67209483,1
2942,FTausendteufel,1
2930,osanten,1
2929,ER_Stadtwerke,1
3816,froileinmueller,1
2928,"ladeverbundplus,",1
2926,virtaltd,1
3102,zerstorer86,1
3854,Elfenbeauftrag1,1
2948,CO2GesetzJa,1
2943,etronaut,1
3094,StolzenburgUli,1
3847,MahalbasicHalid,1
2955,pvmagazine_de:,1
2956,DocHappy2,1
3093,sashlanger,1
2957,saki_statement,1
2958,SpiegeleiVegan,1
3092,UlrichLange.,1
4185,thomasrauh,1
2959,DanielSagesser,1
2960,archang3l_media,1
2961,"RegierungBW,",1
2962,matzeman,1
2963,maxhartbauer,1
2964,GregJoHil,1
3846,h0_stefan,1
3818,pkrohn1,1
3991,OlafLies,1
3977,sec_dorothea,1
3848,ozaed,1
2944,Konsver,1
3849,vzbv.,1
3098,RobinBrooksIIF,1
2946,drzberlin,1
3975,AlineOzturk3,1
2918,SparkasseHanau,1
3817,NatalieAmiri,1
4217,peterunfried,1
3992,DLR_de,1
3852,Umweltnews,1
3097,ojblanchard1,1
3976,contra_hoch10,1
2952,wiwo:,1
3096,StefanKooths,1
2953,igembb-Talk,1
2954,Spacewell_GER,1
3851,Mattes_67,1
3095,OliverPicek,1
3850,klotzbrocken,1
3857,mrohrlack,1
3104,opendataswiss,1
3858,BS_Energy,1
2891,beidefische,1
3971,koebi0711,1
2880,z3r0dy,1
2881,stadt_wuppertal?,1
3868,trendsblog,1
3114,silvan_theiss,1
3812,LandkreisRoth,1
2882,Stadt_Wolfsburg,1
2883,Swisscom_News_d,1
4223,greenoid_de,1
3867,azechbauer,1
2884,Hubject,1
2885,saascharge,1
2886,ifmelectronic:,1
2887,JoltEnergyGroup,1
2888,WebastoGroup,1
4222,AndreUnikat,1
3866,ssstonie,1
3115,ingonymous,1
2878,noack_marc,1
2877,ifmelectronicde-Gruppe:,1
2868,telepolis_news,1
3116,sonnabend,1
2862,JanGeorgPlavec,1
2863,stuttgarttweets,1
2864,PoLILYtik,1
2865,Rahj8,1
2866,Quadnt,1
2867,kfz_betrieb,1
2869,ecomento_de.,1
2876,Total,1
2870,PictetAM–Clean,1
2871,HubertBoth1,1
3869,AldiNordTipps,1
4179,AHildebrandt70,1
2873,PaulWag75465328,1
2874,FVBiogas_PRESSE,1
2875,tliff,1
3865,FreyrSiegfried,1
4221,"TamaraZieschang,",1
2916,ThanloSir,1
2892,KlimalisteB,1
3859,BS_Netze,1
2904,IeEnerg,1
2905,50hz,1
3107,zickenbandiger,1
2906,energiedienst,1
2907,taschenorakel,1
3973,treptauer,1
3106,"BMWI_bund,",1
2908,SWP_Potsdam,1
2909,achimh,1
3974,SatcadirAaron,1
2910,MSDanielM82,1
2911,Nordstadtblog,1
2912,WZB_Berlin,1
2913,FranziskaGiffey,1
2914,Katina_Schubert:,1
2915,kaiwegner:,1
2902,BCG.,1
2901,StreetScooter_,1
4182,WattFahrer,1
2898,voltampere1,1
4220,Thomas_Bareiss.,1
4181,MvonMauschwitz,1
2893,autofrei_leben,1
3863,AdrianAulbach,1
2895,Caritas_web,1
3862,WHZ_Zwickau,1
2897,FutureMarsian,1
2899,ChristophSeile3,1
3860,oeamtc,1
3113,pstnrt,1
3813,IONI_zed,1
3111,Juerg_Grossen,1
3110,mueller_andi,1
2900,ZeroMC,1
3861,132Xenon54,1
3814,MTHei,1
2965,EUauditors,1
3068,Bugspriet,1
3978,PCWELT,1
3042,AutoMattern,1
3033,normschumann,1
3034,PeterBorbe,1
3035,MobilityDaimler,1
4199,_graciosa,1
4198,bubo_corax,1
3831,VBruttel,1
3830,LichtBlick_de!,1
3036,christian_zchr,1
3037,jglplu,1
3038,zentralplus,1
3980,stadt_kiel,1
4197,a_pinkwart?,1
3077,lagohr,1
3981,CDUBerlin_AGH,1
3039,Gruene_LU,1
3040,RolandBarta1,1
3041,ecrossgermany,1
3032,BabettMohr,1
3031,Kaeptn_Obvious,1
3030,PolizeiMannheim,1
3022,Maurice_Conrad,1
4189,stwboerse,1
3018,Studis4FutureDE,1
3019,ExtinctionR_DE,1
4202,amsonline.,1
3832,CargoBikeJetzt,1
3020,Ende__Gelaende,1
3021,NickHeubeck,1
4201,trendresearchDE,1
3029,Rheingau_Kult,1
3024,TechemDE,1
3025,michahohenadler,1
3026,budgaard,1
3027,Scharfensteiner,1
3028,Stadt_Eltville,1
3078,jstnkoe,1
4200,Airbus,1
3076,PeterMusseleck,1
3075,chemnitzgruene,1
3016,Hervol1,1
3043,PommesKatz,1
3984,BThuroe,1
3825,DHBW_Karlsruhe,1
3985,DieStubenfliege,1
3059,Tenzenzoma,1
3986,DJanecek,1
3060,SchmezerUeli,1
3061,TeslaClubCH,1
4192,emobicon,1
3824,SetfloR,1
3987,ZF_Konzern,1
3070,iota,1
4193,WernerFuchs_CH,1
3823,FraunhoferIFAM.,1
3064,Mller82133940,1
3065,Dr_Physikus,1
3066,corwin42,1
3067,igwigg,1
3056,fdp_durlach,1
3983,Mayer0077,1
4194,erlangen_de.,1
3829,Tulubay1,1
3044,lordxxl,1
3045,Dneu869,1
3046,grafjo,1
3074,smokerle,1
3982,thomsen_jp,1
3988,berndsonneck,1
3047,_Gelsenkirchen_,1
3828,TheICCT,1
3071,DomSchiener,1
3072,al_x_mq,1
4196,Eiertest,1
3050,"ShareNow_global,",1
4195,rembrandtEnergy,1
3051,Superutz,1
3052,jungerhmb,1
3826,FraunhoferISI-Studie.,1
3017,klimapraemie,1
3015,ZordidMuc,1
4215,LN_Online,1
2992,CucinaCasalinga,1
2979,stadtmobilSueBa,1
3842,APVogt,1
4214,__Knut_,1
4213,connymel,1
4212,vaillant_de,1
3088,KEMETCapacitors,1
2983,_Kati1996_,1
2984,LeLacht,1
2985,te_poztlan,1
2986,t3n.,1
2987,geekodernerd,1
3086,iwonalaub,1
2988,KeinSupermarkt,1
3085,AndreasZommer,1
2989,excellensa,1
2990,_kid37,1
3840,DanielB84206582,1
2978,AFPde,1
3089,LinkedIn,1
3990,St_Gemmel,1
3844,tatentschluss,1
3979,dregelies,1
2966,havellanderin,1
4186,SchoenMuc,1
2967,Pierre_politics,1
3069,elaadNL,1
2969,DanielOehlmann,1
3845,BawiTeBirim,1
3090,wdealers4,1
2977,nikiphedia,1
2971,StadtLinz,1
2972,RKemmeter,1
3843,UdoObst,1
2973,Mo40023501,1
2974,Atze08497950,1
2975,the_fesxh,1
2976,FrsnkRS77,1
2991,EricvonJordan2,1
3839,Hmfr,1
3833,whaddayathink,1
2861,kesseltv.,1
3004,FraunhoferISIT,1
4206,vecartec,1
4205,ms_bridgetb,1
3835,Angelazem,1
4204,mart_di_be,1
3821,meierj8:,1
3006,"StromnetzHH,",1
3007,eeMobilityGmbH,1
3008,Cluster_IT_MD,1
4187,KohlmeierSPD,1
3834,BWEeV,1
3010,PeterWenke,1
4188,ole_vwdilab,1
3011,BoehringerDE,1
3012,Gernot,1
3013,jens_blume,1
3014,HEAGmobilo,1
3003,fh_kiel,1
4207,simonschlauri:,1
3836,KafsackPhilipp,1
2999,Lingen1,1
3838,RPleschka,1
2994,Friday4Hubraum,1
2995,Handelszeitung,1
2996,Swiss_eMobility.,1
2997,"joinClubhouse,",1
3819,simonschlauri,1
4211,Koeln.,1
3083,Elektronikauto,1
3837,Saxony5_,1
3000,Lingen_Fehler,1
3820,MartinaMunz,1
4210,LANXESS_DEU,1
3001,elmovan1,1
3002,itemsland,1
4209,SPDratmg,1
4208,GrueneMG,1
2968,sascha1352,1
4059,kaiwegner,1
2860,ententonne,1
4271,Bundeskartellamts,1
2662,Pookster1963,1
2663,lobstergodess,1
2664,Barook1985,1
3953,tobwil246,1
2665,sunny_sommer,1
2666,Frederi04925689,1
2667,yves_venedey,1
2668,StefanSasse,1
2669,GoldbachFelix,1
2671,KayserAnita,1
2713,TEAG_info-Tochter,1
2672,CarloBaumgartne,1
4270,e4Testival,1
3954,pfeisi,1
4269,Axel_Energy,1
3914,CM_InnoEnergy,1
2674,mcgarrettcj,1
3913,WDRinvestigativ,1
2675,Peter_Nater,1
3955,graf4_heilig,1
2661,Torsten_Weil,1
4272,hubersuhner,1
4273,hachtl1,1
2660,erzgruen,1
2645,peaqenterprise,1
2646,emptysignifier,1
2647,Dergoran,1
2648,igorpianist,1
2649,LarsBStern,1
3921,_paulwetzel,1
3920,TobiasBruewer,1
3918,LiterallySimon,1
4275,monnemfirst,1
3917,ElektrischLaden,1
2653,der_fisch001,1
2654,Elbeelfe,1
2655,thomaskunz,1
3916,JuggerOni,1
2657,greftwest,1
3915,Deutsche_Wohnen,1
3952,LosWochos,1
2659,Brennpunkt6,1
4274,thorstenbruns70,1
2677,MasseyFriend,1
2678,ADrittner,1
3912,DasRatchetYT,1
2696,MFrauchigerSVP,1
2699,SPIE_DZE,1
3904,FlorianDoellner,1
4264,xthehomer99,1
2700,jetzt_ischs_he,1
3956,rethink_x,1
2701,KMichael91,1
4263,HackeDetlef,1
2702,Telfreak,1
4262,BundestagFragen,1
2703,wbcsd,1
3902,beibootpetri03,1
2704,RealRusty,1
2705,HelmutSchwan,1
2706,Torsten_Oertel,1
2707,ainyrockstar,1
2708,MSeitl,1
4261,igt_matti,1
3901,supinoki,1
3958,Mats82021380,1
3905,maxOLAR1,1
2695,Lou62039422,1
2680,giselawehrl,1
2694,ChStampfli,1
4268,EichholtzAlex,1
4267,felixloe,1
3911,Floryus2,1
3910,olb_b,1
4266,SylK1966,1
2683,EdwardRemusL,1
2684,marceselvis,1
2685,Chargepoint,1
2686,Lumumba03748580,1
2687,Schwaebische,1
4265,Steinfireflint,1
3909,Meckermieze1,1
2688,StaedtetagBW,1
3908,Bernhar54334227,1
2690,MoritzVargas,1
2691,J_Liberalismus,1
3907,Joerg_Meuthen,1
3906,4linblue1,1
2693,UVBberlin.,1
2644,sandra_weeser,1
3922,rkleipzig,1
2642,Tobiter2,1
2590,JKugoth,1
3948,WMassag,1
3937,TagesschauVor20,1
2592,beckersstef,1
2593,OlafKortluke,1
2594,pr3mut05,1
3936,royandmorty,1
2596,thinks_about_it,1
2597,naveedmalikk,1
2598,gischro74,1
2599,Sventastic_78,1
3949,Alleswirdgut72,1
2601,Dewezet,1
2602,RheinMain_HS,1
3935,maxccastelli,1
3934,KoeppelRoger,1
4281,wanderwitz,1
2603,PlahrAl,1
2604,koeln,1
4280,Freizeitgraf,1
2591,Stadt_Wiesbaden,1
2589,Philipp79148686,1
2606,WinneHermann,1
4282,Sunshine010981,1
2574,_klimanotstand_,1
3944,echseBerlin,1
3943,krasmanalderey,1
2577,"flinkster_de,",1
2578,SWE_Erfurt,1
2579,esser_gdw,1
3942,bitsundso,1
3941,"WeShare_DE,",1
2580,teslamarcus1,1
2581,osim457,1
3945,InnoTrans,1
2582,eugen707,1
3940,DKVmobility,1
3946,Patrick_Kurth,1
4283,Solarfighter,1
2584,teamdpara,1
3947,FlixBus_DE,1
2586,BeatBalzli,1
2587,Theben_AG,1
4279,TomAdlerStgt,1
4278,axel_hag,1
2641,ZalosnaSova3,1
2625,TimKing60084996,1
2627,AntonGottschalk,1
2628,JLengenfelder,1
2629,Un_h_eilige,1
3926,pkreissel,1
2630,allianz_de,1
2631,HW_Possibilist,1
2632,st_klaene,1
2633,de_DrOwnz,1
2634,ufoludek21,1
2635,LaDolceVita2262,1
2636,herthabscler,1
2637,JH0712,1
3925,ZwitschertFrank,1
2638,martinkoehlerMD,1
3924,dirkaufsee,1
3923,RenateKuenast,1
2639,_richtig_falsch,1
2640,tapir_mit_maske,1
4276,MangaVenaqui,1
2626,fms_munich,1
3927,ProfGuidoKuehn,1
2607,aeaktuell,1
2624,LSkyvodka,1
2608,VDIVDE_IT,1
3933,AleHaeu,1
4277,koinno_bmwi,1
2609,INSMPresse,1
2610,insm,1
3950,HeinzeParsifal,1
2612,larsklingbeil,1
2613,Strack_C,1
2614,Sandravdeste,1
2615,AnnasBackwelt,1
3932,joenuc,1
2616,wallboxchargers,1
2617,Solokrieger,1
3931,christina_phi,1
3930,energisch_,1
3929,LinusPingvin,1
3951,Mr_Trebron,1
2622,wiese_r,1
2623,netsociology,1
2712,GISA_GmbH,1
2714,homtec,1
2859,Quasseltier,1
2818,rbbinforadio,1
4242,VollzeitJonas,1
2812,SjvTesla,1
2813,TeslaOwnersEBay,1
2814,MyTeslaAdventur,1
2815,OCTeslaClub,1
3881,tsystemscom,1
2816,teslaclubsocal,1
4241,nerdtweet__,1
2817,TeslaOwnersNBay,1
4240,TamaraZieschang,1
2715,EnBW:,1
3969,DanyWagner_DA,1
2819,KatvSiegen,1
3970,Schienenallianz,1
4239,keklumpp,1
2820,AKS03350356,1
4238,CM19330650,1
4237,ChristofStelma1,1
2822,NielsAnnen,1
2823,Die_Autolobby,1
2810,Markus__Lanz,1
3967,Schaun_mer_mal,1
4243,michael_lgg,1
2808,"ZVEIorg-Geschäftsführer,",1
4247,TMueller_Wue,1
2794,ostfaliarz,1
2795,MinCritical,1
2796,MichiDaet69,1
2797,Markus_Krall,1
2798,Zugschlus,1
3885,GACCWest,1
2800,ahoch3_augsburg,1
4246,ReneHesse,1
2801,opdi_tex_GmbH...,1
4245,stadtregensburg,1
2802,dertristan1,1
2803,transenv.,1
2804,lisapaus,1
3884,GSL_eV-zertifizierte,1
2805,katdro,1
2806,LeFetaestSuperb,1
3883,abgehxben,1
4244,stefanburgernet,1
2824,bmwi,1
2825,KfW_FZ_int,1
2826,HeikeRibke,1
2840,TimSchoolmann,1
2842,Ben_Pfluger,1
2843,adri_mls,1
2844,Christi89994998,1
2845,DerKatzenfuerst,1
3872,AmazonNewsDE,1
4227,_SCHMIDT_JO,1
3871,HoSe21244,1
2848,Krabbinski,1
2850,marcel_lehmann1,1
2851,_14223,1
2852,ADFC_Pankow,1
2853,jensspahn,1
2854,TU_Muenchen,1
2855,ChrHaendel,1
4226,eMOVEwiesbaden,1
2856,elhotzo,1
4225,rogoering1,1
3870,berlincityblues,1
4224,OZlive,1
3117,NicErzer,1
2839,henhman,1
3878,Tippling,1
4229,IneskoNRW,1
4236,wadenzwicker,1
4235,Captain__Stark,1
2828,IVV_Magazin,1
4234,Bertmwalther,1
4233,TommieBatchies,1
4232,GroupeRenaultEV,1
3877,zeitonline:,1
2829,GrueneVictoria,1
3876,asfinag,1
2830,wer0744,1
2831,dorloechter,1
2832,peaqtechnology,1
2833,MpStephanWeil,1
2834,mdr_th,1
3875,BZPorg,1
3874,Glasmerleperle,1
2835,PaulWeinzierl,1
2836,HolgerKuhlmann,1
2837,swkkrefeld,1
3886,DWV_H2,1
3966,SachsenInBerlin,1
2793,100erneuerbar,1
4257,rock_fdp,1
2739,elonmuskssohn,1
2740,gzulrich,1
2741,sachsenanhalt,1
2742,RL_Institut:,1
2743,weedukind,1
2744,taponedamage,1
2745,Picklep83333900,1
3898,SofaMiri,1
3897,PreusslerBerlin,1
2748,Matrazh,1
4256,NIOGlobal,1
2750,ThomasScheffer3,1
2751,doppelgrau,1
2752,Scaramouche1989,1
2753,the_audience,1
2754,TinaRiedel3,1
2755,"bdew_ev,",1
2756,"bgl_logistik,",1
3962,thuega.,1
3899,schmidt_chen,1
2735,evbox.,1
2759,ZeynepGcbilmez1,1
2734,ENGIEgroup,1
2716,SWARCO_AG,1
4260,KlrchenKlabust1,1
2718,EnBW-Entscheidung,1
2719,Palaeo3D,1
4259,becker_meister,1
2721,Tzierul,1
3959,Lanyihunter1,1
3900,alexhorner2002,1
2724,Julius1977,1
2725,Elmar_Iachi,1
3960,margitfeierabe1,1
4258,GrazStadt,1
2727,pawu76,1
2728,tudelft,1
2729,EANRW,1
2730,Astariel_,1
2731,Anders17Sven,1
2732,PiratKSegatz,1
2733,"SiemensInfra,",1
2758,DgsTraining,1
2760,MichaelHK18,1
2792,Mobility_Suisse-Geschäftsführer,1
2781,BdSteuerzahler,1
3892,annette_kempf,1
3965,fabianhaun,1
2782,HeinerSommer,1
2783,vznrw_energie,1
2784,RenewsTweet,1
2785,LTE_Max,1
3891,P_Graichen,1
3890,SmartCountryCon,1
2787,Electromaps_DE,1
4250,TheDriveryGmbH,1
4249,jens_tartler.,1
2788,electromaps,1
2789,YvC_77,1
2790,ecoGP_de,1
4248,MichaelTh26,1
3889,pressebrh,1
3888,DB_Bahn:,1
2791,stangl_a,1
3887,Airbus-Chef,1
4251,arne_s_punkt,1
3893,Eclipseina,1
2761,Peter_Edtl,1
2780,littlewisehen,1
2762,TsiJulian,1
3963,USTART_de,1
3896,rt_mittelhessen,1
3895,AngieStone_,1
4255,ChargePointnet.,1
2767,DanielaOrdowski,1
2768,IASS_Potsdam,1
2769,OekumenischerKT,1
2770,kirchentag_de,1
2771,buwuppertal,1
2772,badstaffelstein,1
3894,berlars,1
2773,WandNoah,1
4253,rblasig,1
2775,BSchlaepfer,1
4252,agoraverkehr.,1
2777,MOIAmobility.,1
2778,alles_fliesset,1
2779,PoebelNetti,1
3993,0EmissionCar,1
3807,CarstenDierig,1
3118,musibaettu,1
3498,DerContinental,1
4104,rv_enigma,1
3500,autotestsonline,1
3501,Pader_Wahn,1
4103,kinderdok,1
3729,BMVI?,1
4102,Berlinator1,1
3727,RL_Institut.,1
3502,AndreasFiebig1,1
3503,QuadroTeen,1
3504,prinzessinrena,1
3505,Shell_Germany-Ladesäule,1
3506,Ottostadt.,1
3726,Tesla-Kunden,1
3507,metzger_bernd,1
4101,Duesseldorf.,1
4100,ch_dammermann,1
4099,Koivaner,1
4098,AEWEnergieAG,1
3509,Sascha2508,1
3499,cityinmotion1,1
3497,whataboutthism,1
4036,BudgetDE,1
3496,"Shell_Germany,das",1
4108,axel_gutmann,1
3482,KrusekopfD,1
4107,mochiavelo,1
4034,bauchhaus,1
3733,ntvde:,1
3732,michelreimon,1
3484,_danielheim,1
3485,unperfektfrau,1
3486,karlakueken,1
3487,DoNuT_1985,1
3730,EnricoTokar,1
3490,chargeprice,1
4035,AvisDE,1
3491,oekonewsat,1
3492,bmk_infothek,1
3493,renehoehle,1
3494,5737ra,1
3495,Tesla|s,1
4106,coach_end,1
3510,MB_Press,1
3511,BurkhardRi,1
3480,DonDahlmann,1
3720,wdr5,1
3529,CHIP_online,1
3530,"wolfgang_gomoll,",1
3531,BeryllsStrategy,1
3532,rotterdam,1
3533,spreeblick,1
3534,NicoSchurr,1
3535,ReineJumelei,1
3536,narrhallamarsch,1
3537,"NATURSTROM_AG,",1
3538,zukunft_erdgas,1
4095,EnFreKo,1
3539,GAZPROMGermania,1
3540,Dwintershalldea,1
4094,clairdelalune1,1
4093,CharlyKuehnast,1
3541,"EWS_Schoenau,",1
3719,wdr,1
3542,"greenpeace_nrg,",1
4092,handwerk,1
3528,"sternde,",1
3527,"focusonline,",1
4037,E_WALD_GmbH,1
3526,TrullaCouch,1
3512,ZackZackZack4,1
3725,tuevnord,1
4097,SpaceForFuture,1
2572,HNA_online,1
3724,Pietbull47,1
3514,WifoeDresden,1
3515,StadtZwickau,1
3723,stefan_ehlen,1
3516,LadeEngel,1
3722,nasanasal,1
4096,Iceskiff_Limeoh,1
3518,Lucia.,1
4038,TankundRast.,1
3520,macinthemiddle,1
3521,wenzel_joachim,1
3522,_HeadCrash,1
3721,Woculus1,1
3524,OstholtRalf,1
3525,robintvblau,1
3481,robinthschaefer,1
3479,gutjahr,1
3410,00m0ve,1
3749,"radioeins-""Sonntagsfahrern""",1
4028,heutejournal,1
3429,NerlichMichael,1
3747,Berlusconii1,1
3746,Sebastian_hurra,1
3745,Dlf_Forschung,1
4120,ATrumpfheller,1
4029,freaqa,1
4030,lyncgeek,1
3437,JanBarkmann,1
3743,bdew_ev-Laderegister,1
3439,wusel,1
3440,Katojana,1
3441,OekoKetzer,1
3442,fagri,1
3443,BerndRae,1
3444,cheetah_spotty,1
3445,Markus306,1
4119,ndrmv,1
3742,GrueneFraktionB,1
3748,larszimmerm,1
4026,derInnensenator,1
3740,electrifyam,1
3424,tobiaswatzl,1
3753,NowaboFM,1
3752,Nexiga_GmbH,1
3751,horvathpartners:,1
3750,radioeins⁩,1
3411,areacode030,1
3412,bitterlemmer,1
3413,ElectriveNetLive,1
3414,"cem_oezdemir,",1
3415,SteffenBilger,1
3416,FAZ_RheinMain,1
3417,fnp_zeitung,1
3418,journalffm,1
3419,KreisSoest,1
4121,EskiaSasken,1
4024,SoerenBenn,1
3421,Vestische_Info.,1
3422,CIRRANTiC,1
4025,JuStPankow,1
3423,LudegoEV,1
3741,nicolabeerfdp,1
3447,RTyborski,1
3478,julia_holze,1
3462,Tania_Ottobrunn,1
3463,KilianKorner,1
3464,AdrianWeindler,1
3465,TobiElectrified,1
3466,FEAAMGmbH,1
3467,founders_unibw,1
3468,ZwieZimmer,1
3469,mortsiefer1,1
3470,bela_bach,1
3471,csu_bt,1
4111,Alexand23573402,1
4110,ambitux,1
4109,Lodenstwitt,1
3473,best_benjamin,1
3474,KnorDavid,1
3475,fre_rud,1
3734,d_zygmont,1
3476,Waldkreis,1
3477,JohannesThema,1
4033,ziromr,1
4112,bottrop,1
4032,DerWachsame,1
3448,aboomination1,1
3461,ksta_koeln,1
3739,Klaus,1
3450,Macintosh1968,1
4118,pvbuero,1
3451,Eifach_,1
3452,frau_johann,1
3453,WhiskyJB2,1
3454,bglaettli,1
3738,Martin,1
3455,Franke_FDP,1
3456,HinweisWichtig,1
3457,GuntherSchnabl,1
4117,MBajusB,1
3737,Tina,1
3736,stephanweil,1
4116,JurgenWiertz,1
4115,MarceWinter,1
4114,Kalle75291704,1
4113,der_bienenonkel,1
3460,SaschaSchwarzTV,1
3543,FranckenJosef,1
3544,maternus,1
3718,tierscooters:,1
3620,PKHH_,1
3621,Ingrid_Remmers,1
4073,journelle,1
3681,AndiBohl,1
3624,smukster,1
3625,RAIP03501548,1
3680,loeppel,1
3626,tom_krebs_,1
3627,katschuler,1
4072,AutoEngineerD,1
3628,SBachTax,1
4071,AnjaSiegesgmund:,1
4070,jenalichtstadt,1
3679,Der_VDIK:,1
4069,"Kur_Langensalza,",1
3629,KatharinaREU.,1
4068,pink_paul05,1
4054,TinoSchopf,1
3630,tagesschau!,1
4067,FamilieZoe,1
3682,guenschl,1
3683,SusanneSCHAFFE2,1
3678,NetzeBW:,1
3684,CSchwenniger,1
3604,RRMeyer2,1
3689,Wirtschaft_bpoe👇,1
3688,"BrauneOliver,",1
3607,3811015,1
3608,traegtmaske,1
3609,DieHumanisten,1
4076,BVG_Kampagne,1
3610,HShumanist,1
3611,ICRP,1
3612,PrincePersia777,1
3613,jcfrick,1
3614,jouwatch,1
4051,"Duesseldorf,",1
4074,kromaene,1
3615,"StefanGelbhaar,",1
4052,OB_ThomasGeisel,1
3686,b_gabelle,1
3685,EmmaPeel_Knight,1
3619,bdew_ev-Analyse,1
4066,madsack,1
3676,AfDimBundestag,1
4091,Herrndorf,1
3671,KfW-Förderprogramms,1
3653,RailyRick,1
3654,WernerGoehl,1
3655,ws_thueringen,1
3656,hrinfo.,1
3657,juergen_hasler,1
4062,wilddueck,1
3658,handelsblatt.,1
3659,AWM_Muenchen,1
3660,3_mann,1
3661,OsborneClarke,1
3662,RichardSteidel,1
3669,Aureliius,1
4056,GretaThunberg,1
4057,EV_Stevee,1
4058,GRlNDMAST0R,1
3663,speis_oo,1
3664,CheckYourInfo,1
4060,lordknolldemort,1
3666,MartinhoSilves,1
3670,willsnone,1
3651,BMVI:,1
3634,BetzTobias,1
3672,sbbnews,1
3635,"BetzTobias,",1
4065,morellwest,1
3637,swisstopo,1
3638,ErfurthJens,1
3639,KrautJosef,1
3675,Elektro_Robin:,1
4064,Sl4pTrap,1
3641,JoStowasser,1
3642,WDR2,1
3643,CDUNRW_Fraktion,1
3644,akk,1
3674,RippelMarkus,1
3673,bikemaikinfo,1
3646,rponline,1
4055,"staedtetag,",1
3647,spd_fraktion_nw,1
3648,ketoman25,1
3649,lahndillkreis,1
3650,mittelhessen,1
4077,BSR_de,1
4050,"StadtLeipzig,",1
3690,wdr2,1
3714,Somebody08151,1
3562,chris_d77,1
3563,mschmidtxr1,1
3564,0711_TomED,1
3565,StadtwerkeStgt,1
3713,C_A_Mayer,1
3712,sven_lierzer,1
3711,VolkerR5,1
3567,sinalk97,1
3568,skeeve1970,1
3569,derSigiman,1
3709,Nobodys85519949,1
3571,pdfkungfoo,1
3572,"AllegoCharging,",1
3573,TschenPe,1
3574,Peacecamper,1
3575,MunichRe,1
3576,eu_skinny,1
3577,extra3,1
3578,tronicum,1
3561,schiebde,1
3560,ifok_de,1
3602,JoacimKreutzer,1
3559,cklasen,1
3545,cd_etc,1
3717,Sebasti88885010,1
3546,Esso_DE,1
4090,"ewbBern,",1
3547,TommesR,1
3716,DerMittelstand1,1
4089,Mobility_Suisse,1
3548,SWallerus,1
3549,KielDolphin,1
3550,Hertz,1
3715,pfenicck,1
3551,polirealm,1
3552,dieklimawette,1
3553,ellamaus15,1
3554,NicolasSustr,1
3555,ndaktuell,1
3556,hannover_messe,1
4088,BerlinRene,1
3558,Vestas,1
4039,Tobias_B,1
3708,derspiegel-Interview,1
4040,Norden271,1
4041,IGMetall,1
3695,HelloEuromat,1
4046,asltf,1
4079,bindermichi,1
4047,sunrise2w,1
4078,CyrillSchmid,1
3694,labruunt,1
3592,dmdrogeriemarkt,1
3593,ThomasGrafe4,1
3594,dm_drogerie-Märkte,1
3595,uransoft,1
3693,MrXlix,1
4048,"Yole_Dev,",1
3692,KlausMindrup,1
3597,icke2AIDA,1
3691,Andreas_Rimkus,1
3599,DominicBarden,1
4049,elektroniknet,1
3600,tuedelkopp,1
3601,otte_heinrich,1
3590,LavendelLara,1
3696,EP_Environment,1
3589,gerhard_speck,1
3583,VerkehrNRW,1
3706,"VWGroup,",1
4042,kliehm,1
4083,schwa65,1
3705,"RWTH,",1
3704,"FunckyFranzy,",1
3703,Zeit,1
3582,Mennekes_Tweets,1
3702,SZGipfel,1
3701,SPDBT,1
3697,CDU_CSU_EP,1
3700,H2_MOBILITY_DE,1
3699,KASonline,1
3584,jwinterhagen,1
3698,EPPGroup,1
4043,bettinamutter,1
3586,"cducsubt,",1
3587,mobltcamp,1
3588,rathfux,1
4123,aquamaler,1
3409,jamomachts,1
3119,FurbieMiller,1
3202,matz_peter,1
3204,Spritplus,1
3205,Hessen_Agentur,1
3206,klaus66online,1
3207,Esda72451785,1
3208,fbrantner,1
3209,cdubw,1
4161,castor_stoppen,1
4005,elmar_buss,1
4006,Panthea2019,1
3212,"Bettina_Jarasch,",1
3213,SilkeGebel,1
3214,"RegineGuenther,",1
3215,realMaxBe,1
4160,Unplugnukes,1
3217,HH_BWI.,1
3218,TorstThe,1
3219,CDU_BW,1
3220,CDU_BW!,1
3221,"TZierul,",1
3203,KayaKinkel:,1
3791,pstaehler,1
3789,_holger,1
4162,Jochen_Stay,1
4002,kfzplatzer,1
3191,eswe_versorgung,1
3797,AZ_Augsburg,1
3192,philodem,1
3796,MAHLEGroup,1
4163,HeinzSmital,1
3795,TeleboyCH,1
3194,FMeyerKR,1
3794,Blickch,1
3793,spdde.,1
4003,news_nowgmbh).,1
3195,BoehmerNicolas,1
3196,detektorfm,1
3197,ebonyplusirony,1
4004,AvaconAG.,1
3792,campaigning,1
3198,AccentureDACH-Experte,1
3199,JudithSkudelny,1
3200,polarstern_nrgi,1
3790,PhoenixContactV,1
3223,mgns,1
4001,ibeor,1
3244,schlozzer,1
4156,IPPNWgermany,1
3245,BangertNorbert,1
3246,Thomas_Willner,1
3247,Latenightblock,1
4155,trebronbo,1
3250,raschnzz:,1
3251,hotellerie_de:,1
3252,HeikenJens,1
3785,"hvormwalde,",1
3254,hmmuenchen,1
3255,_4impact,1
3256,Bayernwerk,1
3257,DH8GHH,1
3258,HolgerSmmer1,1
4154,Spanni11,1
3784,EinOstfriese,1
3261,SiggiSGE,1
3262,TorstenDaerr,1
3263,mzjacobson,1
4008,okonokos78,1
3243,CarstenPaul1982,1
3224,floburkhardt,1
3242,alex_avoigt,1
3225,klimafonds,1
4159,AndreasWinckler,1
3788,rsusr003,1
4007,feldafinger,1
3228,BEA_Energie,1
3229,morgenpost.,1
3230,Frank_GIROD,1
3787,FEGA_Schmitt,1
3232,LinaBrunnee,1
3233,JGemassmer,1
4158,HJFell,1
4157,ausgestrahlt,1
3234,Karl_Peterso,1
3235,wf00757575,1
3236,AndreasSturm01,1
3237,Werner_Mo,1
3238,psychomaennchen,1
3240,Ur_Wind,1
3241,RSchottl,1
4164,IPPNW,1
4165,BjrnPeters3,1
3754,FrankMankel,1
3809,jonahplank,1
4177,Ripple,1
3665,Opel,1
3806,SueEhlerding,1
3805,_gottlob_,1
4176,Cardano,1
3995,rischwasu,1
3996,"bmu,",1
3140,PeterSiegert,1
3141,simschi,1
3142,dm_drogerie.,1
3143,Chripan123,1
3802,grumpypolidis,1
4175,Schuldensuehner,1
3146,wobe,1
3997,"IngbertLiebing,",1
3148,VWGroup_DE.,1
3149,Green_EnergyLab!,1
3150,bobbyjr1212,1
3151,ARALdeutschland?,1
3808,Reisebecher,1
3136,schweizzzz,1
3153,NGVAEurope,1
3135,tiwoberlin,1
3120,RainerVoegtlin,1
3121,Fuss_Florian,1
3811,HannesBoekhoff,1
3122,ZStadtfux,1
3123,ReinhardM8404,1
3810,TspBackgroundEK,1
3124,wahlforschung0,1
3125,NeinCo2Gesetz,1
3126,MSGIV_BB,1
3127,UNonnemacher,1
3128,Localiser,1
3129,"handelsverband,",1
4178,iotatoken,1
3130,PeterKlemisch,1
3994,KLeikert,1
3131,Schafkopfpokal2,1
3132,sia_schweiz,1
3133,ZSW_BW.,1
3134,dm_drogerie,1
3152,TritiumCharging.,1
3154,Gruene_Lbg,1
3188,AndreasLahmeWD,1
3172,C_Hochfeld,1
3174,togoldschmidt,1
3175,DerLader,1
3176,sascha_m_k,1
4169,TenneTTSO,1
4168,uniper_energy,1
4167,50hzofficial,1
3178,Angel_CGN,1
3179,theho,1
3180,Maritim_Hotels,1
3181,Frankenpost,1
3182,KiaPress_EU,1
3183,FanHerrin,1
3184,TeslaDominik,1
4000,peteraltmaier+@SvenjaSchulze68,1
4166,netzausbau,1
3799,d_zygmont:,1
3185,GeJo77778455,1
3186,m_ziegelmeir,1
3187,Joerg_Ebel,1
3173,Wetzelstrom,1
4170,DikeNemesis,1
4174,Tiefseher,1
3170,Thorsten_H2,1
3155,Rheinenergie,1
3156,migrol,1
3157,Kingdomcometous,1
3998,hskteddy,1
4173,marcfriedrich7,1
3159,top-energy-news,1
4172,Silbersammler,1
3160,marktintern,1
3161,BMVI-Minister,1
3162,AndiScheuer!,1
3163,DrusseFrau,1
4171,ndalliard,1
3165,ladenetz_de,1
3166,Wigald_Boning,1
3167,thefhi,1
3168,welt:,1
3999,Jupiter_Licht,1
3801,mehblau,1
3169,RF70469,1
3264,EickeRWeber,1
3265,SKhaksari,1
3267,WeShare_DE,1
4021,ABBelec,1
3352,"Ubitricity,",1
3761,tierscooters,1
3353,Energie2015,1
3354,evaachen,1
3355,rotnroll666,1
3356,Apple,1
3357,Zoom,1
3760,Mezzenine,1
3359,DerWirkungsgrad,1
4130,emazzotta,1
4129,ePionier,1
3361,unsereOEBB,1
3362,"StadtRE,",1
3759,KevinP_FFM,1
3363,kreis_re,1
3758,LADEpunkt,1
3364,Inno_City,1
3365,CDU_Fraktion_DD,1
3366,CDPROJEKTRED,1
3762,MarcelM3p,1
3351,AUDI,1
3368,tesla,1
3350,VSornig,1
3335,Charlottenburg-Wilmersdorf,1
3336,bacw_berlin!,1
3769,NABU_de,1
3768,aow_de,1
3338,DL4GO,1
3767,DerSebastian2,1
3339,"wiwo,",1
3340,hv_hoorn.,1
4133,KlimaKanal.,1
3341,"ArminKomenda,",1
3342,iniklasfischer,1
3343,netzkultur.,1
3344,Wayne49252139,1
3766,munich_startup👇,1
3765,AgileEnthusiast,1
3346,_Henryk,1
3764,Sam_Liban,1
4020,FIAFormulaE,1
3349,tagblatt_ch,1
3367,fabiandoehla,1
3370,dpd_de,1
3268,"hamburg_de,",1
3391,HWillaredt,1
3393,apiussina,1
3394,Tom84White,1
3395,SchuGue,1
3397,timur_zanagar,1
3398,photovoltaik,1
4128,ingozech,1
3399,bechtle_ag,1
3400,KarichRene,1
3401,Andischeuer,1
4023,rad_ritter,1
3402,TheOafTree,1
4126,StaLeop,1
4125,HerrmannPierre,1
3755,andreas_gross1,1
3404,jedlix,1
3405,MVV_Partner,1
4124,ChuckBanham,1
3406,_Nu_Ja_,1
3408,SolarMobilHDH,1
3392,meineStimmeDE,1
3390,HeitmannStephan,1
3371,BMVI-Förderrichtlinie,1
3389,ed_stark_DE,1
3372,SachsenDe,1
3373,Automobilwoche:,1
3374,Jimfi,1
3375,bridgingIT,1
4022,mobilityacademy,1
3376,KaGoldammer,1
3377,kaddinsky,1
3378,Viper7819,1
3379,dantrimont,1
3380,TRichte82727225,1
3381,DrEricDing,1
3382,HarmSebastian,1
3757,LADE,1
3383,SilkeLutz,1
3384,SpainMike,1
3385,ARD_MoMa,1
3386,M_Briefing,1
3387,hoffmannkathrin,1
3756,3sat,1
4134,SpotifyDE:,1
3334,ElectriveNet.,1
3333,NdsLandesReg,1
3286,PodcastAddict,1
4011,Zeruyu,1
3782,staedtetag_nrw,1
3291,AechtaBayer,1
3292,"maxhaegler,",1
4012,PeppyPeppsen,1
3295,yanickbandi,1
3296,TeslaSchweiz,1
3781,Tesla_DE,1
3297,WIRTSCHAFTakut,1
3298,SchreinerManja,1
3299,RebHarms,1
3300,"Doro_Martin,",1
3301,felixschreiner,1
3302,cducsubt.👇#emobility,1
4149,PunkInTheGym,1
3303,dermalte05,1
3304,golem:,1
3305,BeeCharging,1
3306,micha_sco,1
3287,justthore,1
3285,SZ_Wirtschaft,1
3332,berweb,1
3783,StGBNRW,1
3269,Libertas_01,1
3270,SebastFaust,1
3271,TUDarmstadt,1
3272,startupsec_da,1
3273,ATHENECenter,1
4153,SciFFHannover,1
3274,peterhense.,1
3275,b2charge,1
3276,nzzwirtschaft.,1
4152,dmncbrl,1
3278,szaktuell,1
3279,sitzlump,1
3280,VGHVersicherung,1
4151,SebastianWetz,1
3281,bacw_berlin,1
3282,BOfH_Dj4n90,1
4150,jpasz,1
3283,MarkusG36567373,1
3284,Entlang,1
3307,PNarrans,1
3308,Schiedt,1
4013,SchottJuergen,1
3309,Audi-Chef,1
3320,danielvoelsen,1
3321,post_caro,1
3322,Leerzeit,1
3323,_sBernhard,1
4140,packmichnichtan,1
3324,vwschweiz,1
3774,"OlaKaellenius,",1
3325,VolvoCarCH,1
3773,TLUHH,1
4138,Posimuckel,1
3771,IONITY_EU.,1
4137,Siemens_Schweiz,1
4019,StwBo,1
3770,atklauner,1
4136,HilliKnixibix,1
3329,UnimiSolutions,1
4135,ApplePodcasts:,1
3330,hauptstadtadel,1
3331,Googolplex1,1
4018,matscoach,1
4017,DigitalerC,1
3318,DrBuric,1
4014,f_schaeffler,1
4148,ahlambauer,1
4147,AntiAtomKA,1
4146,An_di_Arbeit,1
4145,Keeper_86,1
3779,JuiceTechnology.,1
4144,Wohnwirtschaft,1
4143,ObWeiss,1
3778,ReinhardSteurer,1
3310,MarkusFasse,1
3317,HeyCharge,1
3311,eMobOnline,1
4015,ThorstenMumme,1
3776,KampLkamp,1
3313,Kultanaamio,1
3775,MercedesBenz.,1
3315,energiegezwits1,1
3316,swobbee,1
4016,netsailor510191,1
3513,elektromobil24,1
2142,dimi_christos,1
2571,YviBlue__,1
961,rock_fdp:,1
966,Florent1163,1
967,KlausWiener,1
969,wienerlinien,1
970,CGNCaptain,1
971,dantecologne,1
972,HartmutMaxMuel2,1
973,lill_mii,1
974,FrauNicoleHB,1
975,AirportCGN,1
977,dawarmahaarda,1
978,Schulziboy,1
979,woelpke,1
980,turkishmaid,1
982,MRH2594,1
984,ryut054KuR4,1
985,walddackel,1
987,rossreiter,1
988,joergprante,1
989,ASUE_eV,1
990,zukunft_gas,1
991,gerliman,1
992,AxelKamann,1
993,Soehniboy,1
962,jenskoerner48,1
959,cdu_hessen,1
996,roberto_blanko,1
958,AnderlLechner,1
918,pneumannberlin,1
923,MonikaHeinold,1
924,ThiloRohlfs,1
925,melund_sh,1
926,BMUV,1
929,WirSindGruen,1
930,toberg2,1
932,Markus93511276,1
933,Milten85,1
934,breitnigge,1
935,rammc,1
936,IngmarStadelman,1
937,ottoparkt,1
939,KlaSchra,1
940,Holkre,1
944,marcel_baur,1
945,MrDanHu,1
946,bakfietsblog,1
947,TillNassif,1
951,faznet.,1
953,bftVerband,1
954,fdp.,1
955,morgenmagazin,1
994,Telekom_hilft,1
999,EvaStegen,1
1414,"StromschlagYT,",1
1041,wienenergie,1
1045,philipp_schott,1
1046,Pluto_Berlin,1
1047,blum_marianne,1
1052,drewnicki,1
1053,Ozz_EU,1
1059,VolvoGroup,1
1060,GRUENEimRatBN,1
1061,puzich,1
1062,REHADAT:,1
1064,StadtwerkeBonn,1
1066,vzbv-Vorstand,1
1067,Klaus_Mueller.,1
1068,stinnux,1
1069,DvSchneid,1
1070,knut_krohn,1
1072,SabineCalling,1
1073,stwavo,1
1075,Floskelwolke,1
1076,_thewombat_,1
1077,OlafScholz.,1
1078,OldTomBom,1
1080,Bender_BU22,1
1082,Yahoode,1
1043,Micha_Gruber,1
1039,raffaeru,1
1000,bvm_hh,1
1038,R35CH,1
1004,Marc_M00,1
1005,drive_n_code,1
1007,BMDV_bund.,1
1008,IONITY_EU!,1
1010,Meikell56,1
1012,robin_urban,1
1013,HerrSievers,1
1014,SWHeidelberg,1
1018,RegSprecherStS,1
1019,Herbert,1
1020,MarkusTippner1,1
1021,googlewatchblog,1
1022,stadtfuerth,1
1024,uscaledigital,1
1025,Lenny_du_Nord,1
1026,Huly16609302,1
1030,RwRednuloh,1
1031,woproschalek,1
1032,Jane_Banane__,1
1033,BerndWeickert,1
1034,Toyota,1
1035,RegineGuenther.,1
1037,H777Werner,1
917,wa33erbauch,1
912,ISL_eV,1
911,HeyChargeHQ,1
759,tobiasf91,1
767,businessfrance,1
769,ChargeUpEurope,1
771,thepumpapp,1
774,alpitronic,1
777,alpitronic-Schnellladern,1
779,"vzbv-Umfrage,dass",1
781,light_building,1
785,MaxKruse_10,1
788,waide,1
789,pame,1
793,RalfLippold,1
796,bene_lux,1
797,lichtlauschen,1
798,heikjack,1
799,bochum_de,1
800,WAZ_Bochum,1
801,radentscheidBO,1
804,HeyChargeHQ.,1
805,LaraSoft2503,1
807,SPeitsch,1
808,HanseWerk,1
809,bad_salzuflen,1
810,kreis_lippe,1
766,WECouncil,1
758,MADDOG81473130,1
910,ChrisBrey1,1
757,StadtratGruene,1
721,TanjaS19089512,1
722,raschnzz.,1
723,BVESeV-Mitglied,1
727,FTausendteufel:,1
730,timo_b_bk,1
731,DB_Cargo,1
732,consentec_de,1
733,LionHirth),1
735,Leap24eu,1
737,Tagesspiegel.,1
740,LP0401,1
741,boeroer,1
743,frankiespeep,1
744,MarkusNielbock,1
745,agoraverkehr:,1
747,patrickmatusz,1
748,Co2Klima,1
750,gerber_nils,1
751,alwayssimifuzi,1
752,Werner_Beninger,1
753,anwaltsgelaber,1
755,electreon,1
756,kaimungenast:,1
811,"BMDV_bund,",1
812,"Knobelsdorff,",1
813,"DanielaKluckert,",1
814,secinsiderde,1
870,kungler,1
877,AG_Ve_Mo,1
878,wndrmiss,1
879,derFuchsi,1
880,PeperArno,1
882,zen_garten,1
883,TobiD01,1
884,A_nnnnette,1
885,felix_schwenke,1
886,ArneMeissner,1
887,_ct_pw,1
888,OelsWolfgang,1
890,pafeni,1
893,Alternativlos3,1
894,RalphAichinger,1
896,StefanSkibbe,1
897,PatrickKausW,1
898,twiag1985,1
901,berren1,1
902,TspBackgroundMT.,1
906,MiMueGoe,1
908,gartenzerg,1
909,SMBAH05,1
868,FreeNow_DE,1
865,lightyear_cars,1
864,GrnWrtDlg,1
838,gonzoviews,1
820,meierj8,1
821,moll_marcus,1
825,GDoctor24,1
826,axelwagnernet,1
828,paymentbanking,1
830,raumplanungtv,1
831,Deprifrei,1
832,sab_foerderbank,1
833,EichbergerAlex,1
837,DrStohr,1
841,futurefuelsblog,1
863,TFFeV,1
842,SPD,1
844,FDP,1
846,eike_reinel,1
849,WPSchill,1
850,burger_jaap,1
851,"Wissing,",1
854,ADAC:,1
857,cs27496673,1
860,RailService,1
861,here,1
1083,"morgenmagazin-Team,",1
1084,holgerhbaer,1
1085,Joffrey77855104,1
1294,fdp_ler,1
1300,VestWazer,1
1301,AdinaValean,1
1302,REWE_Supermarkt-Kooperation,1
1303,Handelsblatt-Artikel,1
1304,hegelairport,1
1311,rewe_group,1
1312,transportCH,1
1314,wenig_worte,1
1315,ckemfert,1
1318,webermannj,1
1319,bu_ines,1
1321,W82401023,1
1322,PhilipPlickert,1
1323,0Ie1334,1
1324,duisburgistecht,1
1325,FelixHeine,1
1327,KapoZuerich,1
1328,BeckerDetlef1,1
1329,shinshan007,1
1330,Demaiso23010553,1
1331,Energy4Europe,1
1332,BrningN,1
1333,dennisheusser,1
1298,OnCharger,1
1293,sirdexxa,1
1256,jan_hauser,1
1292,leanderk1400,1
1258,LutzBecker4,1
1259,insights_pm,1
1260,PolizeiMFR,1
1261,HenleJeremias,1
1262,amazonDE,1
1263,Ron_GER_,1
1265,FfE_Muenchen.,1
1266,BSI_Bund,1
1267,NG54608342,1
1268,AppleMentalist,1
1269,NeueLuft,1
1271,roedl,1
1273,alxblu76,1
1274,VonDorset,1
1275,WGM99607495,1
1276,tff_germany,1
1278,FelixWettstein,1
1279,RegulaRytz,1
1281,srfnews:,1
1283,PwC,1
1285,bcs_eV,1
1288,hubert_brand,1
1290,eff_kah,1
1335,bayerndoktor,1
1339,FullyChargedDan,1
1341,CarelMohn25,1
1342,tuvcom_presse,1
1382,keineah83803444,1
1383,Nikolaus_Torun,1
1384,ErikMarquardt,1
1386,maithi_nk,1
1387,ZDFneo,1
1388,Marius_Raabe,1
1389,kn_online,1
1390,jsoannaos_j,1
1395,MenzelZEL,1
1396,HBClub_,1
1397,METRO_DE,1
1398,Crickerts,1
1399,METRO_Politics,1
1400,OlafLies.,1
1401,schaaf_stefan,1
1402,ZoePionierin.,1
1403,fraunhofer_iee,1
1404,chillarius,1
1405,RemindMe_OfThis,1
1409,AWS_DACH,1
1410,blocktrainer,1
1411,Justdoitalex,1
1412,gradardotcom,1
1381,IvanHajduk10,1
1379,MrsLiberalina,1
1378,B5perl,1
1358,tweetiejones,1
1343,sihk_zu_hagen,1
1344,TechPreacher,1
1346,Alaba00,1
1347,ItsOnly26297711,1
1349,eGO_Mobile_SE,1
1350,Beatrix_vStorch,1
1351,FuW_News,1
1353,KaiKuklok,1
1356,BodoSchulze777,1
1357,"teilauto,",1
1359,TeslaCharging,1
1377,DrRealitat,1
1360,daFusco,1
1361,shiller79,1
1362,tmigge,1
1363,luckycat12,1
1364,StadtwerkeKiel?,1
1366,derOliverRoth,1
1368,MartinM05205457,1
1369,ARD_Presseclub,1
1371,HGoebel,1
1375,Weltspiegel_ARD,1
1257,alnothur,1
1255,buendnistagNRW,1
1086,KaiRuhsert,1
1128,osis1980,1
1132,rwinkelmann,1
1133,GrebinWilli,1
1134,Herbert_Diess.,1
1135,Sebasti34996356,1
1138,Heideldruck,1
1139,rootjak1977,1
1140,Vivantes,1
1141,raulde,1
1142,Eon,1
1144,tegut,1
1147,JoachimHeck,1
1148,Michael_Jahn_GB,1
1149,CySchneider,1
1150,renatomitra,1
1152,Chargemap,1
1153,FrankC13874730,1
1154,Doktorette,1
1157,Frank_Golo80,1
1158,MarcHenke1,1
1159,smoothEnergy99,1
1160,BadHomburgStadt,1
1161,oberursel,1
1164,hrPresse,1
1131,bukodersahnige,1
1127,MonikaHeinold:,1
1254,michaelebling,1
1126,"lbv_sh,",1
1088,O__A__H,1
1089,jobuartist,1
1090,dokape,1
1091,Fridays4future,1
1092,JoostBenjamin,1
1093,takberlin,1
1094,Stromnetz_HH,1
1095,e_mobility,1
1096,OliverSKBerlin,1
1100,mh120480,1
1101,j_hkrueger,1
1104,Kia,1
1109,Sicherheits_Ing,1
1111,EinRobert1,1
1112,OttosRadwege,1
1114,volksstimme_md,1
1115,Stefan_Harter,1
1116,KrassUrst,1
1118,BauenBewegen,1
1119,StellaStarshin,1
1121,kolbenkopp,1
1124,HelmholtzUlm,1
1125,uni_ulm,1
1169,LazyPears,1
1171,chris_schorbach,1
1174,Nissan,1
1175,tagesthemen,1
1218,boringcompany,1
1219,DebateEnergyDE,1
1220,JakobSchlandt,1
1221,50Hertzcom,1
1222,fortuna_blue,1
1223,"utum_muc,",1
1224,Z_E_P_H,1
1225,baudrillardbae,1
1226,Twitt_Peer,1
1227,Reimbein,1
1229,monscoronabur,1
1230,ProfRieck,1
1231,MartinSeiwert,1
1234,FraunhoferIFAM:,1
1236,Hansnd9,1
1238,SPDSH,1
1241,th-nit.de,1
1242,exergetiker,1
1244,VW,1
1246,ITFinanzmagazin,1
1249,takonekodajomi,1
1250,ETetzlaff,1
1253,Tectrion,1
1216,BotersonCoD,1
1215,Stefan_Hajek:,1
1214,Alex_Law_1,1
1198,hddoger,1
1176,supercarblondie,1
1178,Siemens_SFS.,1
1179,IsmailErtug,1
1183,VDA_online-Auswertung,1
1185,doit1080p,1
1186,_Pekkala_,1
1194,JoergRodenwaldt,1
1195,DeutscheTelekom,1
1196,_the_guitarman_,1
1197,felix_schaf,1
1199,realjonaswd,1
1213,Baz14587134,1
1200,GruenePotsdam,1
1201,Linke_Potsdam,1
1202,SPDPotsdam,1
1203,Roberto_GarMar,1
1204,BusinessSweden,1
1206,EnBW-Tochter,1
1207,senec_gmbh,1
1208,ZEISS_Group,1
1210,bibs_bs,1
1212,JurgenPresser,1
720,prof_sterner,1
719,ZSW_BW,1
718,DanielaKluckert.,1
253,schienentiger,1
255,neuepresse,1
256,WahlheimatRuhr,1
259,NotQuiteLela,1
260,tritium77,1
261,PaulGabriels1,1
263,Leonardo_Hotels,1
264,ShomerAl,1
267,vhhbus,1
268,hochbahn,1
271,bremen_de,1
273,SKUMS_HB,1
274,SylviVanDerSpek,1
280,mistermaplel,1
282,IlonaGruner,1
283,GINI_ART_,1
286,HelioxNL,1
289,40spokes,1
291,derkartoffelst1,1
293,DEmobil2030,1
297,JensHerforth,1
298,DurdenGaming,1
302,mahlwerkende,1
303,drschaf,1
254,Insanus_Ultor,1
251,TheRealABCHG,1
203,Kajo2009,1
250,fraaanie,1
207,ArupGroup,1
208,DrWaumiau,1
209,_stk,1
210,kleinerdresdner,1
211,RHStadion,1
213,DynamoDresden,1
215,Christi42246945,1
216,LerchSepp,1
217,cldbusch,1
219,lovelyropes,1
220,tabulabohu,1
221,stadt_pforzheim,1
222,jstrehmann,1
225,jula_mc,1
231,BuirerFuerBuir,1
234,HIThomasFranke,1
236,marq_us,1
238,WirtschaftNRW:,1
239,BafuchsFuchs:,1
240,benniphd,1
244,SenUMVKBerlin,1
246,grafwer,1
249,MarkusTurm,1
304,zweitzehtee,1
305,MenkeKathrin,1
306,AndreasKiesch,1
307,DocHempie,1
352,ZVElorg,1
354,nuclearpostman,1
355,BUR_Nuernberg,1
356,DiederichSeidel,1
360,DieStadtfelder,1
361,OliverHornemann,1
363,spd_magdeburg,1
366,"ehandwerk,",1
368,gustafgans74,1
369,marko_kopel,1
370,thorbi_nrw,1
374,Anne92604484.,1
375,LillyLue_Ki,1
377,ellensohndavid,1
378,_grubsi,1
380,TheMechanist9,1
387,chiplara,1
388,andItsgone0815,1
389,DukeNuk23786979,1
393,rRockxter,1
394,MOBILEZUKUNFTOS,1
397,SMAsolar,1
399,EEBUS_ORG,1
349,vbw_online,1
348,vdwSachsen,1
347,VdWBayern,1
327,"Michel_aus_Joeh,",1
308,tazamwe,1
309,KHabenschaden,1
313,SdlTrautvetter,1
314,Stefani38312507,1
315,benjamin_stork,1
317,chevin5d,1
321,DasHaeufchen,1
324,jashson,1
325,lightwolfdd,1
326,Michel_aus_Joeh,1
329,thepolecon,1
346,VdWsuedwest,1
330,RombergKlauspet,1
331,sebbi,1
332,Wuestenstromfan,1
335,bwegtBW,1
337,mannheim_de,1
338,gehirn1974,1
339,thuega:,1
341,gedaschko,1
343,BMWSB_Bund,1
345,ehandwerkberlin,1
205,WirdgutAlles,1
202,SvenRecker,1
404,GillessenJens,1
47,BjBerry00,1
51,HannoKlausmeier,1
52,patrickhanft,1
53,v_goller,1
54,jankolehmann,1
55,SBetschinger,1
58,HeiKolbe,1
62,bacwberlin⁩?,1
64,JV94217358,1
66,DanielFrber1,1
79,parlamentpoet,1
80,lennybacon,1
81,ARTEde,1
84,BSteuerzahler,1
87,fahrradfrei,1
88,punktpreradovic,1
91,null_neun_elf,1
93,KTacki,1
94,taz_news,1
95,ThomasJahn,1
97,Sommerfrau20,1
98,HartmutVoigt,1
99,dpa,1
100,IHK_MUC-Chef,1
49,Shell_Recharge.,1
45,wunderlicher,1
201,AndreasTengicki,1
44,Svenfpunkt,1
5,footils,1
8,Henrik30595432,1
12,KfW_FZ,1
14,slaue,1
15,die20er_innen,1
16,cruzii1337,1
17,YEAccount1,1
21,thulium3,1
23,PTNisWarCrmnl,1
24,Titanium70RD,1
25,BHNNKMP,1
26,gineer_n,1
27,bikezebub,1
28,Mitzi62042431,1
29,_marcus_zi_,1
31,atlanticandme,1
32,ablexomat,1
33,Speedybo,1
34,nicnowak,1
37,tagesdemokrat,1
39,IngoHeinscher,1
40,Cheeky38466727,1
43,IvokainKrieg,1
101,Ftutschk,1
102,PolitikMeinungx,1
103,raxa20151,1
106,noname38942,1
159,BansheeHolzi,1
162,BSerienjunkie,1
163,DrJoelina,1
164,ardenthistorian,1
165,niklas9416,1
166,consertum,1
167,alf_frommer,1
172,FehringerMartin,1
173,ProfWigge,1
174,ralfbuescher,1
178,wiesson,1
181,gruenergerd,1
182,verena_ramona,1
183,stefanhensel,1
184,Kai_Whittaker,1
186,DenfundDalz,1
187,BlarryOfficial,1
188,S4rD3ll3,1
191,aurelwuensch,1
192,ladegruen!,1
194,BayWaPresse,1
197,QPark_DE,1
200,UnrealMjn,1
158,IngridFuhrmann3,1
157,wahlosttiroler,1
156,JMihram,1
127,James_Zabel,1
107,CaptainKling,1
108,Wirtschaftsrat,1
109,ihkkoblenz,1
112,KfW-Energiewendebarometer,1
113,Stadt_FFM.,1
114,SaxeRalph,1
120,dl4go,1
121,wahlborn,1
123,TobiasDirking,1
124,julianmarc10,1
128,giesion,1
155,Kleinstadtpiotr,1
129,stadtwerke_ms,1
135,andy_wue,1
139,UlrichSchneider,1
143,darmstadtbot,1
144,FritzFriedlich,1
146,Birkolo,1
151,OliverHeim,1
152,von_baerl,1
153,Nixdorf4,1
154,Weltraumcowboy_,1
401,nikenberger,1
405,Prof_Buehler,1
714,bundestag_tweet,1
602,threadreaderapp,1
606,DrAndreasS,1
607,sven_tek,1
609,QwelloCharge.,1
611,johannesdaum,1
612,Mic_Sander,1
613,RadtkeMdEP,1
614,MatthiasHauer,1
616,"TRATON_GROUP,",1
617,EnBW!,1
618,SusanneFerschl,1
619,sm08151,1
620,berlin_radler,1
621,Panadu4Gei,1
622,ZwischenDampf,1
623,moenk,1
624,JCWerner1,1
625,RWTH,1
626,the_smarter_E,1
627,news_nowgmbh:,1
628,MarkusSOriginal,1
629,Franky313,1
633,z_abfalter,1
634,Rosa_Sonnenhut,1
603,techtobi83,1
601,mqdoodle,1
563,MSucrier,1
600,DerSebi89,1
566,Sony,1
567,Honda,1
568,volvocars,1
569,Frster87994451,1
570,sovereign5061,1
571,ARD_BaB,1
572,marc_f,1
573,PSchoki,1
574,textlastig,1
575,martineberle,1
577,leon28200,1
578,Erhard_Grundl,1
579,"c_lindner""",1
582,BiehlHerzfeldCo,1
583,23rasm,1
586,BMWK.,1
587,mavori2,1
588,AKress84,1
589,AlesPassano,1
593,f_karig,1
594,ARD_BaB.,1
595,LamimaGC,1
597,AzKickr,1
637,Uria__355,1
638,SirXVincent,1
639,Etix,1
640,ADAC),1
683,KawiKla,1
684,sax_dominik,1
685,Engineer4F,1
688,joeh6y,1
690,GerulfGerstenk1,1
691,PeinerFJunks,1
692,Gen_Fault,1
693,RaykAnders,1
694,_TiloBerner,1
695,delarabur,1
697,joaum,1
698,AntenneMainz!,1
700,Phate22_7,1
702,dHandlos,1
705,Pendolino70,1
706,zeitonline.,1
707,bahnhof_marco,1
708,DB_Bahn,1
709,peterhense,1
710,MalteEngeler,1
711,PradaAbi__,1
712,jmtatsch1,1
713,tj_tweets,1
682,12KeineAhnung,1
681,maurerchr,1
680,felixmatthes,1
660,enercity-CEO,1
641,k_lenkeit,1
642,MartinMichalik,1
644,"AgoraEW,",1
645,matthiasroesele,1
647,"EY_Germany,",1
649,HsHannover,1
650,MarcusTheurer,1
652,achimh:,1
655,AndiRkn,1
658,clarkdoublejuh,1
661,MarloKratzke,1
679,quizles,1
666,StefanUlm_says,1
667,LaaxSwitzerland,1
668,Rocksresortlaax,1
669,illwerkevkw,1
670,RheinEnergie!,1
672,mathieuvonrohr,1
673,ArvidKaiser,1
675,Ch1990ris,1
676,wzwuppertal,1
677,WSWWuppertal),1
565,panasonic,1
562,Ohauaha,1
408,ToffelChips,1
449,Lykos_Phi,1
451,Viva_la_vita_0,1
453,DennisBode11,1
454,Schnauzevoll13,1
455,hpr012,1
457,ringrocker90,1
458,Caethan13,1
459,KuehniKev,1
460,eurowelder,1
461,MarSta72,1
462,ADSTEC_Energy,1
463,mr_oely,1
464,Spatzengepiepe,1
467,theRealWattwurm,1
469,mortalhope1,1
472,ZetalFabian,1
473,vrijbuiter_jcs,1
474,PaulaPiechotta,1
475,woodpecker3c,1
476,TheThickPen,1
477,Scoti17,1
480,ZynisMuss,1
482,Ascendor,1
483,peterpiksa,1
450,HenningBuerger,1
448,JanBunnemann,1
561,topfentrulla,1
447,ReichelS,1
409,Stahl_ratte,1
410,Sen__1337,1
413,Alibabrra,1
415,Amira_M_Ali,1
418,ToWo75590957,1
419,kaffeecup,1
420,bellau86,1
425,Wrt45688033,1
426,HeinrichU,1
427,florianklenk,1
428,thorsten_jorg,1
429,GoldhoferAT,1
430,LufthansaNews,1
432,hoefelmannm,1
434,SaamWolfgang,1
436,jimbo77915190,1
437,JordanGriz95,1
439,politerei,1
440,stuflesser,1
443,MoStueck,1
444,fegebanks,1
445,WNP7013,1
446,madame_minx,1
485,Yp142,1
488,johannes027,1
490,"HannesJaenicke,",1
491,Ila_a_a_ria,1
525,ArisenDrake,1
529,nothingTVatYT,1
530,yerushazicke,1
531,psyco308,1
533,Haldolenjoyer69,1
534,PatrickLSchunn,1
535,Hornschild,1
538,Narcisa24108447,1
539,feministconlaw,1
540,pebelsberger,1
544,tagesanzeiger,1
545,Leierkastenman3,1
546,transport_urban,1
547,SOLARISBUSCOACH,1
548,deineBSVG,1
551,user_keinname,1
553,EYnews,1
554,EuroelectricE,1
555,TobiasHans,1
557,Anjaversuchts,1
558,_GoldeneMitte,1
559,tommieboy2011,1
560,Rechtsdirektor,1
524,Ayranmagman,1
523,ChristofFWrules,1
522,Bjoern1Bergmann,1
505,stefan_gelbhaar,1
493,CykloneTidal,1
494,eGovBonn,1
495,DanielSturm14,1
497,f2135,1
498,MarekYannick,1
499,TilmanvZ,1
500,PHaufe,1
501,pbruegger,1
503,bmdv_bund,1
504,doro_martin,1
506,reuther_bernd,1
521,riffklima,1
507,Werdermaddin,1
508,amikoyashi,1
509,DudeReicher,1
510,Bankenretter_EU,1
513,AnkeLoeser,1
514,vierraumwohnung,1
515,Lam3th,1
516,MarMas90,1
517,Rioxz,1
519,Emanuel84569915,1
1413,duplexmedia,1
1415,bp_Deutschland,1
2570,Standard_Stizzl,1
2175,ZDFwiso,1
2177,MRexrodt,1
2178,fdp_berlin,1
2179,fdpCW,1
2180,McCrypto,1
2181,FraunhoferISE.,1
2182,123buzios,1
2183,thor383,1
2184,jungpionier_,1
2187,ubitricity🙏,1
2189,marco_knubel,1
2190,flog,1
2191,riwi,1
2192,KoniSchmid,1
2193,leumund,1
2194,dgfeist,1
2195,Mirdoejal2,1
2196,peigenmann,1
2197,Parents4futureM,1
2199,Protoscar,1
2200,swisscharge_ch,1
2201,ThoPennell,1
2202,cyclistbonn,1
2203,BundesstadtBonn,1
2176,Niehaves,1
2174,FunkeBerlin,1
2205,flipboard,1
2173,presseunikasse,1
2146,ZackFeddich,1
2147,gecko203,1
2149,metergrid,1
2150,katzenundmensch,1
2151,pkursawe,1
2152,KathrinAnna,1
2153,S4fStuttgart,1
2154,Marcus_aus_MD,1
2157,CaptainVoni,1
2158,dpguenther,1
2160,TonyEger6,1
2161,DeltaEchoKilo,1
2162,Cynthior1,1
2163,meisterlind,1
2164,Radi0384,1
2165,_lucasnow,1
2166,ErlerRene,1
2167,magnus_vitus,1
2168,maischberger,1
2169,Janine_Wissler,1
2170,brkb19,1
2171,xDreamCoding,1
2172,Webboy998,1
2204,seelenstein1981,1
2206,stadt_wuppertal!,1
1417,dcs_global.,1
2253,g_vonlutzau,1
2255,BHindrichs,1
2257,CIO_Dortmund,1
2258,jan_ladendorf,1
2260,TubaBozkurt,1
2261,TrueStoryDE,1
2262,Forestf55398433,1
2264,ABS0LEM,1
2265,phba151,1
2266,Real_Eecast,1
2268,Tura1211,1
2270,moesl_roland,1
2271,freie_presse,1
2272,tuvcom_presse),1
2273,danyday12,1
2274,_solarmanager,1
2275,Ufftatta,1
2276,CgnGero,1
2280,ron_t1706,1
2281,brainbuzz,1
2283,TobiasWatzl,1
2287,GeorgHanisch,1
2289,wolff1352,1
2290,_Spoekenkieker,1
2254,an_floet,1
2252,ThePunisherneu,1
2207,MatCMeier,1
2251,mennekesDE,1
2209,__Mannheim,1
2210,quadratestadt,1
2211,elektrisiert_de,1
2214,DHZ_Handwerk,1
2215,handwerksblatt,1
2216,nwnews,1
2217,s_schwartze,1
2218,"Nokius,",1
2220,dk_tsl,1
2225,Sven19752,1
2226,JohReetz,1
2229,Cartman24,1
2230,SchusterChristo,1
2231,dothebart,1
2232,sbeigl,1
2233,SPOSurfer,1
2236,SamiMosby,1
2237,EmuShmit,1
2240,ArminStecher,1
2244,252Aegis,1
2245,kindofmagic4u,1
2248,WestfalenW,1
2250,BoaConstrictorX,1
2144,TrojanEnergyLtd,1
1,grnFlip,1
2141,rivado136,1
2038,GeHegmann,1
2042,FrohJon,1
2043,P4Z1988,1
2045,Cologne_Rock,1
2046,FVBiogas,1
2047,CNG_Mobility,1
2048,OrangeGasDE,1
2052,NahverkehrHH,1
2054,SabrinaFoerst,1
2055,KoelnischeR,1
2056,StadtRevue,1
2057,86Veedel,1
2058,koeln_de,1
2059,huluvu,1
2060,pl4ceh0ld3r,1
2061,Engel_Re,1
2063,tp_1024,1
2064,stromauskunft,1
2071,VivaParess,1
2072,pascal__2k,1
2074,Claas100,1
2075,WinterFreeda1,1
2076,KormannStephan,1
2077,srfnews,1
2041,platzfuerwien,1
2037,WachterBDI,1
2140,G4m3Division,1
2036,TimmySchultze1,1
2008,kfzgewerbe,1
2009,yvesexplosif,1
2010,chrischle,1
2011,"bv_elektromobil,",1
2012,digipxls,1
2014,CNobmann,1
2016,hyliion,1
2017,susanne_redeker,1
2019,jakobh,1
2020,suka_hiroaki,1
2021,"KVB_Info,",1
2022,TRumpelstil,1
2023,Philanthrop05,1
2024,MichaelRieker,1
2025,RomanGrabolle,1
2026,AndreNeumannABG,1
2029,JayPiDabbljuh,1
2030,janvesp,1
2031,FreiheitModerne,1
2032,MDR_SAN,1
2033,Chemguy2_0,1
2034,Arnd_Diringer,1
2035,joergbange,1
2079,SZ_Bayern,1
2080,SZ_MuenchenLand,1
2081,MerkurStadt,1
2082,Abendzeitung,1
2112,EnigmaVon,1
2113,guzzimichel,1
2114,Ingo03774613,1
2115,tgrind207,1
2116,chris_pyak,1
2117,jugger1511,1
2119,annakatrein,1
2120,TayfunNeser,1
2121,PliniusMinor,1
2123,stadtneuss,1
2124,rhein_kreis_neuss,1
2126,HanspeterHolzer,1
2127,markuspieperMEP,1
2128,MarianBracht,1
2129,klages_uwe,1
2130,GuillotineTea,1
2131,Guacam_Olee,1
2132,tlangkabel,1
2135,WWF_Deutschland,1
2136,B_Gunners21,1
2137,urwumpe,1
2138,sarfeld,1
2139,thyssenkrupp,1
2110,RobertB_Fishman,1
2109,Lovefefee,1
2108,RSchreibt,1
2093,tugraz,1
2083,tzmuenchen,1
2084,BR_Berlin,1
2085,muenchentv,1
2086,reinhardX,1
2087,dufitoon,1
2088,zuschoen,1
2089,gehtdochwien,1
2090,FlyingSqirrrel,1
2091,gsohn,1
2092,twild103,1
2095,pwc_de,1
2107,SCGrunwald,1
2096,MoritzDiethelm,1
2097,pwc_de.,1
2098,DB_Presse-Lasters.,1
2099,AGH_Berlin,1
2100,fzwob,1
2102,Tsp_Spandau,1
2103,ma6,1
2104,basic_flo,1
2105,zarkojank,1
2106,"frankfeil,",1
2293,chargeIQ_de,1
2295,datenwolf,1
2296,rstein,1
2464,stadtrj!,1
2469,davidbest95,1
2470,mrcockpit,1
2471,Stephja3,1
2472,BR_quer,1
2473,stadt_halle,1
2474,claudiadalbert:,1
2475,Boesegucker,1
2476,xtraa,1
2477,palura_panda,1
2479,c_aulb,1
2480,D_Kuchenbecker,1
2483,die_dk_de,1
2485,DemiurgDer,1
2486,Axlban,1
2487,Robert_V_Schuh,1
2488,DeutscheWelle,1
2489,dieternuhr,1
2490,MichaelBaleanu,1
2491,WM_BW,1
2492,digitalmobilBW,1
2494,wathzmann,1
2495,T3RevNeverEnd,1
2496,Jaguar,1
2466,pet_kem,1
2463,aiways_official,1
2427,Blue_eyes_2021,1
2462,MargitOtto,1
2429,Clemens_Rostock,1
2431,mbvans,1
2433,ProLanyard,1
2434,19Joe92,1
2438,HauschkeJ,1
2439,heiko70,1
2440,voba1,1
2441,ThierryKoskas:,1
2442,o_jthe,1
2443,die_gabe,1
2444,Sedios1,1
2445,EstererRoland,1
2447,susannegoetze,1
2448,oocx,1
2449,dystopic,1
2450,PankowerPflanze,1
2453,Papyrifex,1
2455,plan0815,1
2457,Drosera68576595,1
2458,HB00261469,1
2459,AufPhd,1
2460,PaulZwei,1
2461,workout_fox,1
2497,JaguarRacing,1
2498,GLS_Germany,1
2500,oliver_Krischer,1
2501,HptsStuttgart,1
2539,Hurgotron,1
2540,jenny_l_b,1
2541,HelgaJO1,1
2542,AfDVerdachtfall,1
2543,MorkOrg,1
2547,exiltoaster,1
2548,ichbinschoener,1
2549,MickyBeisenherz,1
2550,Bainit3,1
2551,heimolepuschitz,1
2552,norbertghofer,1
2553,revue,1
2554,UmweltTH:,1
2557,derwog,1
2558,MEArbeitgeber,1
2560,kinettehuber,1
2561,SRF,1
2564,kmk2108,1
2565,kjhgrau1,1
2566,Tweety70787885,1
2567,wordaholic,1
2568,RN_DORTMUND,1
2569,atlanus1,1
2538,hschmidt,1
2537,walterohneH,1
2536,Axel_UScale.,1
2514,jsprondel,1
2502,svmatis,1
2504,BezVerbandPfalz,1
2505,DerWebschreiner,1
2506,philipp_ebel,1
2507,Umweltrat,1
2508,GunterSiegmund,1
2509,SBohrnMena,1
2511,stadtnavi,1
2512,postgis,1
2513,StadtwerkeDO,1
2515,MartinJende,1
2535,"CDU/@CSU,",1
2516,StefanThumann,1
2517,MaSchu112,1
2520,dark_v1_0,1
2521,KostbarOL,1
2523,AliCologne,1
2525,allego,1
2526,mediamarkt_de,1
2527,Stadt_Trier,1
2533,Micha_Gruber😉,1
2534,inselpastor,1
2428,NiklasKorber,1
2426,argonerd,1
2297,Tstormwitch,1
2329,ArminPh,1
2331,RealHeckTicker,1
2332,mueller_nyc,1
2333,TerenceLeungSF,1
2334,FrRonconi,1
2335,labordeolivier,1
2336,Shi4Tech,1
2337,PawlowskiMario,1
2338,BMVI_Bund,1
2339,Saltytrees,1
2340,PolizeiMuenchen,1
2341,clscholz,1
2343,reinerfreitag,1
2344,HollenD12,1
2345,DWD_presse,1
2346,ludwigshafen_de,1
2347,KLIMAREPORT,1
2348,sankari83,1
2349,couch_dude,1
2350,GubbeIs,1
2351,dmdn41,1
2352,AlexNeuber,1
2353,Der_Boember,1
2354,TheLarsAvenger,1
2330,oliverschwuchow,1
2328,Christavo_Fring,1
2425,thinkBTO,1
2327,connylogo,1
2298,fcboleole72,1
2299,eco_de,1
2303,HVolquardsen,1
2305,AugustvonAugust,1
2306,fadouce,1
2307,TomHS10,1
2308,VDemokratie,1
2309,Mischlewski,1
2310,ninanoblee,1
2311,GuenterEich5,1
2312,GGandalf1st,1
2314,"renac_ag,",1
2315,tgrueninger,1
2316,auctus1234,1
2317,BankerBearded,1
2318,Hobbyketzer,1
2319,daddelfranky,1
2320,janschmidbauer,1
2322,niels_life,1
2323,AlexFRAOfficial,1
2324,_dd_bb_,1
2325,Pe_Kast,1
2326,arztvongniere,1
2355,Byt3DE,1
2356,Marinus1208,1
2357,davstier,1
2358,Momnbccxy,1
2389,Luckaffe91TV,1
2391,SusiAnsujali,1
2394,IngoNitko,1
2396,pikachu_just,1
2399,derralfbaer,1
2400,zettberlin,1
2401,ASFINAG,1
2402,konstruktionspr,1
2403,HSKoblenz,1
2404,Intertek,1
2405,BoardNfl,1
2408,smc_germany,1
2409,jakob4justice,1
2410,BestWesternCE,1
2411,nhhotelsde,1
2412,PalaceBerlin,1
2415,x4FF3,1
2416,SWUStadtwerke,1
2417,verbund,1
2418,vowe,1
2419,AnjaSiegesmund:,1
2420,ACEA_auto,1
2422,tagesschau:,1
2387,REEV,1
2386,unbesorgt,1
2385,ubitricty.,1
2371,JarischEnrico,1
2359,"presse_rbb,",1
2360,NewMotion,1
2361,lara_felicitas,1
2362,MagdalenaPentek,1
2364,smart_worldwide,1
2365,JohannesNormann,1
2366,petzvalus,1
2367,CafeJunkey,1
2369,Schebacca,1
2370,Dkeeper78,1
2372,Afelia,1
2384,chavalemana,1
2373,TomBri93,1
2374,Drowhunter,1
2375,lisagoeldner,1
2376,Astrogator14,1
2377,kramer_heinz,1
2378,Tini68274439,1
2380,TillMertens,1
2381,ehermittel,1
2382,mystayabroad,1
2383,firlefanzski,1
2007,NDitzenbach,1
2006,N_Gaebel,1
2004,FdpKa,1
1608,CVJM_Wuppertal,1
1610,GermanJon,1
1611,marc_sta,1
1612,CTreulieb,1
1613,kesselflicker0,1
1614,47apollo,1
1615,PhilHackemann,1
1616,DerRandberliner,1
1617,Lars_Kruse_1973,1
1619,PAM_a_Chemnitz,1
1620,P4FChemnitz,1
1622,ma_skod,1
1623,ThomasWalach,1
1625,bfp_fuhrpark,1
1626,saarland_de,1
1627,PresseSaarland,1
1628,ACK_MOGEoK,1
1629,polizeiberlin,1
1630,IOnity,1
1631,mer_deutschland,1
1633,WucherSebastian,1
1634,gradarDotCom,1
1635,19Insomnia82,1
1636,HabaraOida,1
1609,cvjm,1
1607,ThelenUte,1
1563,"meierhoff,",1
1606,service4charger,1
1566,MartinJucker,1
1568,tomosw,1
1569,Ernstjvd259,1
1571,lSnakel,1
1572,RikeWaldfee,1
1573,GrupoElecnor,1
1574,Electromaps,1
1576,MarcelPelzer,1
1577,solundaik,1
1578,mrtaanderson,1
1589,takeitwithme,1
1591,dielinkemd,1
1593,ITSHamburg2021,1
1594,RabattAuto,1
1595,MINI,1
1596,schwerter81,1
1597,KiWi1013,1
1599,giaaa1987,1
1600,Hefeweizen,1
1601,ralphruthe,1
1602,wo_saarland,1
1603,KreutiX,1
1604,schweizok2,1
1637,IsaZitroneneis,1
1638,GreenTrax_de,1
1639,KDKlak,1
1640,spschweiz,1
1670,alex_erath,1
1671,manuel01St,1
1672,GrueneFrakNRW,1
1673,m_dueker,1
1674,ExergieAt,1
1675,eupd_research,1
1678,marcuskoenignbg,1
1679,deutschetelekom.,1
1680,MesseBerlin,1
1681,JostAusSoest,1
1682,acschm1d,1
1683,"acschm1d,",1
1684,benediktmue,1
1685,kharthax,1
1687,Eloki89,1
1689,linux17404622,1
1690,Jakob_Blub,1
1692,H3adHunt3r98,1
1693,ronoc_cs,1
1694,Cylock1337,1
1695,Pilotix1,1
1696,AfDWahlkampf,1
1697,_Schecki,1
1669,ReinerKurzmann,1
1668,sasa_s,1
1667,Gruene_ABG,1
1652,BorisNMoellers,1
1642,Mitte_Centre,1
1643,FDP_Liberalen,1
1644,SVPch,1
1645,SoerenLorensen,1
1646,__redcat,1
1647,RedEarthTiger,1
1648,methusalix64,1
1649,dcremer_,1
1650,Westnetz-Kolleg*innen,1
1651,dermellor,1
1653,HerrSpaetzle,1
1666,Pfantomaus,1
1654,thorben_petelik,1
1655,mrc_tln,1
1656,wulfman_muc,1
1657,NullPunktNix,1
1658,Helge1711,1
1659,lilypap,1
1660,abbgroupnews,1
1661,ARD_Presse,1
1662,monopolkom,1
1665,jak_blume,1
1565,JRagnitz,1
1562,vonhammel,1
1699,learossi73,1
1455,FlixiFix49,1
1457,_Kittypunk,1
1459,_GermanZero,1
1460,daeuper,1
1461,ENERTRAG,1
1462,avaconag,1
1463,hansewerk,1
1464,edis_ag,1
1465,enviam,1
1466,vse_ag,1
1467,lechwerke,1
1468,bayernwerk,1
1470,norstabu,1
1471,neythomas,1
1472,HeinzSchutze,1
1473,JustitiaDormit,1
1474,NordmannHorst,1
1475,tuppesgadse,1
1477,"IONITY_EU,",1
1478,BinoLPG,1
1479,maybritillner,1
1480,Phoenix52303700,1
1481,OffenFur,1
1482,juergentuecks,1
1456,nell_indigo,1
1453,Phydra,1
1561,energate_news:,1
1450,DEW21,1
1418,BergheimJeff,1
1419,"ElkeTemme,",1
1420,VWGroup.,1
1421,Wirtschaft_SPD,1
1423,AlecSchoenburg,1
1424,BILD.,1
1425,fdpdvpfraktion,1
1427,SKeutmeier,1
1428,"SKeutmeier,",1
1429,EchoPRN:,1
1430,nikitheblogger:,1
1431,MeyerKerst,1
1432,lieber_scholli_,1
1433,Helheimer,1
1434,DahlkeThomas2,1
1435,DasDaMyWa,1
1441,Knitterfrei1,1
1442,Ruebenhorst,1
1444,nikitheblogger,1
1445,Kosmopolit7,1
1446,T1matix_,1
1448,annegretme,1
1449,HendrikB_,1
1483,DirkNiemann3,1
1485,MatzeMighty,1
1486,Uber_Ger,1
1487,INTILION,1
1523,vzbv:,1
1525,mathilde_fillon,1
1526,efesce,1
1527,ihk_ingo,1
1528,lgbeutin,1
1529,goodevil0562,1
1531,lazerman030,1
1532,HAL9000bma,1
1534,EneNoob,1
1536,jessi_rosenthal,1
1537,ErinMeyerINSEAD,1
1538,Chris_Rux,1
1540,LyllithB,1
1541,breitenbach,1
1542,merkaii,1
1543,_Ricardo_Simoes,1
1544,Tewordt,1
1546,kaimeglud,1
1548,HerrSchwarz1,1
1549,DVBAG,1
1550,"dcs_global,",1
1555,TotalEnergiesDE,1
1557,Zeitich,1
1521,GSiebeke,1
1520,FlorianJanik,1
1519,Lilium,1
1500,LetsShootShow,1
1488,EhrhardtAG,1
1489,rtl_direkt,1
1490,PeitenL,1
1491,ICE_IRT,1
1492,Pitimini15,1
1493,zill_michael,1
1494,eigentlichich,1
1495,Micha_K_NIX,1
1496,FalkWussow,1
1498,FCBBasketball,1
1501,buttertoastbro,1
1518,ABB(🇨🇭),1
1502,justb81,1
1504,hsv_jon,1
1505,Dianaownz100,1
1506,alexcio_,1
1507,TheMach08002455,1
1509,PIXEL_KEV_,1
1510,Andrey__Belkin,1
1511,LucaBrunsch,1
1513,FCAGermanyPR,1
1517,TeslaOwnersDEU,1
1698,FreuleinFuchs27,1
1700,CoreCombo,1
2003,hbd_83,1
1886,Jok_iw,1
1892,rasenspiesser,1
1893,42_antwort,1
1894,1_A_2B3Ctest,1
1895,MauriceHanecke,1
1896,utum_muc,1
1897,dpschool_io,1
1899,BugsBunny171,1
1900,tueflti,1
1902,tweet_earthling,1
1903,luxrationis,1
1904,PapaMittendrin,1
1906,StadtLeipzig.,1
1907,xelfmade,1
1908,OliverFranke10,1
1909,KurtHuwig,1
1910,BuschBu,1
1911,PflegeR3port,1
1914,JankoMarc,1
1915,xwolf,1
1917,Horizont.(2/2),1
1919,toterTrompeter,1
1920,HZwo_Sachsen,1
1921,Rocketist,1
1887,KarstenZapp,1
1885,MonicaWuellner,1
1851,AnnaGallinaHH,1
1884,NikolausBlome,1
1853,SDGMasterglass,1
1854,countUP,1
1855,JochenThyret,1
1856,_DasSchweigen_,1
1858,TeVauGe,1
1859,JoachimHummel,1
1860,MAHLE_Group,1
1861,EuRo4242,1
1864,tmpnerd,1
1865,valentina081989,1
1866,DryDanny81,1
1867,Essen_Ruhr,1
1868,TKufen,1
1869,getgridX,1
1873,H_Ametsreiter,1
1875,jk_Kleinschmidt,1
1877,messemuenchen,1
1878,SonoMotors,1
1879,MicrosoftDE,1
1880,UniFAU,1
1881,KanuKasper,1
1882,Dorte_Hoppner,1
1883,Bernd75142344,1
1922,JassiHamburg74,1
1923,"RolandSchueren,",1
1924,Phoenix_Berlin,1
1925,spd,1
1968,DocMapled,1
1969,tomueko,1
1970,HendrikLippold,1
1971,JuleStinkesocke,1
1972,per_bike_berlin,1
1973,CduMainz,1
1976,spdmainz,1
1977,SWM_Muenchen?,1
1978,StephanDaRe,1
1979,bischmi,1
1980,ABruckmuller,1
1982,JoergStb,1
1983,ILB_wirFoerdern,1
1984,noz_de,1
1985,rotrunner_ber,1
1986,EisenbahnerSH,1
1987,JNplusplus,1
1989,IMKFlash,1
1990,uweplus,1
1991,ABordramy,1
1993,AnfacAutomovil,1
1996,HannoKoehncke,1
1997,AbbWolfram,1
1967,beweisperbeweis,1
1966,ted_unlimi,1
1965,schwarzblond,1
1942,Stadt_Dreieich,1
1927,susan_sass,1
1929,kkongress,1
1930,eysvog3l,1
1932,FelixGeibel,1
1934,woelken,1
1937,CJesusala,1
1938,SarahLehmann019,1
1939,jbear01,1
1940,Stadt_OF,1
1941,KVOffenbach,1
1943,Stadt_Hst,1
1963,thetroglo,1
1944,Stadt_Langen,1
1950,onlyHolP,1
1951,fz_juelich,1
1952,LastViking9,1
1957,"jstrehmann,",1
1958,Gemeindebund.,1
1959,TorbenCidekis,1
1960,Streete19905982,1
1961,frofolederer,1
1962,AnniHuber,1
1852,24Against,1
1850,ninastahr,1
1701,__Mone____,1
1741,WSWWuppertal,1
1743,Sophisterei,1
1748,petra_quehl,1
1749,TH_Wildau,1
1750,_AlexanderEngel,1
1751,marvinschuth,1
1752,tobiastiefert,1
1753,leiderpolitisch,1
1754,Rebedj1965,1
1755,HansiiT,1
1759,ilimburg,1
1760,weizinho_,1
1761,stuttgarter2006,1
1762,chrisluxe,1
1763,abendblatt,1
1764,"deutschetelekom,",1
1766,o2de,1
1767,try_elvah,1
1770,eniwa_energie,1
1772,bauhausinfo,1
1773,LGezwitscher,1
1774,ZillaFan89,1
1775,dragon_daniels,1
1776,mgnsbckn,1
1742,gregor_kolbe,1
1740,kinkyfirefight,1
1849,Tom_Nue,1
1738,Ayoib71111319,1
1702,anked,1
1704,arrasz,1
1705,AnjaKarliczek!,1
1706,fpkayser,1
1707,ThThieme,1
1708,Bellona_murman,1
1709,HerrNaumann,1
1710,mariong1,1
1711,DoCruz1,1
1712,isotopp,1
1713,lachkuh,1
1714,RegUnterfranken,1
1716,zaptac,1
1717,BMBF_Bund,1
1718,heiseonline.,1
1721,SvenCykelgodt,1
1722,olithissen,1
1723,heidelberg_de,1
1728,BNN_BaNeuNa,1
1730,CHalfwheeler,1
1732,LaurinHahn,1
1735,NussigesAlien,1
1736,Agoraverkehr),1
1777,drunkenBaal,1
1778,Ingo_Arzt,1
1779,energyloadEU,1
1782,bstrasser,1
1817,Autopilotuser,1
1818,ferrari2k,1
1820,DLR_de:,1
1822,realMarkoKrotz,1
1823,AndyBa88,1
1824,EnyaqFan,1
1825,marquard_peter,1
1826,jwo_sh,1
1827,18didavid93,1
1829,wirelane.,1
1830,HakanArdic,1
1832,ElkeTemme,1
1833,amsonline:,1
1835,bundesrat.,1
1836,Smappee,1
1837,mobility_house.,1
1839,Ruhrkanal,1
1841,S4F_BeBb,1
1842,BVorbereitung,1
1845,arnehess,1
1846,Berlinradlerin,1
1847,klawue,1
1848,StreblowKay,1
1816,IAAMobility,1
1815,FDP-Chef,1
1814,Astiburg,1
1795,Stadt_Meerbusch,1
1783,AlbinMeyerCH,1
1785,ennolenze,1
1786,great_marus,1
1787,werhoernchen,1
1789,KowalskiFlausn,1
1790,Metro_News,1
1791,GEOMAR_de,1
1792,Land_SH,1
1793,"KaarstStadt,",1
1794,"krefeld,",1
1796,StadtMG,1
1813,HinterfragendeR,1
1797,euregioRMN,1
1798,ACEA_auto),1
1799,dolch_mathias,1
1800,BerlinReporter,1
1801,"c_lindner,",1
1802,Bundesrat,1
1803,MPKretschmer,1
1806,nelvius,1
1808,SiemensGamesa,1
1812,go4Tesla,1
4284,RegAssistProj,1
