Mention,Count
kkklawitter,77
BMVI,75
Elektro_Robin,68
VDA_online,56
news_nowgmbh,46
Stefan_Hajek,44
EnBW,42
nextmove_de,38
VQuaschning,34
stang2k,32
Die_Gruenen,29
Tesla,28
Hagen,26
AndiScheuer,24
welt,22
peteraltmaier,21
Knobelsdorff,20
cem_oezdemir,19
andreasscheuer,19
bmu,18
BMWi_Bund,18
handelsblatt,18
Karl_Lauterbach,17
zeitonline,17
Herbert_Diess,16
CKemfert,16
tagesschau,15
DudenhofferAUTO,15
bdew_ev,15
thestanceman1,15
KfW,15
OlafScholz,15
ElectriveNet,15
c_lindner,15
Wissing,15
VWGroup,15
janusPrime,14
Naturschuetzen,14
fdp,14
ABaerbock,14
frankfeil,13
SZ,12
RheinEnergie,12
Mingiam10,12
technikjuli,12
StromschlagYT,12
IONITY_EU,12
t3n,11
elonmusk,11
ZDFheute,11
DerGraslutscher,11
eMObilityBerlin,10
twittlik,10
BMDV_bund,10
araldeutschland,10
derspiegel,10
Hamburg397,10
technikblog_ch,10
HalleVerkehrt,10
volkswagen,10
simonimous,9
IAV_de,9
Oliver_Krischer,9
Luisamneubauer,9
EON_de,9
eautonews,9
MoormannRainer,9
MMittermeier,9
faznet,9
_tho_,9
c_schwarzer,8
ArminLaschet,8
cducsubt,8
YouTube,8
GeorgKonjovic,8
Markus_Soeder,8
M_Hundhausen,8
AudiOfficial,8
spdbt,8
elektrokarre,8
markusdd5,8
RamonaPop,7
BMWK,7
Fastned,7
igembb,7
ubitricity,7
_FriedrichMerz,7
Vattenfall_De,7
VWGroup_DE,7
StadtwerkBerlin,7
Touni,7
TilmanWinkler,7
BMWGroup,7
deutschetelekom,7
GdWWohnen,7
SiemensInfra,7
RL_Institut,7
jxn_simp,6
JPRuehmann,6
CMDRArchadder,6
ntvde,6
N_Heisterhagen,6
umrath,6
EUTheurer,6
DIN_Norm,6
SOZIALHELDEN,6
FabianLaasch,6
ChristophBeisl1,6
MaxFichtner,6
ecomento_de,6
BILD,6
DanielaKluckert,6
peter_simone,6
Ford_de,6
parents4future,6
NPMobilitaet,6
schnellenbachj,6
spdde,6
CDU,6
Ruediger_Krause,6
SenWiEnBe,6
FridayForFuture,6
glsbank,5
ADAC,5
KVBAG,5
innogy_emob,5
florianaigner,5
joerg_spengler,5
heiseonline,5
_mtiemann,5
GerdKebschull,5
Coliban,5
AllegoCharging,5
agoraverkehr,5
Daimler,5
vzbv,5
JVos63,5
elemob_de,5
DonBarbone,5
SenUVKBerlin,5
wiwo,5
HerrPhteven,5
KathaSchulze,5
Siemens,5
Koeln,5
EU_Commission,5
sixtus,5
Tagesspiegel,5
ZDF,5
Porsche,5
BahnkundenV,5
verkehrswendeb2,4
GernotDreher,4
CleanElectrCast,4
O_Arnhold,4
VeroWendland,4
Johannes0105,4
Pfalzwerke,4
RegineGuenther,4
Regendelfin,4
robinvonrobintv,4
volkswagen_de,4
RolandSchueren,4
FDPBW,4
MaAhl5,4
SilvaAtTwitta,4
WoifeWoife,4
greenostermann,4
SchaferCorinna,4
"VDA_online,",4
FDP_Durlach,4
TspBackgroundMT,4
Stadt_FFM,4
ZVEIorg,4
GenerationStrom,4
SiemensDE,4
MainovaAG,4
wdwarncke,4
ElectriveNet:,4
notnownothere3,4
AndiScheuer.,4
CoalDead,4
Stadt_Wien,4
DennisSchlmyr,4
radiermann,4
DomTHell,4
drumheadberlin,4
AndreasMemmer,4
bundesrat,4
FeynmansMethod,4
djbeetee,4
ChristophHorst3,4
Juergen_Kaiser,4
eMobilitaet_BEM,4
KerstinAndreae,4
PR_ibb,4
CSU,4
Umwelthilfe,4
Storch_i,4
MercedesBenz,4
_Cap_22,4
VKUonline,4
OlliLuksic,4
RobertBoni6,4
Bundeskanzler,4
Kartellamt,4
IAAmobility,4
BMWDeutschland,4
micha_bloss,4
rbbabendschau,4
rbb24,4
ladefuchs,4
polenz_r,4
fairzinsung,4
anjes_tjarks,4
VCDeV,4
McDonaldsDENews,4
handelsverband,4
ladeverbundplus,4
the_infinity,3
EskenSaskia,3
the_new_Toni85,3
EcoCarer1,3
WDRaktuell,3
lawen4cer,3
BrunsRainer,3
MercedesBenz_DE,3
solarpapst,3
k_stukenberg,3
wolpertinger42,3
bandee_de,3
OlaKaellenius,3
BrigitteKnopf,3
axiom4tic,3
weh_oh,3
InitiativeDZ,3
timohetzel,3
Hyundai_DE,3
OpelDE,3
GillyBerlin,3
NZZ,3
AlexE1789,3
andreasscheuer.,3
egghat,3
airfoxtwo,3
sz,3
MathisBoente,3
GrimmVeronika,3
mainz_de,3
iaostuttgart,3
dr_otto_schmidt,3
eozwei,3
initin_de,3
retolipp,3
cooliopenguin,3
MarieDMeier,3
f_stiebeling,3
rudifussi,3
ACEA_eu,3
oedp_de,3
stephanpalagan,3
ohoerl,3
FAZ_Wirtschaft,3
news_nowgmbh!,3
doktorhulk,3
Doener,3
LBBW,3
AutoStromer,3
jdoeschner,3
glptbollinger,3
FDPKarlsruhe,3
cutwindt,3
ThorstenRinne,3
RealDonDenito,3
GmbhWarncke,3
VWReplacement,3
KroegerOve,3
golem,3
Markus_Emmert,3
MDradelt,3
chri_gru,3
UdoSiev,3
frank_thelen,3
berndulrich,3
evilestmav,3
GLobenberg,3
HamburgEnergie,3
AlainS1991,3
mdrde,3
_itstobi_,3
sven_giegold,3
bnetza,3
ObenPartei,3
gruene_future,3
FraunhoferIFAM,3
bmvi,3
englisch98,3
greenpeace_nrg,3
BBH_online,3
ZoePionierin,3
GrueneBundestag,3
EichstadtTilman,3
NATURSTROM_AG,3
LenzGrimmer,3
UweSchneidewind,3
StefanBratzel,3
swdag,3
ardmoma,3
klimaunion,3
RenaultDE,3
HansTheGerman,3
ulfposh,3
Swiss_eMobility,3
Frontal21,3
Nokius,3
butenunbinnen,3
RegierungBW,3
_donalphonso,3
bayl,3
watch_union,3
tobiashans,3
IWOeV,3
ChargePointnet,3
HubertAiwanger,3
rezomusik,3
MatthiasGastel,3
Mrivan4you,3
radkolumne,3
alextv,3
ESterzel,3
BMVI.,3
ChrDorner,3
Gert_Woellmann,3
NDRinfo,3
Watch_Greens,3
kineyDE,3
RouteBetter,3
sbamueller,3
Balelt41,3
p_humm,3
dw_wirtschaft,3
horstmeierhofer,3
NetzeBW,3
AlexWdtt,3
ChangeGER,3
VBerlinautofrei,3
greenpeace_de,3
CHECK24_Presse,2
check24de,2
autofreiberlin,2
CCitiesOrg,2
"RL_Institut,",2
BVESeV,2
VDE_Group,2
"CHECK24_Presse,",2
GiverSteve,2
sven_zurich,2
HansDellenbach,2
northkap,2
augusdom,2
derGerfried,2
HH_BWI,2
hubject,2
QwelloCharge,2
eam_magazin,2
realAlexBlank,2
2jas,2
emmiweberwebde1,2
ehi_org,2
SchwarzerKorsar,2
baerbelgomez,2
MOIAmobility,2
mastafotygo,2
AJK_Kuhlmann,2
TheBug0815,2
PROMEENZ,2
prefec2,2
wegeheld,2
DennisKopljar,2
cihansugur,2
Clutter_Monster,2
Autobahn_Bund,2
RuisingerR,2
ProfEnergyHuber,2
IngoBehne,2
ChPeter_AT,2
SacStahl,2
EricBoetie,2
tagesschau.,2
WienEnergie,2
KantonZuerich,2
HolzheuStefan,2
systemstig,2
SimeonPreuss,2
ShareNow_global,2
Der_BDI.,2
dw_deutsch,2
spahn_thomas,2
toomBaumaerkte,2
mnowak_wob,2
MarkusHoeher,2
rosenbaumg0,2
VDA_online-Präsidentin,2
girocard,2
dneuerer,2
KebabChris,2
annewill,2
jochenknecht,2
_MartinNeumann,2
rolandweigert,2
OseloHH,2
sciforfuture,2
wiebkewinter,2
auchmaneinsagen,2
agentsinaction,2
girocard.,2
SecGranholm,2
Michael_Kunz,2
kimomed1988,2
RegSprecher,2
VDV_Verband,2
EWS_Schoenau,2
Klima_Mahner,2
LEE_NRW,2
phoenix_de,2
Strom_Im_Tank,2
panemetc62,2
NoFixedAdobe,2
e_Mobilitaet,2
ACE_autoclub,2
BoschPresse,2
joergstb,2
RND_de,2
SZ),2
stekkerauto,2
Senat_Hamburg,2
MeinElektroauto,2
UmweltBW,2
staedtetag,2
JanVollmer,2
chorherr,2
SvenjaSchulze68,2
enviaM,2
DLR_Verkehr,2
_thomasengelke,2
elektromob_nrw,2
7ieben_,2
acurus,2
MietTesla,2
jaeger1972,2
tacito_el,2
matalxis,2
zweilicht85,2
DerHutte,2
jansen_hh,2
mene_stfr,2
christophploss,2
MisterB02143851,2
MisterAltair,2
bankenverband,2
Taifun987,2
AstroSven,2
vincent13031925,2
emcaustria,2
Stadt_BS,2
Hornbach_tweets,2
pvmagazine_de,2
SDullien,2
dena_news,2
Der_BDI,2
DerMannes,2
Paul_Ewe,2
scheaaan,2
unge,2
Janomine,2
LH_Potsdam,2
janboehm,2
Shell,2
GrueneBremen,2
Chrissbm,2
AchimTruger,2
soerenbartol,2
abo_wind,2
nille_lee,2
BodoMdB,2
GNUmatic,2
EAutoPionier,2
xileffff,2
MDRAktuell,2
Baeumleschule,2
PaulZiemiak,2
georgrestle,2
tonline,2
gloriamue93,2
AbHotten,2
SWM_Magdeburg,2
0xa0000,2
"OpelDE,",2
Unstressed12,2
CG_194,2
ChristianOnRE,2
"BMVI,",2
pele_tweet,2
RainerReelfs,2
westenergie,2
BIDeutschland,2
germanenginee10,2
Toyota_DE,2
BerlinPartner,2
rahmstorf,2
next_e,2
Automobilwoche,2
MiKellner,2
Model3GER,2
NPEmobilitaet,2
DVFmobil,2
Gemeindebund,2
s_sommaruga,2
fwieschollek,2
Energyboy_72,2
PoterHairy,2
Andr_Jahn,2
ToniHofreiter,2
sven_kindler,2
Localiser_RLI,2
wuv,2
heuteshow,2
frischfuettern,2
Meyerberry,2
hannovergenuss,2
ulrich_leth,2
googlenews,2
T0xicHead,2
GlobalistYT,2
BreitbandB,2
Hoellenaufsicht,2
ReiSteurer,2
50lilli,2
fastned,2
sigismundf,2
Fraunhofer,2
fragger911,2
thuega,2
ko_essen,2
Brummelbr1,2
madmaks073,2
BerndWa,2
holgi,2
Ohne_Georg115,2
FahrradClub,2
BlakesWort,2
helsoeste,2
klaushinrichs1,2
hans_denkt,2
lindworm,2
SarajevoBiH1,2
EEnergiewende,2
sepp_reitberger,2
MarcoBuschmann,2
davepermen,2
WhileWeAreAtIt,2
fahrIehrer,2
abbdeutschland,2
NeuImNeuland,2
Hellinvernel,2
EmobilityEast,2
TerliWetter,2
stadtkindd,2
opdi_tex_GmbH,2
wudi161,2
pwerk01,2
___n2k1,2
s04paps,2
fridaysvib,2
StadtReutlingen,2
Fischwaffel_,2
DavidDuhme,2
stadtdortmund,2
focusonline,2
AgoraEW,2
VolkerEinem,2
pjanik_otm,2
okfde,2
Hilka1Hilka,2
oreissig,2
TiloJung,2
constanze_wo,2
MineCooky,2
Schupunkt,2
morgenpost,2
RITTER_SPORT_DE,2
TimmermansEU,2
sascha_p,2
ehandwerk,2
Denniste8,2
ulrics3,2
radiobremen-Reporter,2
Robotron_DD,2
hennerschmidt,2
a_pinkwart,2
FraunhoferISI,2
planwerk,2
stadt_dresden,2
NIODeutschland,2
emobly,2
RolandTichy,2
BMW-Chef,2
PatrickPlotz,2
Ricarda_Lang,2
hauwech3,2
johannesvogel,2
GNogarole,2
TspBackgroundMT:,2
vwmanufaktur_de,2
Vonovia_SE,2
DilgerMartin,2
SubNat69,2
DerDanyal,2
amadedotch,2
PiraToRo,2
lumpi_00,2
koehler_fdp,2
Mupsiii,2
TRDSRLZ,2
electrodocs,2
systemschaf1,2
Bern_Stadt,2
uwyss,2
AJK_Kuhlmann.,2
erzaehlmirnix,2
wissing,2
KlimaVorAcht,2
Pixelaffe,2
jochensiegert,2
ElektrischST,2
carla_reemtsma,2
hausinger_ihk,2
JTrittin,2
JensHilgenberg,2
nergie_de,2
Stoewhase,2
windnode,2
tazgezwitscher,2
teslamaniacs,2
FischwaffeI,2
tillmatthis,2
StefanHeimlich,2
HTWKLeipzig,2
OEAMTC,2
UliMolter,2
janfleischhauer,2
Nord_Mann,2
hildebentele,2
maxhaegler,2
euryeuro,2
Siemens_SFS,2
FH_Erfurt.,2
traufetter,2
UmweltTH,2
eenginemagazin,2
wunder2welt,2
_HelloPunk,2
lgewessler,2
holimuk,2
Rainer_Klute,2
transenv,2
olewin,2
SecretCoAuthor,2
maxi_muell,2
flotte_de,2
panter42,2
ewbBern,2
DeloitteDE,2
designmobility,2
MonikaHerrmann1,2
Shell_Germany,2
jens_tartler,2
has_to_be,2
Knarf_Sier,2
ruelke,2
Biokraftstoff,2
Frisobotter,2
UweRGGaertner,2
DieroteZora3,2
FunckyFranzy,2
BMW,2
ulid000,2
pkerchner,2
DennisKBerlin,2
AEnergiepolitik,2
Green_EnergyLab!,1
vwsachsen_de,1
VfL_Wolfsburg,1
HelmutSchwan,1
VWGroup_DE.,1
BeeCharging,1
LaDolceVita2262,1
micha_sco,1
thefhi,1
Dergoran,1
DrusseFrau,1
Torsten_Oertel,1
Solokrieger,1
igorpianist,1
Kingdomcometous,1
ainyrockstar,1
UVEK,1
RF70469,1
dermalte05,1
cducsubt.👇#emobility,1
GeJo77778455,1
TeslaDominik,1
KMichael91,1
netsociology,1
Telfreak,1
wbcsd,1
FanHerrin,1
KiaPress_EU,1
LarsBStern,1
Frankenpost,1
RealRusty,1
Angel_CGN,1
sascha_m_k,1
DerLader,1
RebHarms,1
wiese_r,1
KlimalisteBW,1
emptysignifier,1
eMobOnline,1
Sandravdeste,1
Schafkopfpokal2,1
TEAG_info-Tochter,1
PowerPlusCom,1
ZalosnaSova3,1
INSMPresse,1
EnBW-Entscheidung,1
tapir_mit_maske,1
schweizzzz,1
tiwoberlin,1
post_caro,1
cfrey1977,1
Palaeo3D,1
Leerzeit,1
PeterKlemisch,1
_sBernhard,1
_richtig_falsch,1
Tzierul,1
martinkoehlerMD,1
vwschweiz,1
JH0712,1
TEAG_info,1
MarkusFasse,1
Strack_C,1
AndreasLahmeWD,1
GrueneBW,1
sandra_weeser,1
wobe,1
Chripan123,1
dm_drogerie.,1
simschi,1
PeterSiegert,1
MFZelinger,1
herthabscler,1
Kultanaamio,1
larsklingbeil,1
energiegezwits1,1
MSeitl,1
rbrinkhaus,1
Tobiter2,1
insm,1
MichaelCerveny,1
Joerg_Ebel,1
jetzt_ischs_he,1
FuestClemens,1
sitzlump,1
JGemassmer,1
nzzwirtschaft.,1
LinaBrunnee,1
Schwunkvoll,1
VDI_News,1
SGudensberg,1
st_klaene,1
MarioHillmers,1
VGHVersicherung,1
CarloBaumgartne,1
Frank_GIROD,1
JLengenfelder,1
BOfH_Dj4n90,1
MartinCJanssen,1
mcgarrettcj,1
Entlang,1
justthore,1
realMaxBe,1
psychomaennchen,1
KITKarlsruhe,1
AechtaBayer,1
Latenightblock,1
lobstergodess,1
Barook1985,1
hmmuenchen,1
AntjeHermenau,1
SKhaksari,1
StefanSasse,1
fr,1
felixba,1
Thomas_Willner,1
b2charge,1
HW_Possibilist,1
Pookster1963,1
alex_avoigt,1
KayserAnita,1
golem.,1
Julius1977,1
allianz_de,1
Un_h_eilige,1
Peter_Nater,1
YogicCEO,1
_4impact,1
jusos,1
AccentureDACH-Experte,1
ebonyplusirony,1
detektorfm,1
ChStampfli,1
"hamburg_de,",1
BoehmerNicolas,1
Lou62039422,1
Brennpunkt6,1
MFrauchigerSVP,1
polarstern_nrgi,1
philodem,1
eswe_versorgung,1
TimKing60084996,1
WIRTSCHAFTakut,1
LongoFL,1
SilFoiera,1
SPIE_DZE,1
BMWi,1
WeShare_DE,1
J_Liberalismus,1
cdubw,1
marceselvis,1
fbrantner,1
EdwardRemusL,1
erzgruen,1
AntonGottschalk,1
Esda72451785,1
klaus66online,1
de_DrOwnz,1
ufoludek21,1
Hessen_Agentur,1
MoritzVargas,1
Spritplus,1
Chargepoint,1
Lumumba03748580,1
StaedtetagBW,1
"maxhaegler,",1
CptKrustenkaese,1
KayaKinkel:,1
Thomas_Bareiss,1
JudithSkudelny,1
igembb-Talk,1
Stadt_Marburg,1
Studis4FutureDE,1
Swisscom_News_d,1
Hubject,1
budgaard,1
TechemDE,1
saascharge,1
Maurice_Conrad,1
NickHeubeck,1
Ende__Gelaende,1
beidefische,1
Caritas_web,1
ExtinctionR_DE,1
FutureMarsian,1
"handelsverband,",1
klimapraemie,1
Hervol1,1
ZordidMuc,1
HEAGmobilo,1
jens_blume,1
voltampere1,1
Gernot,1
BoehringerDE,1
PeterWenke,1
ChristophSeile3,1
Cluster_IT_MD,1
Scharfensteiner,1
Stadt_Eltville,1
Rheingau_Kult,1
Stadt_Wolfsburg,1
lordxxl,1
kesseltv.,1
AutoMattern,1
ecrossgermany,1
RolandBarta1,1
Gruene_LU,1
JanGeorgPlavec,1
zentralplus,1
jglplu,1
stuttgarttweets,1
PoLILYtik,1
christian_zchr,1
dcs_global,1
Rahj8,1
Quadnt,1
MobilityDaimler,1
HubertBoth1,1
PaulWag75465328,1
FVBiogas_PRESSE,1
noack_marc,1
stadt_wuppertal?,1
BabettMohr,1
Kaeptn_Obvious,1
eeMobilityGmbH,1
StreetScooter_,1
BCG.,1
"ladeverbundplus,",1
osanten,1
sascha1352,1
Pierre_politics,1
marsroth,1
havellanderin,1
i_am_fabs,1
m_hoenisch,1
binneboessel,1
matzeman,1
dsgv,1
BerlinerClausi,1
Konsver,1
TRATON_GROUP,1
OlafGersemann,1
drzberlin,1
DanielSagesser,1
CO2GesetzJa,1
SpiegeleiVegan,1
saki_statement,1
DocHappy2,1
pvmagazine_de:,1
Spacewell_GER,1
wiwo:,1
ER_Stadtwerke,1
DanielOehlmann,1
50hz,1
RKemmeter,1
"StromnetzHH,",1
taschenorakel,1
StromnetzHH,1
SWP_Potsdam,1
achimh,1
MSDanielM82,1
"joinClubhouse,",1
Swiss_eMobility.,1
Handelszeitung,1
t3n.,1
te_poztlan,1
LeLacht,1
Nordstadtblog,1
the_fesxh,1
ThanloSir,1
Atze08497950,1
SparkasseHanau,1
PricelessPlanet,1
TZierul!,1
Mo40023501,1
a_sator,1
GFelbermayr,1
Artur67209483,1
Dneu869,1
_Gelsenkirchen_,1
StephanParlow,1
weedukind,1
taponedamage,1
Picklep83333900,1
ThomasSigmundHB,1
Matrazh,1
ThomasScheffer3,1
TinaRiedel3,1
DgsTraining,1
ZeynepGcbilmez1,1
MatthiasRehfel1,1
MichaelHK18,1
Peter_Edtl,1
TsiJulian,1
ChristfriedW,1
zerstorer86,1
groovybeatz1,1
sashlanger,1
UlrichLange,1
wdealers4,1
surferBS,1
LinkedIn,1
KEMETCapacitors,1
BSchlaepfer,1
Leyendakitara,1
pstnrt,1
elonmuskssohn,1
MiManske,1
silvan_theiss,1
Elmar_Iachi,1
Localiser,1
UNonnemacher,1
MSGIV_BB,1
NeinCo2Gesetz,1
tudelft,1
der_raddler,1
wahlforschung0,1
skB90G,1
ReinhardM8404,1
ZStadtfux,1
bEEmerkenswert,1
EANRW,1
PiratKSegatz,1
DB_Presse,1
Fuss_Florian,1
TZierul,1
RainerVoegtlin,1
FurbieMiller,1
musibaettu,1
NicErzer,1
sonnabend,1
ingonymous,1
MOIAmobility.,1
wirelane,1
elhotzo,1
dorloechter,1
Bugspriet,1
MpStephanWeil,1
HolgerKuhlmann,1
igwigg,1
swkkrefeld,1
Dr_Physikus,1
Mller82133940,1
Ben_Pfluger,1
adri_mls,1
Christi89994998,1
TeslaClubCH,1
SchmezerUeli,1
BFEenergeia,1
DerKatzenfuerst,1
fdp_durlach,1
Krabbinski,1
marcel_lehmann1,1
_14223,1
jungerhmb,1
Superutz,1
"ShareNow_global,",1
ChrHaendel,1
MarcSchrewe,1
peaqtechnology,1
wer0744,1
HeinerSommer,1
al_x_mq,1
iwonalaub,1
AndreasZommer,1
"EnBW,",1
Electromaps_DE,1
electromaps,1
YvC_77,1
ecoGP_de,1
jstnkoe,1
stangl_a,1
Mobility_Suisse-Geschäftsführer,1
Zugschlus,1
chemnitzgruene,1
smokerle,1
news_nowgmbh.,1
lisapaus,1
katdro,1
th_luebeck,1
moovility_me,1
Markus__Lanz,1
rbbinforadio,1
KfW_FZ_int,1
IVV_Magazin,1
schlingel,1
footils,1
dm_drogerie-Märkte,1
VolvoCarCH,1
Jupiter_Licht,1
St_Gemmel,1
OlafLies,1
DLR_de,1
gruendermetro,1
presseportal_ch,1
euref,1
hskteddy,1
peteraltmaier+@SvenjaSchulze68,1
journelle,1
ibeor,1
kfzplatzer,1
news_nowgmbh).,1
AvaconAG.,1
elmar_buss,1
Panthea2019,1
l_m_s15,1
DaimlerTruckBus,1
LichtBlick_de,1
ZF_Konzern,1
DJanecek,1
graf4_heilig,1
rethink_x,1
ZfK1,1
fabianhaun,1
SachsenInBerlin,1
koebi0711,1
treptauer,1
SatcadirAaron,1
AlineOzturk3,1
contra_hoch10,1
sec_dorothea,1
PCWELT,1
thomsen_jp,1
BThuroe,1
DieStubenfliege,1
f_schaeffler,1
JM_Luczak,1
ThorstenMumme,1
elektroniknet,1
OB_ThomasGeisel,1
Duesseldorf,1
"staedtetag,",1
AndreasBlnMi,1
GRlNDMAST0R,1
kaiwegner,1
lordknolldemort,1
wilddueck,1
morellwest,1
ewrflight,1
FamilieZoe,1
SchoeferMichael,1
pink_paul05,1
"Kur_Langensalza,",1
jenalichtstadt,1
"Duesseldorf,",1
"Yole_Dev,",1
matscoach,1
kliehm,1
StwBo,1
mobilityacademy,1
rad_ritter,1
SoerenBenn,1
JuStPankow,1
derInnensenator,1
heutejournal,1
DerWachsame,1
ziromr,1
bauchhaus,1
AvisDE,1
BudgetDE,1
Tobias_B,1
Norden271,1
IGMetall,1
pfeisi,1
tobwil246,1
FlixBus_DE,1
132Xenon54,1
WHZ_Zwickau,1
AdrianAulbach,1
AldiNordTipps,1
berlincityblues,1
HoSe21244,1
BZPorg,1
zeitonline:,1
AukeHoekstra,1
Marcmansons,1
tsystemscom,1
abgehxben,1
GACCWest,1
DWV_H2,1
Airbus-Chef,1
DB_Bahn:,1
StZ_NEWS,1
oeamtc,1
annette_kempf,1
BS_Netze,1
APVogt,1
UdoObst,1
Marco_W_S,1
tatentschluss,1
BawiTeBirim,1
HBraun,1
ozaed,1
klotzbrocken,1
Mattes_67,1
torstenherbst,1
Elfenbeauftrag1,1
ehpabrussels,1
mrohrlack,1
Energiewender,1
BS_Energy,1
pressebrh,1
Eclipseina,1
Patrick_Kurth,1
ProfGuidoKuehn,1
Raider_MXD,1
LinusPingvin,1
energisch_,1
christina_phi,1
joenuc,1
AleHaeu,1
KoeppelRoger,1
maxccastelli,1
royandmorty,1
TagesschauVor20,1
StromnetzBln,1
GLSgiroe,1
"WeShare_DE,",1
bitsundso,1
InnoTrans,1
tuessl,1
dirkaufsee,1
berlars,1
RenateKuenast,1
SofaMiri,1
schmidt_chen,1
alexhorner2002,1
supinoki,1
beibootpetri03,1
ergroovt,1
FlorianDoellner,1
maxOLAR1,1
4linblue1,1
Joerg_Meuthen,1
Bernhar54334227,1
WDRinvestigativ,1
CM_InnoEnergy,1
ElektrischLaden,1
rkleipzig,1
AnjaSiegesgmund:,1
BAFA_Bund,1
Hmfr,1
__Knut_,1
trendresearchDE,1
mart_di_be,1
ms_bridgetb,1
vecartec,1
simonschlauri:,1
GrueneMG,1
SPDratmg,1
LN_Online,1
BVG_Kampagne,1
peterunfried,1
AHW_Wasserkraft,1
Thomas_Bareiss.,1
"TamaraZieschang,",1
AndreUnikat,1
greenoid_de,1
OZlive,1
Airbus,1
lupos_lusatiae,1
a_pinkwart?,1
WirtschaftNRW,1
Cardano,1
Ripple,1
iotatoken,1
AHildebrandt70,1
MvonMauschwitz,1
klippiw,1
Grnfink2,1
thomasrauh,1
ole_vwdilab,1
stwboerse,1
DennisWitthus,1
siedhuss,1
emobicon,1
rembrandtEnergy,1
Eiertest,1
rogoering1,1
_SCHMIDT_JO,1
NilsInvest,1
ARDde,1
MaddyQuerulator,1
audi,1
rock_fdp,1
FDPHessen,1
becker_meister,1
KlrchenKlabust1,1
igt_matti,1
BundestagFragen,1
TOnline_News,1
Axel_Energy,1
e4Testival,1
Bundeskartellamts,1
hachtl1,1
thorstenbruns70,1
monnemfirst,1
agoraverkehr.,1
arne_s_punkt,1
IneskoNRW,1
TheDriveryGmbH,1
GroupeRenaultEV,1
TommieBatchies,1
Captain__Stark,1
wadenzwicker,1
ChristofStelma1,1
nerdtweet__,1
StadtLeipzig,1
VollzeitJonas,1
michael_lgg,1
stefanburgernet,1
stadtregensburg,1
TMueller_Wue,1
MichaelTh26,1
jens_tartler.,1
fairkehr,1
Schuldensuehner,1
Tiefseher,1
marcfriedrich7,1
kinderdok,1
mochiavelo,1
axel_gutmann,1
Lodenstwitt,1
bottrop,1
W_Lehmacher,1
der_bienenonkel,1
Kalle75291704,1
MarceWinter,1
JurgenWiertz,1
ndrmv,1
ATrumpfheller,1
ingozech,1
ePionier,1
ceo_plus_ch,1
emazzotta,1
rv_enigma,1
Koivaner,1
alinescherrer1,1
SpaceForFuture,1
BSR_de,1
CyrillSchmid,1
bindermichi,1
msebel,1
ElectrifyBW,1
robintvtv,1
emobileticker,1
schwa65,1
"ewbBern,",1
Herrndorf,1
handwerk,1
CharlyKuehnast,1
clairdelalune1,1
EnFreKo,1
Iceskiff_Limeoh,1
KlimaKanal.,1
SpotifyDE:,1
Silbersammler,1
ausgestrahlt,1
franzalt,1
AndreasWinckler,1
Unplugnukes,1
castor_stoppen,1
Jochen_Stay,1
HeinzSmital,1
IPPNW,1
BjrnPeters3,1
netzausbau,1
50hzofficial,1
uniper_energy,1
RWE_AG,1
TenneTTSO,1
TransnetBW,1
ndalliard,1
HJFell,1
IPPNWgermany,1
ApplePodcasts:,1
trebronbo,1
HilliKnixibix,1
Siemens_Schweiz,1
ObWeiss,1
Wohnwirtschaft,1
Keeper_86,1
An_di_Arbeit,1
DerClue,1
AntiAtomKA,1
ahlambauer,1
PunkInTheGym,1
jpasz,1
SebastianWetz,1
dmncbrl,1
SciFFHannover,1
Spanni11,1
DanielB84206582,1
Saxony5_,1
LavendelLab,1
"sternde,",1
Plugsurfing,1
macinthemiddle,1
wenzel_joachim,1
_HeadCrash,1
DowJoes,1
TrullaCouch,1
"focusonline,",1
CHIP_online,1
ThomasGrafe4,1
"wolfgang_gomoll,",1
BeryllsStrategy,1
NicoSchurr,1
ReineJumelei,1
narrhallamarsch,1
energiezukunft_,1
"NATURSTROM_AG,",1
LadeEngel,1
metzger_bernd,1
Ottostadt.,1
Shell_Germany-Ladesäule,1
HansLak,1
Adrian_Willig,1
_danielheim,1
unperfektfrau,1
chargeprice,1
renehoehle,1
5737ra,1
Tesla|s,1
DerContinental,1
cityinmotion1,1
autotestsonline,1
JennyGnther,1
Pader_Wahn,1
AndreasFiebig1,1
QuadroTeen,1
zukunft_erdgas,1
GAZPROMGermania,1
Dwintershalldea,1
pdfkungfoo,1
Der__Michi,1
TschenPe,1
stuttgart_stadt,1
eu_skinny,1
extra3,1
tronicum,1
"christophploss,",1
"cducsubt,",1
zukunftmobil,1
mobltcamp,1
hagergroup,1
StefanGelbhaar,1
MENNEKES_tweets,1
rathfux,1
LavendelLara,1
"AllegoCharging,",1
HoskyOShayoz,1
"EWS_Schoenau,",1
derSigiman,1
"greenpeace_nrg,",1
cd_etc,1
TommesR,1
SWallerus,1
KielDolphin,1
polirealm,1
dieklimawette,1
ellamaus15,1
NicolasSustr,1
ndaktuell,1
cklasen,1
ifok_de,1
chris_d77,1
sinalk97,1
skeeve1970,1
KrusekopfD,1
robinthschaefer,1
DonDahlmann,1
Inno_City,1
Automobilwoche:,1
Jimfi,1
KaGoldammer,1
kaddinsky,1
Viper7819,1
dantrimont,1
TRichte82727225,1
DrEricDing,1
HarmSebastian,1
SilkeLutz,1
SpainMike,1
ARD_MoMa,1
M_Briefing,1
hoffmannkathrin,1
ed_stark_DE,1
BMVI-Förderrichtlinie,1
kreis_re,1
handelsblatt:,1
"StadtRE,",1
EON_Presse,1
NdsLandesReg,1
bp_plc,1
DL4GO,1
"wiwo,",1
hv_hoorn.,1
"ArminKomenda,",1
iniklasfischer,1
VSornig,1
"Ubitricity,",1
Apple,1
Zoom,1
nulleberg,1
DerWirkungsgrad,1
JochenFlasbarth,1
apiussina,1
jamomachts,1
gutjahr,1
frau_johann,1
bglaettli,1
GuntherSchnabl,1
facekopf,1
SaschaSchwarzTV,1
ksta_koeln,1
avbelow,1
mortsiefer1,1
bela_bach,1
csu_bt,1
best_benjamin,1
KnorDavid,1
fre_rud,1
Waldkreis,1
JohannesThema,1
julia_holze,1
WhiskyJB2,1
Eifach_,1
00m0ve,1
Macintosh1968,1
areacode030,1
bitterlemmer,1
KreisSoest,1
NerlichMichael,1
JanBarkmann,1
Plugn_Roll,1
wusel,1
Katojana,1
OekoKetzer,1
fagri,1
BerndRae,1
cheetah_spotty,1
Markus306,1
RTyborski,1
aboomination1,1
dmdrogeriemarkt,1
PlahrAl,1
KafsackPhilipp,1
Sam_Liban,1
radioeins⁩,1
NowaboFM,1
3sat,1
KevinP_FFM,1
hessenschau,1
NewHyperion,1
MarcelM3p,1
AgileEnthusiast,1
icke2AIDA,1
munich_startup👇,1
DerSebastian2,1
aow_de,1
NABU_de,1
atklauner,1
"OlaKaellenius,",1
MercedesBenz.,1
Berlusconii1,1
Sebastian_hurra,1
GrueneFraktionB,1
nicolabeerfdp,1
Woculus1,1
nasanasal,1
stefan_ehlen,1
Pietbull47,1
Tesla-Kunden,1
RL_Institut.,1
ElectrifyAm,1
BMVI?,1
EnricoTokar,1
lukas_hammer,1
michelreimon,1
ntvde:,1
derspiegel:,1
stephanweil,1
electrifyam,1
KampLkamp,1
O_Arnhold!,1
JuiceTechnology.,1
jonahplank,1
LandkreisRoth,1
IONI_zed,1
MTHei,1
Edison_Media,1
froileinmueller,1
NatalieAmiri,1
pkrohn1,1
MartinaMunz,1
meierj8:,1
DHBW_Karlsruhe,1
TheICCT,1
LichtBlick_de!,1
VBruttel,1
CargoBikeJetzt,1
Angelazem,1
TspBackgroundEK,1
Reisebecher,1
"Opel,",1
DKEAktuell,1
Tesla_DE,1
staedtetag_nrw,1
StGBNRW,1
EinOstfriese,1
"hvormwalde,",1
FEGA_Schmitt,1
PhoenixContactV,1
pstaehler,1
campaigning,1
ladenetz,1
MAHLEGroup,1
d_zygmont:,1
mehblau,1
grumpypolidis,1
_gottlob_,1
wdr5,1
wdr,1
Sebasti88885010,1
heiseautos,1
tagesschau!,1
energate_news,1
BetzTobias,1
DIEZEIT,1
JoStowasser,1
BMVI:,1
RailyRick,1
WernerGoehl,1
ws_thueringen,1
juergen_hasler,1
handelsblatt.,1
AWM_Muenchen,1
3_mann,1
RichardSteidel,1
speis_oo,1
KatharinaREU.,1
RAIP03501548,1
tilbi,1
Linksfraktion,1
PiratenBVVMitte,1
OliverHaas19,1
DominicBarden,1
tuedelkopp,1
otte_heinrich,1
JoacimKreutzer,1
RRMeyer2,1
3811015,1
traegtmaske,1
DieHumanisten,1
HShumanist,1
ICRP,1
jouwatch,1
bdew_ev-Analyse,1
Ingrid_Remmers,1
CheckYourInfo,1
MartinhoSilves,1
DerMittelstand1,1
cduberlin,1
H2_MOBILITY_DE,1
oekomobil,1
SPDBT,1
Zeit,1
"FunckyFranzy,",1
"RWTH,",1
"VWGroup,",1
Kunkeline,1
Nobodys85519949,1
VolkerR5,1
sven_lierzer,1
C_A_Mayer,1
EnelXGlobal,1
Somebody08151,1
pfenicck,1
KASonline,1
EPPGroup,1
sbbnews,1
CDU_CSU_EP,1
JuiceTechnology,1
bikemaikinfo,1
RippelMarkus,1
Elektro_Robin:,1
AfDimBundestag,1
Der_VDIK:,1
guenschl,1
SusanneSCHAFFE2,1
CSchwenniger,1
EmmaPeel_Knight,1
b_gabelle,1
wdr2,1
labruunt,1
HelloEuromat,1
EP_Environment,1
aeaktuell,1
MatCMeier,1
RheinMain_HS,1
RwRednuloh,1
Telekom_hilft,1
roberto_blanko,1
EvaStegen,1
enercity_presse,1
bvm_hh,1
Marc_M00,1
drive_n_code,1
AbteilungArchie,1
BMDV_bund.,1
IONITY_EU!,1
Labonitamascota,1
MarkusTippner1,1
googlewatchblog,1
uscaledigital,1
Lenny_du_Nord,1
Soehniboy,1
joergprante,1
rossreiter,1
Florent1163,1
TillNassif,1
Leo_Proettel,1
AnkePlaettner,1
fdp.,1
morgenmagazin,1
AnderlLechner,1
KlausWiener,1
walddackel,1
wienerlinien,1
MarBel78,1
lill_mii,1
FrauNicoleHB,1
AirportCGN,1
ryut054KuR4,1
Huly16609302,1
woproschalek,1
Kia,1
Jane_Banane__,1
Klaus_Mueller.,1
SabineCalling,1
stwavo,1
Floskelwolke,1
OlafScholz.,1
OldTomBom,1
holgerhbaer,1
Joffrey77855104,1
KaiRuhsert,1
O__A__H,1
jobuartist,1
JoostBenjamin,1
takberlin,1
Stromnetz_HH,1
e_mobility,1
vzbv-Vorstand,1
StadtwerkeBonn,1
REHADAT:,1
wienenergie,1
BerndWeickert,1
Toyota,1
RegineGuenther.,1
H777Werner,1
R35CH,1
raffaeru,1
Micha_Gruber,1
GRUENEimRatBN,1
philipp_schott,1
Pluto_Berlin,1
blum_marianne,1
drewnicki,1
Ozz_EU,1
SixtDE,1
Holkre,1
KlaSchra,1
rammc,1
breitnigge,1
lichtlauschen,1
heikjack,1
bochum_de,1
WAZ_Bochum,1
radentscheidBO,1
SPeitsch,1
bad_salzuflen,1
kreis_lippe,1
"BMDV_bund,",1
"Knobelsdorff,",1
"DanielaKluckert,",1
Hi9hTecker,1
meierj8,1
moll_marcus,1
ManuelaSchwesig,1
bene_lux,1
pame,1
waide,1
agoraverkehr:,1
ZSW_BW,1
timo_b_bk,1
DB_Cargo,1
LionHirth),1
boeroer,1
frankiespeep,1
Co2Klima,1
light_building,1
gerber_nils,1
alwayssimifuzi,1
Werner_Beninger,1
tobiasf91,1
alpitronic,1
rightrelevance,1
axelwagnernet,1
paymentbanking,1
EichbergerAlex,1
ISL_eV,1
twiag1985,1
moritur_et_ride,1
berren1,1
gartenzerg,1
SMBAH05,1
ChrisBrey1,1
wa33erbauch,1
StefanSkibbe,1
pneumannberlin,1
WirSindGruen,1
toberg2,1
KSTA,1
Markus93511276,1
Milten85,1
PatrickKausW,1
RalphAichinger,1
DrStohr,1
WPSchill,1
razerrath,1
futurefuelsblog,1
SPD,1
dieLinke,1
FDP,1
eike_reinel,1
burger_jaap,1
Alternativlos3,1
"Wissing,",1
cs27496673,1
ClusterAuto,1
derFuchsi,1
ArneMeissner,1
pafeni,1
j_hkrueger,1
unpstep,1
jmtatsch1,1
MauriceHoefgen,1
duisburgistecht,1
FelixHeine,1
KapoZuerich,1
bayerndoktor,1
FullyChargedDan,1
CarelMohn25,1
sihk_zu_hagen,1
TechPreacher,1
Alaba00,1
ItsOnly26297711,1
larsReimann2,1
Nik_HDE,1
Beatrix_vStorch,1
FuW_News,1
bzberlin,1
0Ie1334,1
PhilipPlickert,1
W82401023,1
larswichert,1
franke_media,1
leanderk1400,1
fdp_ler,1
OnCharger,1
VestWazer,1
AdinaValean,1
REWE_Supermarkt,1
bu_ines,1
rewe_group,1
transportCH,1
wenig_worte,1
ckemfert,1
berlindirekt,1
webermannj,1
KaiKuklok,1
BodoSchulze777,1
KrassUrst,1
daFusco,1
HBClub_,1
METRO_DE,1
Crickerts,1
METRO_Politics,1
OlafLies.,1
ZoePionierin.,1
chillarius,1
RemindMe_OfThis,1
blocktrainer,1
Justdoitalex,1
"StromschlagYT,",1
BergheimJeff,1
"ElkeTemme,",1
VWGroup.,1
Wirtschaft_SPD,1
MenzelZEL,1
Kachelmann,1
s_andre93,1
MrsLiberalina,1
shiller79,1
tmigge,1
luckycat12,1
derOliverRoth,1
DrRealitat,1
B5perl,1
KenzoVandagg,1
jsoannaos_j,1
IvanHajduk10,1
keineah83803444,1
Nikolaus_Torun,1
ErikMarquardt,1
maithi_nk,1
ZDFneo,1
hubert_brand,1
bcs_eV,1
PwC,1
srfnews:,1
amsonline,1
garkeinding,1
StiftungKlima,1
JoergRodenwaldt,1
DeutscheTelekom,1
_the_guitarman_,1
felix_schaf,1
hddoger,1
realjonaswd,1
GruenePotsdam,1
Linke_Potsdam,1
SPDPotsdam,1
Roberto_GarMar,1
BusinessSweden,1
EnBW-Tochter,1
IsmailErtug,1
Siemens_SFS.,1
chris_schorbach,1
Herbert_Diess.,1
KS_MdL,1
Kai_Wehnemann,1
kolbenkopp,1
"lbv_sh,",1
MonikaHeinold:,1
osis1980,1
Sebasti34996356,1
cj5762cj,1
Vivantes,1
raulde,1
Doktorette,1
Frank_Golo80,1
althusmann,1
LazyPears,1
senec_gmbh,1
ZEISS_Group,1
bibs_bs,1
NeueLuft,1
jan_hauser,1
alnothur,1
LutzBecker4,1
insights_pm,1
PolizeiMFR,1
HenleJeremias,1
pYranhia,1
ETetzlaff,1
alxblu76,1
VonDorset,1
WGM99607495,1
tff_germany,1
FelixWettstein,1
RegulaRytz,1
Tectrion,1
takonekodajomi,1
Stefan_Hajek:,1
monscoronabur,1
DebateEnergyDE,1
JakobSchlandt,1
50Hertzcom,1
fortuna_blue,1
"utum_muc,",1
Twitt_Peer,1
ProfRieck,1
VW,1
MartinSeiwert,1
manager_magazin,1
Hansnd9,1
SPDSH,1
th-nit.de,1
exergetiker,1
DanielaKluckert.,1
PradaAbi__,1
Dewezet,1
Krachten,1
jstrehmann,1
real_mos,1
BuirerFuerBuir,1
HerrRain,1
HIThomasFranke,1
kaufland,1
WirtschaftNRW:,1
MarkusTurm,1
schienentiger,1
Insanus_Ultor,1
neuepresse,1
WahlheimatRuhr,1
tritium77,1
PaulGabriels1,1
vhhbus,1
stadt_pforzheim,1
DynamoDresden,1
RHStadion,1
aurelwuensch,1
verena_ramona,1
stefanhensel,1
Kai_Whittaker,1
DenfundDalz,1
BlarryOfficial,1
S4rD3ll3,1
UnrealMjn,1
kleinerdresdner,1
AndreasTengicki,1
SvenRecker,1
Kajo2009,1
BachmannRudi,1
ArupGroup,1
DrWaumiau,1
hochbahn,1
mistermaplel,1
marko_kopel,1
IlonaGruner,1
ehandwerkberlin,1
VdWsuedwest,1
VdWBayern,1
vdwSachsen,1
vbw_online,1
unsinn_s21,1
nuclearpostman,1
BUR_Nuernberg,1
DiederichSeidel,1
DieStadtfelder,1
OliverHornemann,1
spd_magdeburg,1
"GdWWohnen,",1
"ZVEIorg,",1
"ehandwerk,",1
BMWSB_Bund,1
gedaschko,1
gehirn1974,1
DurdenGaming,1
GINI_ART_,1
HelioxNL,1
40spokes,1
derkartoffelst1,1
DEmobil2030,1
JensHerforth,1
MenkeKathrin,1
mannheim_de,1
KHabenschaden,1
DasHaeufchen,1
Michel_aus_Joeh,1
"Michel_aus_Joeh,",1
thepolecon,1
bwegtBW,1
gruenergerd,1
Asolution89,1
CSaalmann,1
wiesson,1
v_goller,1
jankolehmann,1
SBetschinger,1
bacwberlin⁩?,1
JV94217358,1
DanielFrber1,1
SteveFi04457564,1
NurderK,1
parlamentpoet,1
lennybacon,1
ARTEde,1
BSteuerzahler,1
punktpreradovic,1
null_neun_elf,1
KTacki,1
patrickhanft,1
HannoKlausmeier,1
BjBerry00,1
Titanium70RD,1
Henrik30595432,1
slaue,1
die20er_innen,1
cruzii1337,1
YEAccount1,1
PTNisWarCrmnl,1
BHNNKMP,1
wunderlicher,1
gineer_n,1
bikezebub,1
Mitzi62042431,1
_marcus_zi_,1
atlanticandme,1
Cheeky38466727,1
taz_news,1
ThomasJahn,1
Sommerfrau20,1
OliverHeim,1
stadtwerke_ms,1
andy_wue,1
MAN_Group,1
darmstadtbot,1
FritzFriedlich,1
Hadmut,1
Weltraumcowboy_,1
t_losse_mueller,1
Kleinstadtpiotr,1
JMihram,1
wahlosttiroler,1
IngridFuhrmann3,1
BansheeHolzi,1
BSerienjunkie,1
James_Zabel,1
julianmarc10,1
Saki_Umwelt,1
Georg_Pazderski,1
HartmutVoigt,1
dpa,1
IHK_MUC-Chef,1
Ftutschk,1
PolitikMeinungx,1
raxa20151,1
noname38942,1
TobiasDirking,1
KfW-Energiewendebarometer,1
Stadt_FFM.,1
SaxeRalph,1
asg_news,1
dl4go,1
wahlborn,1
gustafgans74,1
thorbi_nrw,1
MalteEngeler,1
sm08151,1
23rasm,1
BMWK.,1
smbraun,1
FanofPython,1
f_karig,1
DerSebi89,1
7VAMPIR,1
threadreaderapp,1
DrAndreasS,1
sven_tek,1
QwelloCharge.,1
johannesdaum,1
RadtkeMdEP,1
MatthiasHauer,1
"TRATON_GROUP,",1
BiehlHerzfeldCo,1
leon28200,1
textlastig,1
user_keinname,1
yerushazicke,1
psyco308,1
Narcisa24108447,1
feministconlaw,1
pebelsberger,1
tagesanzeiger,1
TobiasHans,1
PSchoki,1
tommieboy2011,1
Rechtsdirektor,1
topfentrulla,1
Ohauaha,1
MSucrier,1
marc_f,1
EnBW!,1
berlin_radler,1
Anne92604484.,1
Panadu4Gei,1
12KeineAhnung,1
joeh6y,1
GerulfGerstenk1,1
PeinerFJunks,1
Gen_Fault,1
RaykAnders,1
_TiloBerner,1
delarabur,1
AntenneMainz!,1
Phate22_7,1
rbock9,1
dHandlos,1
bahnhof_marco,1
DB_Bahn,1
peterhense,1
Ch1990ris,1
ArvidKaiser,1
mathieuvonrohr,1
Eurelectric,1
JCWerner1,1
MarkusSOriginal,1
Franky313,1
z_abfalter,1
Rosa_Sonnenhut,1
ADAC),1
"EY_Germany,",1
stadt_wuppertal,1
HsHannover,1
MarcusTheurer,1
AndiRkn,1
clarkdoublejuh,1
enercity-CEO,1
MarloKratzke,1
nothingTVatYT,1
Berndte3,1
ArisenDrake,1
Ayranmagman,1
GoldhoferAT,1
LufthansaNews,1
jimbo77915190,1
JordanGriz95,1
politerei,1
MoStueck,1
fegebanks,1
WNP7013,1
madame_minx,1
ReichelS,1
JanBunnemann,1
Lykos_Phi,1
HenningBuerger,1
Viva_la_vita_0,1
hpr012,1
florianklenk,1
HeinrichU,1
Wrt45688033,1
rRockxter,1
LillyLue_Ki,1
TheMechanist9,1
Umweltbundesamt,1
andItsgone0815,1
DukeNuk23786979,1
CarstenGross,1
MOBILEZUKUNFTOS,1
bellau86,1
EEBUS_ORG,1
Bender_Germany,1
Prof_Buehler,1
WKogler,1
ToWo75590957,1
kaffeecup,1
ringrocker90,1
Caethan13,1
KuehniKev,1
stefan_gelbhaar,1
MarekYannick,1
TilmanvZ,1
PHaufe,1
pbruegger,1
bmdv_bund,1
doro_martin,1
reuther_bernd,1
DanielSturm14,1
Werdermaddin,1
amikoyashi,1
DudeReicher,1
Bankenretter_EU,1
Emanuel84569915,1
ChristofFWrules,1
f2135,1
eGovBonn,1
eurowelder,1
vrijbuiter_jcs,1
MarSta72,1
mr_oely,1
Spatzengepiepe,1
theRealWattwurm,1
MonikaSchnitzer,1
mortalhope1,1
PaulaPiechotta,1
CykloneTidal,1
woodpecker3c,1
TheThickPen,1
Schrottie,1
Scoti17,1
Ila_a_a_ria,1
Arishna12,1
SKeutmeier,1
"SKeutmeier,",1
lieber_scholli_,1
Cartman24,1
swisscharge_ch,1
gofast_swiss,1
stadt_wuppertal!,1
__Mannheim,1
quadratestadt,1
elektrisiert_de,1
i_Peter,1
DHZ_Handwerk,1
handwerksblatt,1
nwnews,1
s_schwartze,1
"Nokius,",1
dk_tsl,1
Sven19752,1
JohReetz,1
Protoscar,1
peigenmann,1
Mirdoejal2,1
thor383,1
DennySchmidd,1
MRexrodt,1
fdp_berlin,1
fdpCW,1
McCrypto,1
123buzios,1
jungpionier_,1
dgfeist,1
GruneLiebe,1
marco_knubel,1
flog,1
riwi,1
KoniSchmid,1
leumund,1
MBauchmueller,1
SchusterChristo,1
datenwolf,1
dothebart,1
phba151,1
Real_Eecast,1
Tura1211,1
moesl_roland,1
freie_presse,1
danyday12,1
_solarmanager,1
Ufftatta,1
CgnGero,1
ADFC_Berlin,1
FFF_Berlin,1
MarcusWadsak,1
TobiasWatzl,1
GeorgHanisch,1
wolff1352,1
HEA_de,1
Stadt_Karlsruhe,1
Stadtwerke_KA,1
dew21,1
sbeigl,1
ArminStecher,1
252Aegis,1
kindofmagic4u,1
PhilippLitz,1
WestfalenW,1
CpagSilala,1
Forestf55398433,1
ThePunisherneu,1
g_vonlutzau,1
BHindrichs,1
krautreporter,1
cantina_guy,1
TrueStoryDE,1
FunkeBerlin,1
presseunikasse,1
Webboy998,1
xDreamCoding,1
SZ_MuenchenLand,1
MerkurStadt,1
Abendzeitung,1
tzmuenchen,1
BR_Presse,1
BR_Berlin,1
muenchentv,1
reinhardX,1
dufitoon,1
zuschoen,1
gehtdochwien,1
gsohn,1
hamburg_de,1
twild103,1
tugraz,1
SZ_Bayern,1
nikbern,1
srfnews,1
HSequenz,1
janvesp,1
FreiheitModerne,1
Chemguy2_0,1
Arnd_Diringer,1
joergbange,1
BR24,1
platzfuerwien,1
KormannStephan,1
FrohJon,1
HMitterwald,1
P4Z1988,1
AnnikaJoeres,1
Claas100,1
WinterFreeda1,1
_MaxDev_,1
ma6,1
"frankfeil,",1
katzenundmensch,1
marco_tralles,1
dimi_christos,1
TrojanEnergyLtd,1
ZackFeddich,1
gecko203,1
gabonn,1
pkursawe,1
G4m3Division,1
KathrinAnna,1
S4fStuttgart,1
Marcus_aus_MD,1
TonyEger6,1
meisterlind,1
brkb19,1
rivado136,1
d4_fishman,1
RSchreibt,1
chris_pyak,1
Lovefefee,1
RobertB_Fishman,1
die_regierung,1
EnigmaVon,1
tgrind207,1
SebCzaja,1
annakatrein,1
B_Gunners21,1
TayfunNeser,1
PliniusMinor,1
klages_uwe,1
rawbowke,1
GuillotineTea,1
WWF_Deutschland,1
_Spoekenkieker,1
rstein,1
Helheimer,1
SchneiderElecDE,1
dieternuhr,1
MichaelBaleanu,1
T3RevNeverEnd,1
teslawelt,1
GunterSiegmund,1
SBohrnMena,1
a_braxes,1
RWI_Leibniz,1
KostbarOL,1
AliCologne,1
allego,1
mediamarkt_de,1
Stadt_Trier,1
jstammi,1
whyvern,1
iammteah,1
DeutscheWelle,1
Robert_V_Schuh,1
pet_kem,1
Drosera68576595,1
HB00261469,1
AufPhd,1
PaulZwei,1
stadtrj!,1
socmed_fh,1
RuckzudemStuhl,1
Axlban,1
BodoNoeske,1
davidbest95,1
palura_panda,1
die_dk_de,1
Nuklearia,1
DemiurgDer,1
WernerderChamp,1
Micha_Gruber😉,1
visevic,1
"CDU/@CSU,",1
kinettehuber,1
SRF,1
Audi,1
kmk2108,1
AnjaSiegesmund,1
"flinkster_de,",1
SWE_Erfurt,1
teamdpara,1
Philipp79148686,1
Stadt_Wiesbaden,1
greentardscycle,1
thinks_about_it,1
naveedmalikk,1
gischro74,1
Sventastic_78,1
MEArbeitgeber,1
UmweltTH:,1
revue,1
AfDVerdachtfall,1
Axel_UScale.,1
walterohneH,1
hschmidt,1
Hurgotron,1
jenny_l_b,1
HelgaJO1,1
MorkOrg,1
norbertghofer,1
CarFreiTag,1
exiltoaster,1
ichbinschoener,1
MickyBeisenherz,1
Bainit3,1
heimolepuschitz,1
Papyrifex,1
EstererRoland,1
Sedios1,1
die_gabe,1
ArminPh,1
oliverschwuchow,1
KLIMAREPORT,1
Momnbccxy,1
"presse_rbb,",1
NewMotion,1
MagdalenaPentek,1
gasagde,1
smart_worldwide,1
twizybaby1,1
JohannesNormann,1
petzvalus,1
TomBri93,1
Astrogator14,1
kramer_heinz,1
Christavo_Fring,1
connylogo,1
arztvongniere,1
GuenterEich5,1
Tstormwitch,1
fcboleole72,1
HVolquardsen,1
TomHS10,1
Mischlewski,1
ninanoblee,1
GGandalf1st,1
Pe_Kast,1
"renac_ag,",1
tgrueninger,1
auctus1234,1
BankerBearded,1
Hobbyketzer,1
daddelfranky,1
Heierle,1
Tini68274439,1
VCOE_AT,1
"news_nowgmbh,",1
aufnachmv,1
thinkBTO,1
argonerd,1
Blue_eyes_2021,1
NiklasKorber,1
Clemens_Rostock,1
ProLanyard,1
ACEA_auto,1
19Joe92,1
LinkeMadeleine,1
HauschkeJ,1
voba1,1
ThierryKoskas:,1
o_jthe,1
micha06de,1
AnjaSiegesmund:,1
ubitricty.,1
zettberlin,1
unbesorgt,1
SusiAnsujali,1
IngoNitko,1
pikachu_just,1
acatech_de,1
derralfbaer,1
ASFINAG,1
vowe,1
BoardNfl,1
smc_germany,1
jakob4justice,1
x4FF3,1
SWUStadtwerke,1
verbund,1
JayPiDabbljuh,1
ugly_but_rich,1
AndreNeumannABG,1
Gruene_ABG,1
IOnity,1
mer_deutschland,1
EWE_AG,1
19Insomnia82,1
__redcat,1
RedEarthTiger,1
Westnetz-Kolleg*innen,1
BorisNMoellers,1
mrc_tln,1
wulfman_muc,1
NullPunktNix,1
Helge1711,1
lilypap,1
Ottostadt,1
jak_blume,1
polizeiberlin,1
P4FChemnitz,1
PAM_a_Chemnitz,1
GermanJon,1
KiWi1013,1
Hefeweizen,1
ralphruthe,1
KreutiX,1
Die_Loewenstadt,1
ADFC_MD,1
marc_sta,1
AF_Will,1
CTreulieb,1
kesselflicker0,1
47apollo,1
PhilHackemann,1
DerRandberliner,1
Lars_Kruse_1973,1
Pfantomaus,1
sasa_s,1
RomanGrabolle,1
alex_erath,1
CoreCombo,1
__Mone____,1
GoogleNews,1
arrasz,1
fpkayser,1
HerrNaumann,1
mariong1,1
DoCruz1,1
isotopp,1
zaptac,1
BMBF_Bund,1
heiseonline.,1
olithissen,1
heidelberg_de,1
IngbertLiebing,1
learossi73,1
FreuleinFuchs27,1
_Schecki,1
benediktmue,1
manuel01St,1
eupd_research,1
marcuskoenignbg,1
JostAusSoest,1
acschm1d,1
"acschm1d,",1
kharthax,1
AfDWahlkampf,1
Eloki89,1
Jakob_Blub,1
H3adHunt3r98,1
ronoc_cs,1
Cylock1337,1
Pilotix1,1
schwerter81,1
RabattAuto,1
bv_elektromobil,1
bne_news,1
lechwerke,1
bayernwerk,1
norstabu,1
neythomas,1
HeinzSchutze,1
JustitiaDormit,1
NordmannHorst,1
tuppesgadse,1
"IONITY_EU,",1
OffenFur,1
juergentuecks,1
DirkNiemann3,1
MatzeMighty,1
rtl_direkt,1
PeitenL,1
vse_ag,1
enviam,1
edis_ag,1
DasErste,1
Knitterfrei1,1
Ruebenhorst,1
nikitheblogger,1
AnneWillTalk,1
MuenchUrsula,1
hankrainer,1
annegretme,1
hansewerk,1
HendrikB_,1
DEW21,1
_GermanZero,1
daeuper,1
ENERTRAG,1
avaconag,1
ICE_IRT,1
Pitimini15,1
zill_michael,1
JRagnitz,1
Tewordt,1
diegruenen,1
kaimeglud,1
DVBAG,1
"dcs_global,",1
energate_news:,1
MartinJucker,1
Chris_Rux,1
tomosw,1
SteveundJulian,1
MarcelPelzer,1
mrtaanderson,1
smegworx,1
oida_grantler,1
LyllithB,1
jessi_rosenthal,1
Micha_K_NIX,1
vzbv:,1
LetsShootShow,1
Dianaownz100,1
alexcio_,1
TheMach08002455,1
erlangen_de,1
FlorianJanik,1
mathilde_fillon,1
EneNoob,1
efesce,1
ihk_ingo,1
lgbeutin,1
goodevil0562,1
lazerman030,1
HAL9000bma,1
Klaus_Mueller,1
OlafStorbeck,1
NussigesAlien,1
SonoMotors,1
schieritz,1
JankoMarc,1
xwolf,1
Horizont.(2/2),1
toterTrompeter,1
HZwo_Sachsen,1
Rocketist,1
JassiHamburg74,1
Phoenix_Berlin,1
HelmutBuender,1
susan_sass,1
kkongress,1
eysvog3l,1
FelixGeibel,1
woelken,1
anncathrin87,1
PflegeR3port,1
BuschBu,1
Jok_iw,1
UniFAU,1
KanuKasper,1
Dorte_Hoppner,1
Bernd75142344,1
NikolausBlome,1
MonicaWuellner,1
KarstenZapp,1
StadtLeipzig.,1
42_antwort,1
MauriceHanecke,1
utum_muc,1
dpschool_io,1
tueflti,1
tweet_earthling,1
MaingauEnergie,1
1v3833n7h3r3,1
Senfberg,1
N_Gaebel,1
HannoKoehncke,1
AbbWolfram,1
presseunikassel,1
hbd_83,1
FdpKa,1
fdpbt,1
NDitzenbach,1
IMKFlash,1
kfzgewerbe,1
yvesexplosif,1
digipxls,1
CNobmann,1
"KVB_Info,",1
Philanthrop05,1
ABordramy,1
JNplusplus,1
dlfnova,1
frofolederer,1
StefanKaufmann,1
SWM_Muenchen,1
onlyHolP,1
LastViking9,1
TorbenCidekis,1
Streete19905982,1
AnniHuber,1
EisenbahnerSH,1
StephanDaRe,1
bischmi,1
ABruckmuller,1
pirandot,1
noz_de,1
rotrunner_ber,1
MicrosoftDE,1
messemuenchen,1
Ayoib71111319,1
jk_Kleinschmidt,1
mgnsbckn,1
drunkenBaal,1
Ingo_Arzt,1
Kl_Stone,1
bstrasser,1
mbroecki,1
ennolenze,1
great_marus,1
werhoernchen,1
KowalskiFlausn,1
Metro_News,1
GEOMAR_de,1
Land_SH,1
"KaarstStadt,",1
"krefeld,",1
dragon_daniels,1
ZillaFan89,1
LGezwitscher,1
marvinschuth,1
kinkyfirefight,1
WSWWuppertal,1
gregor_kolbe,1
petra_quehl,1
TH_Wildau,1
_AlexanderEngel,1
tobiastiefert,1
bauhausinfo,1
leiderpolitisch,1
HansiiT,1
ilimburg,1
chrisluxe,1
abendblatt,1
eniwa_energie,1
Stadt_Meerbusch,1
StadtMG,1
euregioRMN,1
Hallaschka_HH,1
Tom_Nue,1
ninastahr,1
AnnaGallinaHH,1
quarkswdr,1
BVG_Bus,1
tmpnerd,1
DryDanny81,1
klawue,1
Essen_Ruhr,1
TKufen,1
getgridX,1
H_Ametsreiter,1
vodafone_de,1
BayStMWi,1
StreblowKay,1
arnehess,1
dolch_mathias,1
Autopilotuser,1
BerlinReporter,1
nelvius,1
GoeringEckardt,1
dabinichwieder2,1
ManuelSchuste11,1
go4Tesla,1
ferrari2k,1
BVorbereitung,1
MaximalesD,1
wirelane.,1
HakanArdic,1
amsonline:,1
Ruhrkanal,1
S4F_BeBb,1
MangaVenaqui,1
