Hashtag,Count
Ladeinfrastruktur,404
Elektromobilität,358
elektroauto,204
emobility,182
Ladesäule,153
ladeinfrastruktur,152
emobicon,152
Elektroauto,136
eMobility,104
elektromobilität,79
Elektromobilitaet,73
Tesla,65
ladesäule,65
förderung,63
fuhrparkflotten,57
Kompetenz,56
schulung,56
Unternehmen:,55
Verkehrswende,46
Energie,43
emobilität,37
Elektroautos,31
elektrofahrzeuge,30
Energiewende,27
eauto,27
wallbox,26
BEV,26
unternehmen,26
Wallbox,24
Workshop,22
EnBW,22
Berlin,21
Ladeinfrastruktur.,20
Hamburg,18
Ladesäulen,17
energie,16
eAuto,16
Unternehmen!,15
"Ladeinfrastruktur,",13
Deutschland,13
EAuto,12
VW,12
Ladestationen,12
verkehrswende,12
Ladestation,11
tesla,11
Auto,11
eMobilität,11
ladesäulen,11
Strom,11
Ladesäule.,11
laden,11
jobs,11
EV,10
Klimaschutz,10
PHEV,10
Supercharger,10
Ladesäulengespräche,10
Emobilität,9
Ionity,9
Audi,9
elektromobilitaet,9
"Ladesäule,",9
Mobilitätswende,9
EMobilitaet,8
Ladeinfrastruktur:,8
Scheuer,8
EMobilität,8
autokorrektur,8
Elektromobilität.,8
energiewirtschaft,8
EAutos,7
Zoe,7
Mobilität,7
Elektrofahrzeuge,7
ladestation,7
ionity,7
energiepolitik,7
elektroautos,7
EEG,6
EnergieIT,6
Digitalisierung,6
Emobility,6
Fahrbericht,6
Carsharing,6
Reichweite,6
btw21,6
enbw,6
Wuppertal,6
elektrofahrzeug,6
HPC,6
Mobilitaetswende,6
Laden,6
ladesaeule,6
ÖPNV,6
EMobility,6
Unternehmen,6
Wasserstoff,6
Europa,6
energiewende,5
Elektroauto|s,5
Porsche,5
CO2,5
CDU,5
Baerbock,5
Akku,5
auto,5
energieverdichter,5
nachhaltiginvestieren,5
Tankrabatt,5
ABB,5
Klimawandel,5
Ampel,5
Ladepunkte,5
Verbrenner,5
Model3,5
supercharger,5
Diesel,5
ID3,5
eAutos,5
Illner,4
Verbrenner.,4
electricvehicle,4
zoe,4
enerson,4
ev,4
"Elektroauto,",4
electric,4
Ladesäulen.,4
Urlaub,4
Blockiergebühr,4
Mercedes,4
Grünen,4
Klima,4
mobilitätswende,4
Apps,4
Köln,4
Shell,4
Elektromobilität:,4
Autokorrektur,4
Nachhaltigkeit,4
Probefahrt,4
Ladesäule?,4
strom,4
München,4
energiemarkt,4
Rekuperation,4
Ladekarte,4
Stadtwerke,4
mobilität,4
verkehr,4
umweltbonus,4
elektromobilitätNRW,4
IONITY,4
Corona,4
Frankreich,4
rheinenergie,4
ElectricVehicles,4
Ladesäule​n,4
Youtube:,4
Tesla.,4
Autoindustrie,4
EU,4
Aral,4
Solarstrom,4
"Elektroautos,",4
lade,4
Ladesäule|n,4
Schnellladenetz,3
e208,3
innogy,3
Freiburg,3
LadeInfrastruktur,3
Kona,3
Gruene,3
tanken,3
Peugeot,3
Kaufland,3
emobilityeast,3
job,3
Ikea,3
fplus,3
Elektroauto.,3
Förderungen,3
tankstelle,3
mobility,3
Fahrstrom,3
koeln,3
alltag,3
Plugsurfing,3
suedstadt,3
Parkplatz,3
Bielefeld,3
MercedesBenz,3
autohaus,3
Lidl,3
südschwarzwald,3
Opel,3
Renault,3
ländlicherRaum,3
zukunft,3
ADAC,3
gesunder,3
Verbrennungsmotor,3
Edeka,3
e-mobility,3
eBike,3
CCS,3
China,3
hotzenwald,3
electriclife,3
Alltag,3
Hybrid,3
"Elektromobilität,",3
Volkswagen,3
Ladevorgang,3
Wachstumsmarkt,3
Mobility,3
Ladeinfrastruktur?,3
Ausbau,3
charging,3
Ladesäulenverordnung,3
BMW,3
Hannover,3
elektrotour,3
invest,3
ElektroAuto,3
kaufland,3
FridaysForFuture,3
SPD,3
Parken,3
energiemanagement,3
PV,3
investment,3
fail,3
elektrisch,3
Eichrecht,3
KfW,3
eaddicted,3
Ladepunkt,3
Elektro,3
kostenfrei,3
Triell,3
FunkoLiveTour,3
Leipzig,3
socialreminder,3
ID4,3
Roaming,3
Staat,3
Schierke,3
Tempolimit,3
verkehrsrundschau,3
emobility:,3
Antriebswende,3
Qwello,3
"Autos,",3
charginginfrastructure,2
HPC-Ladepark,2
"Zukunft,",2
CSU.,2
payment,2
Enbw,2
Power2Drive,2
StadtratC,2
swisstopo,2
klimaschutz,2
goingelectric,2
Winter,2
Fahrstromtarif,2
FutureMobility,2
autogipfel,2
Gruenen,2
Allego,2
Mehrwert,2
Schnelllader,2
Innovation.,2
Laschet,2
Braunschweig,2
evalley,2
emobility.,2
vwid3,2
sachsen,2
Lego,2
EQA,2
"Tanken,",2
BAFA,2
"Deutschland,",2
SchleswigHolstein,2
Hubject,2
"Verbraucher,",2
"PKW,",2
Hansewerk,2
Bremen,2
carmaniac,2
girocard,2
Jobs,2
Elektrofahrzeug,2
Zukunft,2
ebikes,2
Lanz,2
OWL,2
München.,2
Heiligabend,2
EWE,2
Stuttgart:,2
Stuttgart,2
BER,2
Falschparker,2
youtube,2
Duisburg,2
"Ladestationen,",2
Elektromobilität?,2
Supercharger-Standort,2
Stromversorgung,2
Tiefgarage,2
Celle,2
Autogipfel,2
"KFZ,",2
Enyaq,2
"Verkehr,",2
Effizienz,2
Compleo,2
OnCharge,2
sonne,2
Elektromibilität,2
electriccar,2
Ladepark,2
Ladesäule!,2
Dresden,2
model3,2
Parkhaus,2
Automotive,2
Autos,2
aufladen,2
Bayern,2
CarSharing,2
EBike,2
"Ökostrom,",2
Fastned,2
beratung,2
Solar,2
frankfurtammain,2
Tesla:,2
Sion,2
DC,2
Wallboxen,2
kWh,2
sws,2
Bochum.,2
Werratal,2
funfacts,2
batteries,2
Elektroauto-Fahrer:innen,2
NewMotion,2
Ilsenburg,2
Automobilindustrie,2
emobilitaet,2
comfortcharge,2
Barrierefreiheit,2
reichweite,2
"Remseck,",2
Podcast,2
reichweitenangst,2
id3deutschlandtour,2
VWID3,2
Mannheim,2
Pricing,2
relaxen,2
bev,2
Ökostrom,2
Kartenterminal,2
Smartphone.,2
Geschäftsmodellen,2
Zahlungsmedium.,2
Elektroauto-Ladeinfrastruktur,2
Kreditkarte,2
Innovation,2
WeShare,2
Whitepaper,2
Supermarkt,2
Elektrofahrzeug.,2
thefutureiselectric,2
Ladesäulenblockierer,2
ltwbw21,2
Oranienburg,2
InduktivesLaden,2
ConnectedCar,2
Sachsen,2
R2G,2
CyberKriminalität.,2
Biomethan,2
id3,2
Ladeweile,2
zuhauseladen,2
köln,2
Dänemark:,2
aldisued,2
LadeInfrastruktur.,2
Bürokratie,2
Norwegen,2
Förderung,2
ShareDichDrum,2
ENBW,2
Bargeld,2
Alpitronic,2
SWM,2
adac,2
Infrastruktur,2
CNG,2
"energiewirtschaft""",2
innovation,2
erneuerbare,2
Benzinpreis,2
Schnellladestationen,2
"Förderungen,",2
Kleinblittersdorf,2
Hyundai,2
abb,2
Energietechnik,2
Verkehrssicherheit,2
NRW,2
Diesel.,2
Klimaneutralität,2
eSprinter,2
Nissan,2
RunterVomGehweg,2
Offenbach,2
PedelecVelomobil'en,2
fdp,2
Elektroautos.,2
schweiz,2
EQC,2
mythen,2
elektromobilitätnrw,2
Polestar2,2
Spritpreisbremse,2
BYD,2
USA,2
fastned,2
stromtankstelle,2
eautos,2
AktuelleStaatlicheFörderungen,2
H2,2
Ladestrom,2
Startup,2
Elektroauto-Ladesäule,2
Ladenetz,2
EnergieEuropa,2
Elektroauto:,2
Frankfurt,2
Technologieoffenheit,2
stadtwerk,2
lidl,2
LKW,2
now,2
HondaE,2
gruene,2
bidirektional,2
Haltung).,2
mikromobilität,2
Ladesäule“!,2
förderungen,2
Lindner,2
CarPlay,2
Batterie,2
CCS).,2
Energiespeicher,2
V2G,2
eFuels,2
Audi-Kunden,2
BEV.,2
Habeck,2
Fahrspass,2
Volkswagen-Konzern,2
Lübecks,1
ichkannnurdreikommasiebenkw,1
Autokonzerne,1
Ausstiegsdatum,1
Deutschland.,1
Solaranlage,1
bleibtGesund,1
GNTM,1
MT,1
Elektroauto​s,1
ausgangsbeschränkung,1
Türchen,1
Etaxi,1
spaghettieisultras,1
Hypernetz-Filter,1
Ladesäule​n:,1
Leistungsstärkste,1
PedelecVelomobile'n,1
Taxi,1
gesund'er,1
"DEW21,",1
CO2-freie,1
emobiltity,1
entwicklungslan.de,1
smartie,1
Fahrzeuge,1
Hessen,1
Gesundheit,1
"Mittagspause,",1
CatchOfTheDay,1
Verbrenner?😳,1
ElektroEnergie,1
Elvah,1
Auto|s😍,1
EQV,1
A10,1
"schön'en,",1
BerlinerRing,1
AndroidAuto,1
PedelecVelomobilität,1
Staatsausgaben,1
ImmerVoll,1
Mobilitätswunsch,1
RausAusDerSchmuddelEcke,1
Investitionsanreize,1
emobiliy,1
Fahrspass👍📢,1
MaHe!,1
Roadtrip,1
change,1
KATEK,1
Roaming-Abkommen,1
Steca-Wechselrichtern,1
ChargeHere,1
Realer,1
eon,1
evcharging,1
futureofmobility,1
"KlimakriseISTjetzt,",1
Wechselrichter,1
,1
Usability,1
ReNuBiL,1
Eclipseina,1
CarSharing-Erlebnis,1
zeroemissions,1
"Schnellladen,",1
"ZOE,",1
Smartlab,1
Ladeinfrastruktur-Anbietern,1
Information,1
Ökostrom.,1
EAutos.,1
Cochem,1
BlödeFrage,1
VAGNürnberg,1
autoliebe,1
ElektrogrillenGehtAnders,1
Livehack,1
WobeiSÄULEwieKleinesSchweinundHACKSinnErgeben,1
Nürnberg,1
Strompeicher,1
HackMitBioelektrizität,1
AllesIstAusHackGemacht,1
Spackenalarm,1
eBus,1
Bibliothek,1
Adlershof,1
Verbrennerfahrverbot,1
ladehack,1
Ladepreise,1
Reinickendorf,1
juicebooster,1
Abzocke,1
CSR,1
ElectricCar,1
Steigerwaldbahn,1
Steigerwaldbahn...,1
Konzept,1
Wikingerland,1
Electriccars,1
Tempeln,1
TeamEnergiewende,1
Würzburg,1
Mobilitätswochen,1
Flensburg,1
Schnellladeplätze,1
SWAugsburg,1
RheinlandPfalz,1
Westerwald,1
ladetarif,1
Oberhonnefeld,1
McDonalds,1
Elektrmobilität,1
Wandel,1
ID.3,1
"Impfen,",1
MiniCooper,1
Bordsteinkanten,1
Mini,1
aldi,1
FörderungenfürElektroautos,1
Payback-Punkte,1
emove360,1
staatlicheFörderungen,1
Wuerzburg,1
Braunschweig.,1
"Symbolbild,",1
Nordfriesland,1
Glücksspielladen,1
Ladetarif,1
Rheinenergie,1
ladechaos,1
wokannichladen,1
Twike,1
ID3.,1
"tacheles,",1
goecharger,1
WinterWonderland,1
Stehzeug,1
Citroën,1
Individualverkehr,1
Esports,1
UrbanMyth,1
Kartenzahlung,1
FeuerdenScheuer,1
overengineered,1
Klimagipfel,1
Wohnungswirtschaft.,1
"Mieterstrom,",1
"SharedMobility,",1
Europe20XX,1
ecar,1
Energie-#Genossenschaft,1
Ordnungsamt.,1
fossilfree,1
Tankstellen,1
"emobicon,",1
vollelektrisch​e,1
Stromnetz,1
"Leaf,",1
ltwbw,1
Glückstadt,1
eGov),1
Beteiligung,1
"Zoe,",1
dafuq,1
designfail,1
PeugeotE2008,1
peugeot,1
eUp,1
Nordhorn.,1
Mazda,1
MX30.,1
Schnellladegesetz,1
Ladeverluste,1
echargeapp,1
Energiekonzern,1
Schnellladeparks,1
greenzero,1
Dublin,1
Citypanzer!,1
JoltEnergy,1
energiepoli…,1
GEIG,1
energiepolitik…,1
elektroautokarlsruhe,1
emobilitätkarlsruhe,1
LearningbyDoing,1
verkehrkarlsruhe,1
Neubauten,1
IONIQ5,1
etronGT,1
TeslaModel3,1
mobilitätkarlsruhe,1
Parkplätze,1
Rollstuhl,1
focuswuppertal,1
Supercharger.,1
eigenwirtschaftlich,1
Behinderte,1
karlsruhe,1
Mieter,1
FollowerPower,1
marktwirtschaftliche,1
Hybrid-Subventionseinsammler,1
dingediedieweltnichtbraucht,1
Herne,1
pion,1
caritas,1
AutomatedDriving,1
eaaze,1
Elektroauto-#Energie,1
Robotertaxi,1
NewMobility,1
BEM-Berechungen,1
EMobile,1
HeuteImKabinett,1
Verkehr,1
followerpower,1
emobiltiy,1
YesToNoCovid,1
WDR2Kabarett,1
Remseck,1
TVDuell,1
Benziner,1
BadenWürttemberg,1
Hondae,1
phev,1
Corsa-e,1
car,1
c1903,1
Hermannplatz,1
sfo,1
Xhain,1
Model3.,1
eMobilisten,1
YouChargeMe,1
EFAHRER,1
3K21,1
esistsokompliziert,1
"EAutos,",1
Ausgangssperre,1
SMGW:,1
Elektroautos!,1
Corona-Jahr,1
E_Auto,1
solarmanager,1
Elektrifizierung,1
eFahrzeuge,1
CSU,1
Tanken,1
echarging,1
SWU,1
Schnellladung.,1
B250E,1
A250E,1
EMobilität:,1
Generatoren,1
heute,1
Schweiz.,1
Elektrisch,1
OEM,1
Schnelladen,1
Sprit,1
Ladevorgänge,1
lappen,1
Miles,1
Duesseldorf.,1
Sorpesee,1
Schnee!,1
Sauerland,1
Brandgefahr,1
support,1
MeEnergy,1
wuppertal,1
Bioethanol,1
THG-Quote:,1
Linke,1
Grüne,1
RRG,1
Planwirtschaft,1
Österreich.,1
KfW440,1
GrenDeal,1
Brüssel,1
OctopusEnergy,1
Roaming-Vereinbarung,1
herrenhuterstern,1
schnee,1
ESE-Aussteller,1
startup,1
Wendland,1
ebike,1
zib2,1
VWs,1
"PV-Anlage,",1
eAutos.,1
share,1
Tesla-Experten,1
BadNauheim,1
Halle,1
bessermobil,1
weshare,1
Hitzacker,1
Corsa-E,1
FKEM21,1
chargingstation,1
plugin,1
Ladeinfrastruktur.😎,1
hybrid,1
ICE,1
Stöhr,1
"MobilityHubs,",1
AbenteuerEAuto,1
"Tankstellen,",1
nachhaltigreisen,1
TFF,1
inogy,1
Autobahnraststätte,1
SmartCity,1
WLAN,1
Straßenbeleuchtung,1
Donauwörth,1
LEW,1
Torfhaus,1
Brocken-Wanderer,1
Familienurlaub,1
klimakrise,1
co2neutral,1
enwb,1
Superchargern,1
Mobiliät,1
zoeventure,1
mobility+,1
Tesla-Supercharger?,1
DC-Ladestationen,1
Brockentouren,1
Dhdl,1
elektromobilitaetnrw,1
9vor9,1
Ladezeit.,1
ladepunkt,1
TOC,1
GTE.,1
England,1
ChargingStory,1
Karlsruhe,1
Oberreut,1
Berlinbrauchttegel,1
TXL,1
spannendistdasnicht,1
mühsam,1
Murmeltiertag,1
Maingau,1
Ladepreis,1
MSP,1
Klimakatastrophe,1
"Fahrradwege,",1
Daily,1
urlaub,1
sommerberg,1
badwildbad,1
"model3,",1
Münster,1
eMobilist,1
Verbrenner-Dinosauriern,1
ÖkoFakePluginSUV,1
Erfurt,1
"Kohlestrom,",1
Maingau-Ladekarte,1
Tesla-fahrer,1
eRoller,1
Viertelroller,1
Speicher,1
Söflingen?,1
38554,1
Akkuauto,1
Zapfsäulen,1
Paderborn,1
Twizy,1
oncharge,1
Ladegeschwindigkeit.,1
GMAutomation,1
Ganderkeseer,1
AnschubUmbauAntrieb,1
Verkerswende.,1
EMW2020,1
Mobilitätswoche,1
MobilityWeek,1
Diesel-Transporter/#Benzin-Transporter,1
naiveGrüneLappen,1
glasfaseranschluss,1
rechtsanspruch,1
eigentümergemeinschaft,1
wohnungseigentümer,1
eigentümer,1
wohnung,1
HDL,1
Löwen,1
Höhle,1
"Mobilität,",1
Hypernetz,1
"Solar,",1
Photovoltaik,1
"Walle,",1
Ladesaeulengespraeche,1
Erlkönig.,1
Neustadt.,1
Pascha,1
R2D2,1
"Laderoboter,",1
StarWars-Fan.,1
DitIsBerlin,1
aldinord,1
Demmin,1
laden!,1
käfer,1
umweltbewusst,1
stilvoll,1
FutureMobility2020,1
GläserneManufaktur,1
eMobilität:,1
Incubator,1
podcast,1
zuparken,1
"Batterietechnik,",1
AMRapideE,1
WalkForSelenkay,1
NeueMobilitaet.,1
Kostentransparenz:,1
VDIVnewsletter:,1
"Grundsteuerreform,",1
zusammen,1
elektrische,1
Autobauer,1
deutsche,1
Strafzettel.,1
E-#Auto-Ladesäule:,1
Tesla-Fahrer,1
PlugInHybride,1
SchönbergerStrand,1
REWAG,1
DKVmobility,1
Ladekabel):,1
RenaultZOE,1
Bonn,1
Ibbebüren,1
Transrapid,1
Witten.,1
Autostadt,1
Radwege,1
Berlin-#Steglitz,1
fahren,1
Wiesbaden.,1
Pluginhybrid,1
Preisanzeige,1
PedelecMobil,1
baum,1
Elektrizität,1
arbeiten?,1
Polen,1
FFM:,1
ladepunkte,1
giroe,1
Energis!,1
"Klimawandel,",1
Assi,1
elektrovehicle,1
buchholz,1
smart,1
Pseudoargumente,1
Husby,1
LAGA,1
Elektromobilitaet.,1
Fake!,1
Uber,1
coaching,1
undfeddich,1
engagement,1
GiroKarte,1
Biogasauto,1
Erdölverbrauch,1
ModelS,1
Mühlacker,1
Schrammel,1
Hotel,1
Wettbewerbsvorteil,1
dienstwsgen,1
Elektrobus,1
"Noetigung,",1
hyundaikonaelektro,1
"Hotel,",1
Bremen.,1
allego,1
Youtube-Video:,1
klimawandel,1
planen,1
Leserbrief,1
phot,1
sonnenenergie,1
erneuerbareenergie,1
energieversorgung,1
statkraft,1
virtuelleKraftwerke,1
ladelösung,1
elektrischladen,1
austankenwirdladen,1
echtneubewegt,1
wasunsdiezukunftbringt,1
Chademo,1
HPC's,1
germany,1
renault,1
Supermärkte,1
Rangeextender,1
leipzig,1
newmotion,1
blöd,1
MAN,1
smarteq,1
Kia,1
dienstwagen,1
Elektroauto247Aufladen,1
Elektromobilitätfunktioniertwennmanwill,1
sklasse,1
Elektrofahrer,1
Stromtanken,1
Dreistigkeit.,1
krönung,1
umwelt,1
crowdfunding,1
Blog,1
VoiceoverCars,1
Sektoruntersuchung?,1
Sylt,1
soldinerkiez,1
energiepol…,1
Ladekabel,1
LadeStation,1
emobicon.de,1
Telekom,1
gemeinsamesleiden,1
badparking,1
e-Golf,1
juhu,1
MehrfachSteckdose,1
2022,1
"Zapfsäulen,",1
"Ladesäulen,",1
Alien,1
Blop,1
Schleimpilz,1
Niedersachsen.,1
Überlingen,1
Friedrichshafen,1
bodensee,1
Standortvorteil,1
bidirektionales,1
EEGUmlage,1
Bürgerenergie,1
Elektroauto-Gedicht:,1
Volkswagen-Konzern!,1
ProductionnetACGmb,1
BMVI,1
"Niederlanden,",1
Tutorial,1
Klimaziele.,1
VDA:,1
EndeGelände,1
Kohleausstieg,1
MDR,1
MediaCity,1
KonaEV,1
StadtwerkeDuisburg,1
Raststädte,1
natur,1
science,1
wissenschaft,1
guddi,1
ladetarife,1
taycan,1
blick,1
gofast,1
Ladung❓,1
Umwelt,1
grün,1
A8,1
Ladepunkte;,1
grünerStrom;,1
Medienmitteilung,1
news,1
ots,1
LockdownLight,1
Total,1
Viessmann,1
Flexibilisierung,1
Naturstrom.,1
ratracer,1
Comexio,1
OpenWB,1
Michigan,1
Tübingen,1
Paccar,1
"Autofahrer,",1
hartaberfair,1
ladesaulen,1
brigachtal,1
"Privathaushalte,",1
Marktbeobachtung,1
DeinFreundUndHelfer,1
elektromobiliaet🤦,1
WinterIsComing,1
noafd,1
Ladeinfrastruktur...,1
Verdienst,1
"homeschooling,",1
"fahrradalltag,",1
"5G,",1
"Digitalisierung,",1
"StreetView,",1
ladenetzde,1
gratisladen,1
Ladepunkt.,1
Efacec,1
123energie,1
Elektromobilitäts-ABC,1
E-Auto,1
Chargers,1
Gipfeltreffen,1
Wochenmarkt.,1
Köpenick.,1
Schlossplatz,1
USB-#Ladesäule,1
"Förderung,",1
"Wallbox,https://t.co/iKh6JZ14yv",1
Detmold,1
Grandland,1
Apple,1
ChargePoint,1
VDA,1
maischberger.,1
maischberger,1
Maischberger,1
solar,1
windkraft,1
chademo,1
Tesla🚗,1
FunFact:,1
LadeFrust.,1
evo,1
SOH,1
Boellerverbot,1
"RenaultZOE,",1
Mainz,1
teslamodel3,1
C5,1
Citroen,1
Berlin|er,1
WallBox,1
WMM:,1
RT,1
EngagE,1
abzocke,1
schnellladen,1
Wirtschaftlichkeit,1
Archiv,1
Ladeinfrastruktur|en,1
SmallGrid-Technologie,1
BezahlbaresWohnen,1
"Rücktritt,",1
"Ladesäule.n,",1
"ÖPNV,",1
"Autobahn,",1
Mittelhessen,1
Leun,1
Bürgermeister,1
mussmannichthashtaggn,1
i3,1
Biesdorf,1
sensorManufaktur,1
ladestationen,1
ki,1
Belegungserkennung,1
Moritzburg.,1
Elekromobilität,1
Navigation-Unterstützung,1
Elektromobiltät,1
Hilden,1
Parkfläche,1
ladeWERK,1
Ultraschnell-es,1
EMobiliät,1
Rutesheim,1
plev,1
Tankstelle,1
PCMDigitechConsultingGmbH,1
Immobilien,1
Kosten,1
Kretschmann,1
wucher,1
Deutschland...,1
ladestationen.,1
blockiergebühren,1
Eisfach.,1
Sauna,1
GrünerVerbrenner,1
Abschleppdienst,1
Klimaanlage,1
Falschprkern,1
BERtesten,1
3,1
Ladesäulenreport,1
GLSMobilitaet,1
glsbankwirkt,1
nextgenerationpayment,1
bankingclub,1
GLSGiroe,1
eScooter,1
Schnellladepark.,1
Elek­troauto,1
intermodal,1
ekf,1
"56324,",1
Ladezeit,1
MobilityHub,1
AkkuWechselstation,1
StromZapfsäule,1
Schnellladestation,1
ERoller,1
EScooter,1
Holzmarktstraße,1
BerlinMitte,1
Jannowitzbrücke,1
B|#Berlin,1
noemobilitywitheon,1
offline,1
Rely,1
Ubitricity,1
Ladebedarf?,1
Ladepunkte.,1
AutoKorrektur,1
MobilitätsWende,1
soest,1
Ubitricity.,1
Leonberg,1
Autokorrektur.,1
KatjasAutokorrektur,1
WELMO,1
151563,1
sharedmobility,1
AfD,1
euc,1
Verkehrswende?,1
FullElektricConcept,1
chademo),1
Verbrenner.s,1
Elektroauto-Virus.,1
Stralsund,1
recht,1
Ratgeber,1
E-Autos,1
Schöneberg,1
EurefCampus,1
Ordnungsamt,1
Potsdam,1
vorarlberg,1
WegDa!,1
Bankmagazin,1
Finance,1
Banking,1
A****,1
preistransparenz,1
ladeinfrasturktur,1
preisvergleich,1
suhl,1
lockdown,1
Gruenen.,1
Umparken,1
EMobilitätsstudie,1
GoElectric,1
Lkw,1
Ladesystem,1
LifeIsOn,1
InnovationAtEveryLevel,1
automotive,1
q4etron,1
CleverSnapshots,1
traffiQ,1
Knut,1
BarrierefreiBesserAnkommen,1
remscheid,1
Energieverlust,1
Wirkungsgrad,1
Verlustwärme,1
Energie.,1
WLTP,1
AlternativeAntriebe,1
Thüringen,1
AutonomesFahren,1
Brennstoffzellen,1
Batterietechnologie,1
erneuerbareenergien,1
FreeJConstantine,1
eAuto-Ladesäule,1
Verbraucher:innen,1
Glücksspiel...,1
Leidenschaft,1
SchneiderElectric,1
EON-Schnellladesäulen.,1
NEW-Säule,1
Sinsheim,1
Gebäudesanierung,1
Klimaneutralität.,1
Fachkräfte,1
Annalena.,1
weihnachten,1
Guetersloh,1
Umweltausschuss,1
jetztmobil,1
Möckernstraße,1
InsideOnDemand,1
OnDemandVerkehren,1
EVCC.,1
PlatzderRepublik?,1
eladepunkte,1
innovationleben,1
bayerninnovativ,1
"Bayern""",1
Ladeorte,1
generation_e,1
Elektroauto|s.,1
berlin,1
Saarland,1
"Kobolde,",1
whyaremen,1
Team,1
Lieferanten,1
"Handwerker,",1
DANKE,1
Daseinsvorsorge?,1
Ladesäule:,1
Magmet,1
Holcim,1
EON,1
Telsa,1
Ladeverlust.,1
KAufbeuren,1
Elektrokraxn,1
Handwerker,1
Hamburg:,1
LadesäulenWasFürEinGraus,1
fairkehrswende,1
ettlingen,1
giessen?,1
ladejammer,1
giessen,1
SchleswigHolstein:,1
idbuzz,1
highvoltage,1
kommunal_eu,1
antriebswende,1
Ladesäule‘n?,1
hypercharger,1
swobbee,1
cargobike,1
Enrergiewende,1
dresden,1
newbie,1
PorscheTaycan,1
HadeB,1
Elektroautos.s,1
RFC,1
Fiat,1
ElectRoad,1
Autofreien,1
mehrplatzfürsrad,1
EU.,1
flensburg,1
autobahn,1
Running,1
lol,1
wasmitladenetz,1
Zoe:,1
CO2AusstossJetzt!,1
MINUSGESCHÄFT,1
Umsatz,1
Öffentliche,1
weilwirdichlieben,1
BVG,1
Ladegipfel.,1
Laufen,1
Heizungstausch,1
Solarausbau,1
ESWE,1
Mobilitaet,1
eMIS,1
Magdeburg,1
Dinkelsbühl,1
barrierefrei,1
BorderlessCharging,1
"Ladeinfrastrukturkonzept,",1
Ladeinfrastruktur-Aufbau,1
MonkeyWrenchGang!,1
hotline,1
CenterParks,1
Schweinfurt,1
nachhaltiganlegen:,1
Car2Car,1
Wachstumssektor,1
Verschandelung,1
ESWEWiesbaden,1
Elektromobiliaet,1
sonicht,1
keine,1
DortmunderZoo,1
TheFutureIsElectric,1
wirgehenmitderZeit,1
2020-Spitzenreiter,1
lesch,1
kannsteDirnichtausdenken,1
"CarSharing,",1
machinelearning,1
elektrischnachMalle,1
BEV)?,1
mdrza,1
Elektroautos:,1
sommerhaus,1
EVSE,1
Elektroauto&amp;,1
UrbanArroganz,1
GruenerMist,1
Barbockmist..😎,1
Klimawahn,1
dieHeimreise,1
baerbock,1
wallbox.,1
audietronsportback,1
audietron,1
audi,1
Ladeinfrastruktur),1
sonntag,1
annalenasespeicher,1
forScience,1
blackout,1
klimahysterie,1
Energiewahnsinn,1
Klimakrise,1
testsieger,1
photovoltaik,1
Grundgebühr,1
Klimaneutralitaet,1
nachhaltiges,1
Tarife,1
VerbraucherInnen,1
electriccamping,1
ecamping,1
ID4.,1
Ladeleistung,1
Barrierefreiheitsstärkungsgesetz,1
EAA,1
BFSG?,1
FFF,1
Dortmund,1
Betriebsbetreuung,1
Nordstadt,1
Elektrofahrzeug|e,1
Gasversorgung,1
Koalitionsvertrag,1
EQS,1
Elektroauto-Fahrer,1
ADAC:,1
Skoda,1
wirgestaltenenergie,1
eswe,1
wiesbaden,1
Tectrion,1
CHEMPARK.,1
hackathon.,1
kreuzhilden,1
OpenDataHackSG,1
autogipfel2021,1
hbautogipfel,1
COP26Glasgow,1
AndiBScheuert,1
"EVPass,",1
AEW,1
"Fastned,",1
ladeparkkreuzhilden,1
ladepark,1
seedandgreat,1
Harz-Region,1
CURRENTA,1
Darss,1
Elektroauto/#Dienstwagen-Prämie),1
Pendlerpauschale,1
Marktwirtschaft,1
CovPassCheck-App,1
Ettlingen,1
Gratis-#Ladesäule,1
Trucker,1
Nordkorea|nische,1
Wanker,1
danketanke,1
cleanenergywillwin,1
stromtanken,1
soveryberlin,1
Weiterbildung,1
Piraten,1
Born,1
Frühling,1
geschäftsmodell,1
ladebuchse,1
ladebuxe,1
Zeitverlust,1
Autobahn,1
Ladeinfrastruktur-Förderung,1
id4gtx,1
Erneuerbare,1
Seminar,1
LOHC,1
Blickfeld.,1
Großbritannien,1
Ladefrust,1
ladesaeule.,1
StandwithUkraine,1
T100,1
VisionZero,1
Ladesäule|nbetreiber!),1
Zambia:,1
keineMachtderSchildkröte,1
BEV👍👍👍,1
Energie­management,1
Verkehrswende.,1
net4energy,1
S…,1
Radweg,1
Parkverbot,1
Kabel,1
Radfahrer,1
"Energiewende,",1
"elektroauto,",1
Fiat500e,1
vehicletogrid,1
v2g,1
bidirektionalesladen,1
oberursel,1
Smart,1
E-Mobilität,1
THGPrämie,1
THGQuote,1
Fake,1
"VW,",1
Ladesäule...,1
Reicheite,1
Plug&amp;Charge,1
Aralpulse,1
"Batteryheads,",1
Verbrennerindustrie,1
BAV,1
Benzin,1
energytwitter,1
NoFuture,1
Japan:,1
Digitalisierung?,1
Öffentlichen,1
zuklein,1
Marburg,1
zwickau,1
saxony,1
Sachsen.,1
oepnv,1
TRAM,1
TCO,1
E-Stupidity,1
Hamburg.,1
Bunsesregierung,1
waffeln,1
Spandau,1
Charlottenburg`er,1
charge,1
srmd,1
WeChargeGo,1
swisscharge,1
thecircle,1
ElonMuskBuyTwitter,1
Laternenparker,1
Umweltengel,1
StandWithUkraine,1
Dinosaurier,1
newmobility,1
WOBvsBHV,1
Venezuela,1
"Guyana,",1
gas,1
Taycan,1
HBohneFilter:,1
IFrickFerien,1
Saxony,1
Nempitz,1
magentasport,1
playoffs,1
grizzlys,1
Gaudet,1
IPCCReport|e,1
Kuchen,1
sogehtnichtelektro,1
Niederlande,1
Umweltzeitung,1
"Hybrid,",1
Strom.kosten,1
wtf,1
"Umweltplakette,",1
Radverkehr.,1
AusBerlinFürBerlin,1
ladesstyle,1
Tesla|fahrer*innen,1
FridaysForHubraum,1
gcoty,1
Mittelstand,1
ottowa,1
Omikron,1
AC,1
Downgrade...,1
Verbrenner-Fahrer,1
Fragmentierung,1
Batteryheads:,1
GALERIA,1
Solartaxi,1
Tritium,1
Stromversorger,1
Förderprogrammen,1
volvoV40,1
Wärmepumpe,1
eLkw,1
eActros,1
AFIR,1
RocksE,1
Energiewende!,1
"KünstlerstadtKalbe,",1
BiDirektional,1
Enyak,1
ampel,1
Heidenheim,1
Kanada,1
elektromobiliät,1
gogreen,1
Scholz,1
wcoty,1
stg,1
bp,1
hem,1
tamoil,1
shell,1
aral,1
tankstellederzukunft,1
Ladefuchs,1
ZweidorferHolz,1
"Bahnstadt""",1
Bundeskanzler,1
Lesum,1
Eigenverantwortung,1
Windkraftplanung|en),1
Landschaftsökologe,1
Darmstadt,1
Rendite,1
Investment,1
Klimahelden,1
stehterdannlädter,1
"Verbrennern,",1
immobilien,1
unternehmensberatung,1
mission2050,1
BadKarlshafen,1
Volvo-Experte,1
spritpreise,1
Arbeit,1
SolarPower,1
stehterlädter,1
emobilität.,1
tronity,1
weconnectid,1
Stromspeicher,1
Motion,1
Batterieladung:,1
Thurgau,1
Dienstleistungen,1
Faktencheck,1
Spritpreise,1
carsharing.,1
Tankzuschuss,1
WhatAbout,1
Spritpreisbremse.,1
Stromrabatt,1
Verkehrsminister,1
falschparker,1
ladesäulenblockierer,1
Schwarzwald?,1
Boomer*Innen,1
StuttgarterRechteck,1
mittelstand,1
Zuhauseladen,1
Uslar,1
Lausitz,1
Lippoldsberg,1
"EU-konform,",1
eFluchen.,1
"Ladesäulenanbieter,",1
Fraunhofer,1
Mainz?,1
andieckeparkt,1
Wolkenkuckucksheim.,1
Hockenheimring.,1
Teamevent,1
LEAG-Ladesäule,1
StiftungWarentest,1
PVAnlagen,1
Wallbox.,1
Elektroauto;,1
KünstlicheIntelligenz,1
Strompreis,1
Energiekrise,1
Hamburg!,1
bämvfm.,1
Brennstoffzelle,1
ELektro,1
100AufDerAutobahn,1
1,1
Heliox,1
"Flottenbetreibern,",1
Truck,1
Ionity.,1
Paris:,1
ElonMusk,1
oerlinghausen,1
ioniq5,1
Fernsehgarten,1
France,1
mennekes,1
thüringen,1
bleilochtalsperre,1
VDAZahlDerWoche,1
Ingenieure,1
SheepContent,1
Lembach/#Elsass),1
Tesla-#Schafe,1
ingolstadt,1
Lohne,1
V3,1
völliggaga,1
kurzinformiert,1
Teufelszeug,1
GreenDeal,1
harleydavidson,1
TeslamodelS,1
Fitfor55,1
JuiceTechnology,1
brandehörnerkirchen,1
"Belgien,",1
Luxemburg,1
Fahrspass📢,1
Leitfaden,1
Ladelösung,1
Fuhrpark,1
Batterie?,1
Leistung,1
Watt.,1
Ampere,1
Volt,1
Spruch:,1
weisserLieferwagen,1
"Dienstwagen,",1
Fitness,1
Liechtenstein.,1
HumanPowerHybridMobile,1
Grünen:,1
Meißen,1
Parkschein,1
Münzautomat,1
NETZkultur,1
eFuels.,1
emsflower,1
HPC-Standorte,1
Digi…,1
D…,1
städtische,1
Businesspartner.,1
Energieversorger,1
TAXI,1
AutosRausAusDerStadt.,1
Wahlkampf,1
CDUCSU,1
GrueneVerhindern,1
Neckartor,1
Württemberg,1
modernworldproblems,1
annoyed,1
lucafail,1
CWA,1
Streetfood,1
Fragen,1
Klimaschutz:,1
Model3SR+,1
Werkstatt,1
Neos,1
Reichweitenangst,1
Pyrmonter,1
Tabakindustrie,1
MachE,1
RastplatzBeverbach,1
ElektroFahrer,1
vorwärts,1
Offenburg,1
ABC,1
bonn,1
Roaming-Deal.,1
PLAYMOBIL,1
Ironie,1
Gehweg,1
PluginHybrid,1
mangelnde,1
Hochwasserkatasprophe,1
vlog,1
SchämtEuch:,1
Convenience,1
ElektroMobilitaet,1
derEchteNorden,1
Geschäftsreise,1
E-Auto-Ladesäulen,1
Blockiergebühr),1
Bau,1
Hürden,1
Zu,1
Million,1
Ladesäule!?,1
Eichrecht?,1
Wannsee,1
grossglockner,1
lanz,1
ichweißallesbesser,1
gschichtenausempaulanergarten,1
Praxisbeispielen,1
gehtnicht,1
hautnichthin,1
fuhrpark,1
Reklame,1
AlternativeFürDumme.,1
Billerbeck,1
zulassung,1
solarstrom,1
solarenergie,1
flottenrechner,1
förderpremien,1
steuerbefreiung,1
lastenmanagement,1
elektroflotte,1
flottenmanagement,1
"Batterieproduktion,",1
autoflotte,1
60599,1
Netzstabilisierung,1
EnWiPo:,1
Blockiergebühr.,1
Antrieb,1
Überzeugung,1
grilldenhenssler,1
Elektroautofahrer,1
CDU-,1
mobilityplus,1
"Chemie,",1
"Strom,",1
erzgebirge,1
chargepoint,1
DAF,1
Ladesäulen:,1
Störung,1
efuels,1
methanol,1
Flugzeug.,1
Energieerhaltungssatz,1
Gumpert,1
ladefail,1
Inklusion,1
flotte,1
CPMS,1
MinisterScholz,1
Ladezeiten⚡,1
Thailand.,1
Velomobil,1
Brocken,1
Elektroauto?,1
klima,1
unternehnen,1
Hagebau,1
"Shell,",1
"Roller,",1
"Rewe,",1
threeforce,1
suppenmuseum,1
Schwachsinn,1
aralpulse,1
energiewirtscha…,1
energiemar…,1
Energie…,1
tag24,1
drebach,1
sentrymode,1
KI,1
ID,1
Dateneinträgen,1
EnWG,1
linzag,1
moretocome,1
energievertrieb,1
Systemfehler,1
"Tesla,",1
Drehmoment!,1
Burmester-Soundsystem,1
shellrecharge,1
Teslakiller,1
E-Antrieb,1
Österreich,1
Mitgliedstaat,1
vweup,1
ComfortCharge,1
StadtwerkeZeitung,1
EmobilityEast,1
sehmatal,1
destinationcharging,1
din,1
RS1,1
elektronibiltät,1
"GiroE,",1
SmartGrid,1
DreckamStecker,1
19,1
HajeksHighVoltage,1
PSA,1
Geschwindigkeit,1
Radverkehr,1
Firmenwagen,1
Heinenkamp,1
DriveNow,1
Bayern.,1
Klimasofortprogramm,1
CO2Preis,1
Industriepolitik.,1
Heizkosten,1
Fahrstrom.,1
Klimaschutzgesetz,1
NSAfD-Parolen,1
Elektrofahrzeugen,1
Privathaushalten,1
laschet,1
Musk,1
"Riesenschwachsinn,",1
noparkingarea,1
"Energie,",1
Lobbyismus,1
Elektrobus|se,1
emobilty,1
Gendern,1
TCamp21,1
Schwarzwassertal,1
Wasserkraft,1
Erzgebirge,1
Driivz,1
"Eichrecht-konform,",1
rücksichtslos,1
Brandenburg,1
blockiert,1
Elektroauto-Vermietung,1
Ladestau:,1
klimastreik,1
Taiwan.,1
Elektrofahrzeuge?,1
Ottendorf,1
VWID4,1
ladestau,1
Bürokratiemonster,1
blockiergebühr,1
Eauto,1
Programm,1
energiemanageme…,1
Zeit,1
infrastruktur,1
Köthen,1
windrad?,1
ErichHeckel,1
vanGogh,1
airport,1
AlbrechtDürer,1
Bruessel,1
CCS👇LINK:,1
Ladepause,1
beamen.,1
"Wolfsburg,",1
Smartphone,1
retten.,1
Relikt​e,1
Tankstellen.,1
alt​er,1
Rest​e,1
Wahlduell,1
servicetweet:,1
LSV,1
bidirektionale,1
Car2Flex,1
EnBW-AGB.,1
plusminus,1
Ladesaeule,1
triell,1
Ladecontroller,1
Job:,1
Ladesäule|n.,1
Ladeinfrastruktur...👍🏻,1
SPIEGEL,1
NASA-Logos.,1
impact,1
Transport,1
dhdl,1
"Fujitsu,",1
Blockchain,1
"borntrotransform,",1
Netzschutztechnik,1
Beschleunigung,1
Messtechnik,1
LS22,1
Sicherheitslösungen,1
prilogysystems,1
tempolimit,1
whoKnows,1
walterröhrl,1
hypernetz,1
Lithium,1
Fact,1
Q4etron.,1
Maßnahmen,1
Holzbau...,1
Autobesitzer,1
spritpreisbremse,1
lebenamlimit,1
remindmein10years,1
Energiewende:,1
Hackfleisch,1
hacken?,1
EMobilität.,1
Fachdebatte,1
Preisgestaltung,1
Bussgeld,1
WTF,1
fdpbt,1
diesel,1
hybridistdoof,1
Langenhagen,1
Schnellladesäule​n,1
Hölzchen,1
kW,1
Staketenzaun,1
trendig​en,1
Mittelalter​mode​«.,1
telefonica,1
P2DEU,1
"FDP,",1
ikea,1
Prämie,1
futuremobility,1
ladeinfrastruktur.,1
"eAuto,",1
Lastenradverleihsystem,1
Sixt,1
Rimac,1
"Parkdruck,",1
Telekom:,1
Telefónica,1
Koblenz.,1
EV80,1
Maxus,1
Texel,1
Wofür,1
"allego,",1
kostenlos,1
Ladesäule;,1
Roboter,1
live,1
Wandladestation,1
Robotern,1
IAA2021,1
bundesrat,1
lsvo,1
sparkasse,1
Eladesäulen,1
Bezahlen,1
E-Mobilität.,1
fragselbst,1
Chance,1
Graz,1
Normalo,1
Novelog,1
Nagl,1
Innenstadt,1
Fuzo,1
Fussgängerzone,1
derGrazer,1
energiegraz.,1
GrazLog.,1
Citylogistik-Projekt,1
"europaweit,",1
Magnetbeton-Technologie,1
"Ladeinfrastruktur),",1
LKWs,1
Bundeswehr,1
Afghanistan,1
Kabul,1
Talibans,1
Deutschlandnetz,1
Architektur:,1
Batterietechnik,1
meineSPD,1
Niebüll,1
"ID3,",1
co2,1
Herausforderung,1
BMW-Fan,1
Mobilitätswende.,1
RangeExtender,1
Betriebskosten❓,1
Anschaffung,1
Umschau,1
ElektroAuto|s,1
TryHarder,1
API,1
Libreo,1
girocard.,1
Karte.,1
niemalsakkuleerfahren,1
niewiederCSU,1
MoveToTransform,1
CDUCSUabwaehlen,1
Basel,1
ladedauer,1
umweltbilanz,1
tüvverband,1
studie,1
umfrage,1
elektroautokauf,1
EAuto:,1
Pkw-Subventionen,1
iX,1
ladekosten,1
TransformTheEveryday,1
EAuto?,1
Elektromobilität”.,1
P7btw21show,1
EDEKA,1
Moers,1
fastcharger,1
Gleichstrom,1
gratis,1
power2drive,1
Podcast.,1
Ladeoptionen.,1
Monopolkommission,1
Ladebeschränkungen,1
Konkurrenzfähigkeit,1
Finkenstraße,1
CDU?,1
Landkreis,1
Amsterdam.,1
"Koeln,",1
wissenschaftlich,1
roadTrip,1
nachhaltigkeit,1
ffm,1
MeganeEtech,1
LifeonaLadestation,1
MobilityMover,1
bund,1
