﻿documents,topic,code
"@kkklawitter @grnflip @dergraslutscher @baeumleschule dann schlage ich vor, dass du zukünftig gebündelte, einfach benutzende #ladeinfrastruktur forderst (bspw. parkhäusern am stadtrand), denn genau würde parken am straßenrand überflüssig machen.",0,charging station location
nächster halt: #berlin. besuchen sie uns dort am 27. 28. april auf #bus2bus halle 20/211 informieren sie sich über individuelle lösungen ihre e-busflotte. https://t.co/madwcm6cza #abb #ladeinfrastruktur #elektromobilität #öpnv #ebus #nachhaltigkeit https://t.co/1t6irsuwwq,0,other
?????? wie hat sich #ladeinfrastruktur #rlp entwickelt? im #energieatlas rheinland-pfalz sind aktuellen zahlen öffentlich zugänglichen ladestationen bis auf verbandsgemeinde-ebene finden. #elektromobiltät #ladestation #mobilität ?? https://t.co/gdrhevbx1q https://t.co/tecdxmncbb,0,news
"mit dieser batterie hat er eine technischen vorsprung, planung befindlichen europäischen giga watt produktion, man will mit europäischer technologie produzierenden keine hochstrom ladeinfrastruktur national schon gar keine kontinentales ladenetz gibt.",0,other
beispiel clever installierte ladeinfrastruktur im öffentlichen raum https://t.co/r2pws3nmdw,0,potential solution
@mikenolte_de @kkklawitter da stimme ich zwei mal zu. aber fehlende/unpassende ladeinfrastruktur ist wirklich mit abstand nervigste meinen bisher 13 monaten elektrischer automobilität.,0,missing charging infrastructure
"e-flotte wächst schneller als ladeinfrastruktur: vor umstieg auf e-autos haben privathaushalte deutschland oft bedenken bezüglich ladeinfrastruktur, wie kfw-energiewendebarometers kfw research zeigt. fahrzeugbestand ist zuletzt… https://t.co/ce83757y09 https://t.co/vvrsjiaob9",0,missing charging infrastructure
"@mikenolte_de @kkklawitter aufwand zum bau eines langsamen ladeanschlusses ist erheblich geringer (11 kw ist noch langsam, definiere ich mal). passiert noch viel oft, dass manerst mal rumprobieren muss, mit welcher ladekarte/app ich eine bisher unbekannte ladesäule nutzen kann.",0,charging station problems
@footils @radiermann niederländer bauen aber sehr viel ladeinfrastruktur am straßenrand auf...,0,potential solution
"@ohoerl @kkklawitter nicht falsch verstehen: ich stehe voll hinter einer echten mobilitätswende - aber dauert - leider. dass 2030 wegen fehlender ladeinfrastruktur immer noch millionen verbrenner verkauft würden, können wir uns echt nicht leisten",0,missing charging infrastructure
"@henrik30595432 @radiermann so lange gehsteig durch ladeinfrastruktur nicht schmal wird seh ich jetz nicht riesen problem. mit ampeln, verkehrsschildern, parkuhren sonstwas auf bürgersteig lebst du doch auch. nicht escooter-bergen jeder ecke sprechen..",0,charging station location
"@cantina_guy @sixtus @radiermann @verkehrswendeb2 allerdings geht vielfach um politischen willen: wer ladeinfrastruktur private kfz innerhalb kurzer zeit lokal flächendeckend ausbauen kann, kann auch schnellbuslinien mit enger taktung dichtem netz bewerkstelligen oder ein überzeugendes sharing-angebot.",0,potential solution
"„in letzten 2 jahren ist bestand #elektroautos 3 x stärker gewachsen als anzahl öffentlichen #ladepunkte."" fritzi köhler-geib, chefvolkswirtin @kfw_fz #eauto #ladeinfrastruktur #elektromobilität https://t.co/ghgpttysge gefunden via @electrivenet",0,missing charging infrastructure
@kkklawitter als allgemeiner input: öffentliche ladeinfrastruktur sollte jedenfalls multimodal sein. also nutzbar auch ebikes elastenfahrräder. aber nicht am gehsteig. außerdem: parkplätze sollten sowieso viel weniger werden nicht durch ladeinfrastruktur „einzementiert“.,0,charging station location
"?? christian peter (hotelkompetenzzentrum gmbh) klaus nagl (consolinno energy gmbh) erklären, warum eine gut ausgebaute ladeinfrastruktur ein intelligentes gebäudemanagement nicht nur hotelbetriebe wichtig ist. ?? 29.04.2022, 14:00 ? https://t.co/gvyzrktu2r https://t.co/v9yx0numc4",0,charging station location
"@kkklawitter ist überfällig #wissing endlich bekundet ein ""weiter so"" nicht geben kann laternenparker haben kein recht auf eine ladesäule! auch: durch welche abgaben soll durch elektrifizierung wegfallende mineralölsteuer kompensiert werden?",0,other
"@slaue @die20er_innen @kkklawitter jede ladesäule mehr erhöht chance dass ein verbrenner durch ein elektroauto ersetzt wird, dadurch weniger co2 emittiert wird, dadurch erde weniger heiß wird. mehrwert ganze menschheit. zugegeben, auch bäume sind wichtig, braucht also beides.",0,missing charging infrastructure
@cruzii1337 @yeaccount1 @radiermann vor hinter ladesäule: [auto]&lt;—[ ladesäule]—&gt;[auto],0,other
@nurderk ach ne geht nicht. so ein #lastenrad benötigt ja als #parkfläche auch 3/5 eines #pkw + akkus ladeinfrastruktur. #verkehrswende ohje. #ursachen xy ungelöst&gt;jetzt neu + #digital einfach gegeneinander verkehrsarten #spalten. hilft probleme als chancen verkaufen u. verwalten. ??,0,other
"? modularer e-antriebs-baukasten: volkswagen rüstet plug &amp; charge per softwareupdate nach » volkswagen wird alle elektroautos mit modularen e-antriebs-baukasten (meb) mitte des jahres mit plug &amp; charge nachrüsten. (ladesäule, technologie) https://t.co/vskojawjto",0,other
also: ich finde definitiv super. platzsparend. egal wo sie eingebaut werden. straßenbild wird sich ändern e-mobilität wird im verkehrsraum sichtbar. wir werden uns optisch daran gewöhnen ladeinfrastruktur wir flächendeckend. https://t.co/tmqso3wcns,0,potential solution
modularer e-antriebs-baukasten: volkswagen rüstet plug &amp; charge per softwareupdate nach https://t.co/dpz80s8h8x volkswagen wird alle elektroautos mit modularen e-antriebs-baukasten (meb) mitte des jahres mit plug &amp; charge nachrüsten. (ladesäule technologie ),0,other
@designmobility absolut. aber deshalb ausbau ladeinfrastruktur verlangsamen ist trotzdem falsch. damit verlängerst du laufzeit des verbrenners. kann nicht unser ziel sein.,0,other
hier mal ein geniales konzept einer ladeinfrastruktur elektrofahrzeuge direkt am seitenstreifen/parkstreifen. #elektroauto https://t.co/hs2iv51cw7,0,charging station location
"@ecomento_de verbrenner müssen gar nichts. wenn industrie liefern könnte ladeinfrastruktur entsprechenden rückenwind, sowie einfachere bau- genehmigungsverfahren hätte, würde thema gar keines mehr sein. wer jetzt 13 jahre zukunft projizierte, ist nicht glaubwürdig.",0,other
#thüringen erhöht #förderung #emobilität. unterstützung #nutzfahrzeuge #ladeinfrastruktur https://t.co/ivsjtpyyqs,0,news
"wie dieser typ seine blechbüchse vor ladesäule hingerotzt hat, ist übrigens eine ordnungswidrigkeit. #nurmalso https://t.co/gksnpxmyja",0,charging station problems
"@kkklawitter ich finde hier geteilten ansichten, extrem aggressiv and radikal - ich nutze ladeinfrastruktur öffentlichen parkplätzen london regelmäßig and i love it ?? laden straßenlaternen ist aus meiner sicht effizient &amp; konsequent.",0,charging station location
"@thulium3 wir können fehler leider nicht rekonstruieren entschuldigen uns entstandene unannehmlichkeiten. ladesäule &amp; system waren funktionstüchtig weitere ladevorgänge wurden registriert. sollte fehler nochmal auftreten, senden sie direkt mail: e-mobil@stadtwerke-kiel.de",0,charging station problems
"@rudifussi warum sollte weitere autoinfrastruktur schon wieder am gehsteig errichtet werden? neben verkehrszeichen, litfaß-säulen, mülltonnen, parkplatzmarkierungen nun auch noch ladeinfrastruktur. https://t.co/0tnm9lc3kt",0,charging station location
"@rudifussi richtig! wichtig ist, dass ladeinfrastruktur e-autos ausschließlich am gehsteig gebaut wird, um keine parkplätze vernichten!",0,charging station location
@ptniswarcrmnl @titanium70rd @kkklawitter gestern erst im radio gehört ladeinfrastruktur nicht im verhältnis verkauften e-auto zunimmt. auf einer lade-säule kommen schon 27 e-autos.,0,missing charging infrastructure
"@radiermann viel ""neuland"" de! was man allein durch straßenlaternen ladeinfrastruktur schaffen könnte... uiuiuiuiiii",0,charging station location
"@bhnnkmp @gineer_n @bikezebub wir reden noch immer ladeinfrastruktur, nicht allen aktuell geparkten autos. dir ist klar, dass eauto derzeit neukauf bedeutet &amp; dass meisten eigenen autos metropolregionen sofort durch fahrrad, öpnv, fuß &amp; carsharing ersetzt werden können? https://t.co/aukhsp3hra",0,potential solution
"@mitzi62042431 @_marcus_zi_ @ulimolter @atlanticandme da stimme ich zu, mir ging um einfachheit lösung &amp; dadurch, dass ein teil des ladeequipments vom autonutzer gestellt wird, sollten installationsdaten entsprechend auch deutlich niedriger sein als eine herkömmliche ladesäule",0,potential solution
"@ablexomat @kkklawitter @speedybo @nicnowak @elektro_robin @zoepionierin nun elektroanteil ist mit 10 über 650 service-fahrzeugen natürlich verschwindend gering. aber ist machbar, wenn auch nicht ohne aufwand, manueller abrechnung bis hin zur installation ladeinfrastruktur am wohnort.",0,potential solution
"@tagesdemokrat @die_gruenen nein! schlechte lösung mit barrieren auf gehsteig, konserviert parkplätze im öffentlichen raum wie man sieht, fördert dicke autos. d gibt's übrigens auch straßenlaternen. viel besser wäre ladeinfrastruktur parkhäusern hubs mit carsharing-plätzen.",0,charging station location
"@ingoheinscher @sixtus bei geringe verkehrsdichte ausreichende ladeinfrastruktur parkhäuser stellplätze (z.b. supermärkte ladenzeilen firmen), kann parken am straßenrand entfallen --&gt; mehr platz radfahrende zu-fuß-gehende.",0,charging station location
@kkklawitter ladeinfrastruktur stadt nur parkhäusern!,0,charging station location
ladeinfrastruktur am unternehmensstandort https://t.co/ajpmvsoodz,0,charging station location
#thüringen erhöht #förderung #emobilität. unterstützung #nutzfahrzeuge #ladeinfrastruktur https://t.co/lyvxwpnwam,0,news
@cheeky38466727 @ulimolter ladeinfrastruktur hat auf radfahrenden zufußgehenden nichts suchen.,0,charging station location
@radiermann ich war vor ostern nl unterwegs. deutlich mehr schnellladestationen als d auch z.b. amsterdam ladestationen am straßenrand. ermöglicht ein deutlich entspannteres reisen. aber auch d komme ich (noch) mit ladeinfrastruktur klar.,0,potential solution
"so sieht einer hessischen kleinstadt aus, dort wo hütchen sehen ist stand bis vor kurzem noch eine ladesäule... #elektromobilität https://t.co/0l9pyeuawc https://t.co/jqs98pre9a",0,charging station location
"@doktorhulk @kkklawitter ja, futterplätze stehzeuge... werden sich absehbar zur pest entwickeln. arme fußgänger... reiche mit überdimensionierten luxusautos wie auf foto werden wohl eher (womöglich noch staatlich geförderte) solar- ladeinfrastruktur ihrer immobilie oder firma nutzen...",0,other
"@doener @kkklawitter ""...mit unsichtbarer ladeinfrastruktur london: fußgänger stolpern..."" wichtig ist, dass autos nicht überall kostenlos parken @kkklawitter",0,charging station location
"@kkklawitter schädliche futterplätze befeuern flächenkonkurrenz. wie kommt man auf abwegige idee blechkisten im öffentlichen raum mit ladeinfrastruktur anzulocken. bekämpft ladesäulen, auch euphemistisch kleine. sind lockmittel stehzeuge unserem habitat.",0,charging station location
"@doener @kkklawitter schädliche futterplätze befeuern flächenkonkurrenz. wie kommt man auf abwegige idee blechkisten im öffentlichen raum mit ladeinfrastruktur anzulocken. bekämpft ladesäulen, auch euphemistisch kleine. sind lockmittel stehzeuge unserem habitat.",0,charging station location
gute idee aus london #elektromobilität #ladeinfrastruktur #laternenparker https://t.co/juegsmwlth,0,charging station location
leider ist eine öffentliche ladeinfrastruktur nicht jedes unternehmen richtige lösung oder schlicht nicht abbildbar. zum artikel ?? https://t.co/gyvsyqddpf #mobilitätswende #flotte #beratung #frankfurtammain #elektromobilität #ladeinfrastruktur https://t.co/g6ubkym1lh,0,other
"@ivokainkrieg @svenfpunkt @radiermann ... letzteres wäre köln grundsätzlich 1fach. denn köln wird öffentliche ladeinfrastruktur ausschließlich vom stadteigenen, kommunalen energieversorger geschaffen = da ist also eh schon 1 monopol drauf.",0,other
@wunderlicher gerade dichtbesiedelten wohngebieten sollte man keine ladeinfrastruktur auf gehwegen einrichten. auch sonst verhindert dies dringend notwendige umwidmung parkraum zugunsten anderer mobilitätsformen.,0,charging station location
"themen #wirtschaftvor8 letzte woche: di: armut nimmt zu, fonds widerstandskraft nachhaltigkeit mi: schulden, russische schulden do: tesla auf überholspur, ladeinfrastruktur d fr: steuereinnahmen q1 2022, containerstau wird doch zeit #klimavor8.",0,other
"@dudenhofferauto @kkklawitter jup. kunde bestimmt was gebaut wird.solange unser staat (bundesländer) nicht vorraussetzungen dafür form guter ladeinfrastruktur, innenstadtsperrungen radwege etc. sorgt,kommt auch keine klimawende. auch sie haben jahrzehntelang hervorragend daran verdient.",0,other
"wie lkw ladeinfrastruktur blockieren, zeigt dieser tweet @bjberry00 beispielhaft. https://t.co/no4a2qrxco",0,charging station problems
"@enbw muss verhindert werden, dass große gespanne lkw ladeinfrastrukur so blockieren. selbstverständlich braucht auch mehr ""anhänger-freundliche"" ladeinfrastruktur eine entsprechende kennzeichnung selbiger.",0,charging station problems
"131kw ladeleistung mit einem #skoda #enyaq 60 einer ladesäule @shell_recharge. start bei 8% akkustand nach ca. 2,75h autobahnfahrt, ergibt knapp 35min bis 80% ist m.e. absolut langstreckentauglich. #emobility #elektroauto https://t.co/2o1hx933rb",0,other
"@thestanceman1 helmholtz institut ulm hat ja lfp-batterien byd mit einer laufzeit 6.000.000 km bewertet, sich gewundert, dass sie nur 500.000 km garantieren. byd verwendet autos china als netzspeicher, sobald sie ihre ladesäule angeschlossen sind.",0,other
"e-mobilität gewinnt immer mehr bedeutung, doch nicht ausreichende #ladeinfrastruktur ist bis heute ein hemmnis bei kaufentscheidung ein #elektrofahrzeug. mehr über maßnahmen zum ausbau dieser erfahrt ihr unserem neuesten blogeintrag: https://t.co/dfanufm5ry https://t.co/x395izm2vm",0,missing charging infrastructure
bestand elektroautos wächst dreimal schneller als öffentliche ladeinfrastruktur https://t.co/pktjo12pgt,0,charging infrastructure growth
ganze straßenzüge mit unsichtbarer ladeinfrastruktur london: fahrer stöpseln sich mit diesem ding einfach im bürgersteig ein #elektromobilität https://t.co/hmpfltcqxv,0,charging station location
elektroautos deutschland: ausbau ladeinfrastruktur muss schritt halten https://t.co/stlfrjxtgk #elektroauto,0,missing charging infrastructure
"@hannoklausmeier @patrickhanft @v_goller @kkklawitter nehmen wir verkehrsdichte ostern auf einem autobahnkreuz, wie viele pkw stehen da zapfanlage? e mit 20 min standzeit bedarf noch etwas ladeinfrastruktur aber ja klar ist gegeben technologie breite brauchen wir kein h2.",0,missing charging infrastructure
@jankolehmann @sbetschinger tesla hat eigene ladeinfrastruktur einen zentralen steuerungscomputer nicht zig verschiedene steuergeräte eigene software baut einen großteil ihrer teile selbst alles können deutschen hersteller nicht.,0,other
@mingiam10 @knarf_sier aber wer zählt diese kwh? ladesäule? wie genau ist stromsensor? wieviel kwh kommen batterie gehen nicht nebenverbraucher? ist balancing aktiv? kapazität messen ist selbst batterie mit präzisen sensorik nicht trivial.,0,other
@heikolbe spricht eine gut ausgebaute ladeinfrastruktur auf dieser strecke. hoffentlich lohnt sich bald auch uns diese schöne strecke fahren. herzlich willkommen jedem vor gewalt flüchtet!,0,other
"@nord_mann @biokraftstoff @umwelthilfe gilt alle organisationen wissenschaftler, welche elektromobilität propagieren via effizienten lobbyismus gesellschaft enorme kosten ladeinfrastruktur netzaufrüstung aufbürden, ohne dass dadurch auch nur ein gramm co2-emission eingepart wird.",0,other
so etwas regt mich als laternenparker mit #eauto tagtäglich auf! ?? ?weshalb werden diese parkplätze nicht stärker kontrolliert u. fzg rigoros abgeschleppt @bacwberlin?? #bev #ladesäule #elektromobilität #emobility https://t.co/jsf4dpigcb,0,charging station problems
"?? e-mobilität ist ein entscheidender faktor #verkehrswende, aber auch ausbau ladeinfrastruktur muss schritt halten. ausbau öffentlichen privaten ladestruktur muss im gleichen maß wachsen wie zulassungszahlen e-autos. https://t.co/8yd6oc5bsl",0,charging infrastructure growth
inhaltlich interessanter als epische ausführung komplikationen bei einem brand eines e-autos wäre grund diesem fall. fehler am auto? ladesäule? brandstiftung? https://t.co/qpt3gphbkn,0,other
mobilität: bestand elektroautos wächst schneller als ladeinfrastruktur https://t.co/9aoqci7zoe,0,charging infrastructure growth
mobilität: bestand elektroautos wächst schneller als ladeinfrastruktur https://t.co/evuppdnd7d,0,charging infrastructure growth
mobilität: bestand elektroautos wächst schneller als ladeinfrastruktur https://t.co/a2ckndxhcs,0,charging infrastructure growth
"@wiwo industrie meint, dass staat ladeinfrastruktur zuständig sei.",0,other
"rund vier stunden hat nacht berlin-spandau löschen eines brennenden elektroautos gedauert. menschen wurden nicht verletzt, wie feuerwehr am freitag mitteilte. feuer fahrzeug einer ladesäule charlottenburger ... https://t.co/oes6njgbbv",0,other
"@jv94217358 @ulid000 @danielfrber1 @stevefi04457564 schade, hätte ladeinfrastruktur pedelecs escooter deutlich voran gebracht.",0,other
"@uwerggaertner @maxfichtner unsicher, was aussagt sollen bezug auf energie, aber interessant finde ich, dass immer »strommix« zugrunde gelegt wird – wo doch quasi jede öfftl. ladeinfrastruktur mit 100% ökostrom beschriftet beworben wird. insofern ist mix eher ein worst case.",0,other
"markus duesmann (audi)... ""ausbau erneuerbaren energien... ladeinfrastruktur...ausbau erneuerbaren energien...) kein wort, wo strom herkommen soll ladeinfrastruktur.... @frisobotter",0,other
effiziente #ladeinfrastruktur ist zentrale stellschraube nutzung e-mobilität https://t.co/7anetahmiq,0,missing charging infrastructure
nationale leitstelle ladeinfrastruktur hat heute einen neuen leitfaden errichtung privater ladeinfrastruktur mehrparteienhäusern veröffentlicht. https://t.co/rnpftxanii @news_nowgmbh,0,charging station location
#saemes baut über 1.000 ladepunkte pariser parkhäusern. https://t.co/fl9qeh4iqx #emobility #ladeinfrastruktur #frankreich #paris,0,charging station location
#kempower wird ev-schnellladepartner mer norway. https://t.co/tkjhsedj3y #emobility #elektromobilität #ladeinfrastruktur,0,other
"erste öffentliche ladesäule im stadtgebiet stadt #seelze heute am rathaus betrieb genommen. hat gedauert, aber nun geht voran. weitere werden folgen. damit wird ein antrag #gruene im stadtrat umgesetzt.#emobility #bev #elektromobilitaet #elektroauto #proklima https://t.co/mhmnzrqfyw",0,charging infrastructure growth
nrw legt neue förderung ladesäulen auf: sowohl privathaushalte als auch gewerbetreibende können eine üppige unterstützung installation einer ladesäule nrw bekommen. selbst ladepunkte mehrfamilienhäusern werden unterstützt. https://t.co/gpf0i9y031 https://t.co/nzmcwzu0kd,0,news
kostenlose veranstaltungsreihe zum aufbau ladeinfrastruktur #berlin (anzeige) ??1. veranstaltung am 27.04.22: ladeinfrastruktur logistikunternehmen. ?? weitere infos einen link zur anmeldung gibt hier: https://t.co/4akbqfsrcf https://t.co/fv1wfxnff9,0,other
"@nurderk @jvos63 @abaerbock schöne worte frau barbock. ‚weg vom öl jeglicher herkunft keine preistreiberei durch deutschen konsum‘, wo ist umsetzung? wo ist mehr durchsetzung gegen fdp. wo verlängerung e-auto prämie? ausbau ladeinfrastruktur? radwege-netze? altbausanierung?",0,charging infrastructure growth
„einfach laden wohngebäuden“: unser neuer leitfaden ist da! #ladeinfrastruktur @bmdv_bund https://t.co/vshqcpcrwg,0,news
motto #earthday2022 *#invest our planet* #nachwachsenderohstoffe #co2 speichern #klima retterbäume #erneuerbareenergien #ladeinfrastruktur #elektromobilität #nachhaltigkeit #immobilien bis #socialimpact viel auswahl @fairzinsung https://t.co/wsrzhccxsk #investment https://t.co/ta66gwfine,0,other
aktuelle #studie @kfw zum ausbau #ladeinfrastruktur #eauto #deutschland https://t.co/fatgrio6y7,0,missing charging infrastructure
nationale leitstelle ladeinfrastruktur hat einen leitfaden errichtung privater #ladeinsfrastruktur mehrfamilienhäusern veröffentlicht. er enthält u. a. eine schritt-für-schritt-anleitung. pressemitteilung: https://t.co/a5ipmij6zw leitfaden: https://t.co/sur19pvxqk https://t.co/rasmhafgef,0,charging station location
@mastafotygo @saki_umwelt wie gesagt; bei entsprechender öffentlicher ladeinfrastruktur.,0,other
#berlin-#spandau ist einem elektroauto einer ladesäule ein feuer ausgebrochen. löscharbeiten dauerten mehrere stunden. https://t.co/am8qkx1dqx,0,other
"rt zeitung_energie ""lade-start-up hat immobilienbranche im visier: ladeinfrastruktur-start-up heimladen hat seine erste finanzierungsunde abgeschlossen. investoren gehören gründer eon-tochter grid x. https://t.co/sl06cnjuel #energiemanagement #energiepoliti…",0,other
als ein grund wird fehlende #ladeinfrastruktur studie kfw-bank angegeben: zahl #eautos soll vergangenen zwei jahren dreimal stärker als lademöglichkeiten gewachsen sein. #berlin #energiewende https://t.co/blu1xlrp9s,0,missing charging infrastructure
@parlamentpoet @lennybacon @artede gleichzeitigkeitsfaktor mein ich im modellversuch „e-mobility allee“ zum laden elektroautos hat netze bw hälfte haushalte einer straße ostfildern zehn elektroautos ladeinfrastruktur zur verfügung gestellt.,0,other
"@morgenpost da ladesäule zeitpunkt schon abgeschaltet war, dürfte brand nicht durch aufladen verursacht worden sein.",0,other
"teilnehmer gesucht top-platzierte online-studie: ""studie zum thema 'elektromobilität deutschland'"" https://t.co/n1dzn7tjvo via @surveycircle #elektroautos #ladeinfrastruktur #kundesnpräferenzen #kosten #elektro #mobilität #umfrage #surveycircle https://t.co/pr0p4rwtsm",0,other
"neue wohnung ohne ladestation #stromer? damit nicht mehr passiert, haben #gdw, #zvei, #zveh #vda einen leitfaden zum ausbau #ladeinfrastruktur mehrfamilienhäusern veröffentlicht. jetzt muss er nur noch umgesetzt werden. #emobility https://t.co/9cz9a4dmjr https://t.co/6ymgzhxdat",0,charging station location
"@bsteuerzahler @nord_mann @micha_bloss deshalb muss man sich synthetischen kraftstoffe anschauen. wird aber gezielt unterbunden, damit man nur eine technologie hat, unterstützt werden muss. da ist viel forschung nötig. übrigens genauso wie bei batterien, ladeinfrastruktur stromerzeugung.",0,potential solution
"@juergen_kaiser @fahrradfrei @micha_bloss nein, dann fehlen ladeinfrastruktur u. strom!",0,missing charging infrastructure
"@punktpreradovic wenn also #socialcredit irgendwann da ist, kann übergriffige staat vorlauten nonkonformen bürger einfach zugriff auf ladesäule verweigern. jeder, e-autos kauft, unterstützt diesen schwachsinn ebnet weg totalitarismus.",0,other
"bmw, mercedes co: profit statt modernisierungsprojekte - #digitalisierung komplett überrollt. ""während deutsche autoindustrie unablässig über schlechte ladeinfrastruktur e-autos jammert, baut @tesla sein eigenes netzwerk."" https://t.co/q7sezro989",0,other
"teilnehmer gesucht top-platzierte online-studie: ""studie zum thema 'elektromobilität deutschland'"" https://t.co/58jkvcerpg via @surveycircle #elektroautos #ladeinfrastruktur #kundesnpräferenzen #kosten #elektro #mobilität #umfrage #surveycircle https://t.co/az1sigiofc",0,other
"""in aktuellen umfrage erklärten mehr als hälfte befragten haushalte, sich anschaffung eines e-#autos wegen fehlenden ladeinfrastruktur nicht vorstellen können."" #emobilitaet #emobility #verkehrswende #energie https://t.co/jknouadq1c",0,missing charging infrastructure
eine #kfw studie wurden 4000 nicht nutzer #elektromobilität mit vorurteilen befragt. fatal. mehr dazu: https://t.co/fepr2thktw #ladeinfrastruktur #emobilität #unternehmen #mobilitätswende #elektroauto https://t.co/e5xo76sjyi,0,missing charging infrastructure
vergleich #stiftungwarentest: umsonst bis teuer – diese #apps helfen durchs lade-wirrwar. #eauto #emobilität #elektroauto #elektromobilitaet #ladesäule #stromtankstelle https://t.co/zwmoj7k8pp via @derspiegel,0,other
osborne clarke team hält webinar über gesetzlichen vorgaben beim aufbau betrieb ladeinfrastruktur https://t.co/zecfpoetni #arbeitsrecht (442 wörter),0,other
"@null_neun_elf @wdraktuell @ktacki damit verkehrswende gelingt, kommen so langsam a) parkgebühren ladesäulen mode b) zeitlimits neuerdings teils 2 stunden. öffentliche ladeinfrastruktur ist mangelwirtschaft, mangel verwalten, kann deutschland gnadenlos.",0,missing charging infrastructure
"mit elektroauto geld verdienen? ja, geht!?? alle infos findet ihr unter: https://t.co/nrg4ohijcq #thg #thgquote #förderung #elektroauto #elektromobilität #verkehrswende #energiewende #emobilität #eauto #ladestation #ladeinfrastruktur #emobility https://t.co/fpsjii0e7y",0,other
"@taz_news boris palmer sagt, ich grabe doch nicht ganz tübingen um, um ladeinfrastruktur e-autos stadt schaffen.",0,other
ladeinfrastruktur vor allem ballungsräumen ausbauen ???? anteil elektroautos ist deutschland sehr ungleich verteilt. @kfw sieht nachholbedarf bei öffentlichen ladesäulen großen städten. studie: https://t.co/ypulh09slb #charging #ev https://t.co/txyy031obl https://t.co/mi5f3miojc,0,missing charging infrastructure
"@micha_bloss sehr schön. verbrenner wird auch nach 2035 weiter gebaut werden. wer glaubt, wir genug rohstoffe ladeinfrastruktur haben, glaubt auch weihnachtsmann. gibt leider viele dumme menschen auf dieser welt",0,missing charging infrastructure
"@thomasjahn ja, integration des ladens navi-software ist nur mit eigener ladeinfrastruktur wirklich sauber programmieren.",0,other
@stadtkindd @sommerfrau20 @saki_umwelt so groß sind finanziellen unterschiede e-anschaffung nicht mehr - auch dank prämie. zudem amortisiert sich laufenden kosten. auch ladeinfrastruktur bessert sich zügig. angegebenen 100/200km passen reichweite. und: man kann auch e-autos leasen.,0,other
#ubitricity baut 40 ladepunkte hennigsdorf. https://t.co/yqsm7prrzg #emobility #ladeinfrastruktur,0,charging infrastructure growth
uew: neue nachhaltige ladeinfrastruktur macht e-fahrzeugen liesborn diestedde beine [exklusiv] | foto: brüggenthies https://t.co/dsgpfflajh,0,other
"@hartmutvoigt sobald hersteller lage sind genug e-autos produzieren ladeinfrastruktur weiter ausgebaut laden vereinheitlicht wurde, sollten wir zumindest pkw ein solches verbot betracht ziehen.",0,other
#hyundai plant hpc-partnerschaft #südkorea. https://t.co/bvpsszmjiv #emobility #elektromobilität #ladeinfrastruktur,0,charging infrastructure growth
"unter anderem @dpa berichtet heute: münchen liegt bei e-autos vorne. ""auch wenn immer mehr lademöglichkeiten elektrofahrzeuge gibt, ist ladeinfrastruktur bislang uneinheitlich laden sowie bezahlen sind noch immer kompliziert"", sagt @ihk_muc-chef gößl dazu. https://t.co/fkulxnftg0",0,other
"@ftutschk @politikmeinungx @raxa20151 @georg_pazderski ee ist keine konstante versorgung, e-auto ist nicht atraktiv (umweltbilanz, ladezeiten, ladeinfrastruktur) sieht so aus als ob wir einer sackgasse stecken würden mein vorschlag ist, wir bauen eine große menge ""dual fluid reaktoren"" sicher &amp; nachhaltig sind.",0,other
@christophhorst3 @noname38942 mercedes baut gute verbrenner. mercedes ist jedoch lichtjahre guten bevs entfernt. software ist einfach nicht angemessen ladeinfrastruktur mangelhaft.,0,missing charging infrastructure
kfw-studie: ladeinfrastruktur vor allem ballungsräumen ausbauen https://t.co/lmziwaup6s anteil elektroautos ist deutschland sehr ungleich verteilt. kfw sieht nachholbedarf bei öffentlichen ladesäulen großen städten. (ladesäule elektroauto ),0,missing charging infrastructure
kfw-studie: #ladeinfrastruktur vor allem ballungsräumen ausbauen #elektroauto https://t.co/qaofgsrk6l,0,missing charging infrastructure
"@captainkling flächendeckende ladeinfrastruktur ohne blockchain, nicht übertriebenen preisen, würde ja auch schon reichen.",0,other
kfw research empfiehlt mehr öffentliche ladepunkte vor allem ballungsgebieten: analysten zufolge wächst bestand am e-autos dreimal schneller als öffentliche ladeinfrastruktur. diese entwicklung könnte… https://t.co/tr2t5bpiue #solarenergy #solar #sustainability https://t.co/4ucaxvjcov,0,missing charging infrastructure
e-mobilität #rheinlandpfalz 26 elektroautos teilen sich eine öffentliche ladesäule https://t.co/xk3knzwzn8 #elektromobilitaet #elektroauto @wirtschaftsrat @ihkkoblenz @wissing,0,missing charging infrastructure
fehlende öffentliche #ladeinfrastruktur ist allen regionen ein wichtiger grund gegen mehr #elektromobilität. fehlende stellplätze privates laden gibt hingegen vorrangig städten. https://t.co/cjlquwfd5u @kfw #verkehrswende https://t.co/4a9svae5yl,0,missing charging infrastructure
charge one compleo bauen ladestationen gewerbe- wohngebäuden: charge one will ausbau ladeinfrastruktur städten im gewerbe vorantreiben. dazu hat unternehmen mit compleo lieferung 11.000 wallboxen vereinbart. https://t.co/6kvwhlcoxx https://t.co/rnyer0sf3x,0,missing charging infrastructure
"#elektromobilität: ausbau ladeinfrastruktur muss schritt halten. e-autos werden privaten haushalten immer beliebter. 44,5 prozent neu zugelassenen pkw im ersten quartal 2022 verfügen über einen... https://t.co/v68zuxuh2l",0,missing charging infrastructure
@bdew_ev kritisiert bürokratische hürden aufbau öffentliche #ladeinfrastruktur: lediglich 12% bewilligten mittel können am ende unternehmen tatsächlich genutzt werden. #elektromobilität https://t.co/pi2z0ru3js,0,other
"nach einer aktuellen untersuchung #emobilität #ladeinfrastruktur, basierend auf @kfw-energiewendebarometer 2021, wächst bestand e-autos 3-mal schneller als anzahl ladepunkte https://t.co/nv9oieo3g0 #elektromobilität",0,missing charging infrastructure
ausbau regionalen ladeinfrastruktur dank neuer schaltanlage dransfeld https://t.co/z45kajmidn,0,charging infrastructure growth
elektromobilität deutschland: ausbau ladeinfrastruktur muss schritt halten https://t.co/brf1qeixfx,0,missing charging infrastructure
"bislang hinkt ladeinfrastruktur verkaufszahlen #elektroautos deutlich hinterher. damit nicht zum problem wird, sollte man ausbau konzentrieren, rät eine studie. #elektromobilität #verkehrswende #ladesäulen https://t.co/1rlbsmicq6",0,missing charging infrastructure
"aktuell wächst anzahl #elektroautos deutlich dynamischer als #ladeinfrastruktur. setzt sich dieser trend fort, kann alltagstauglichkeit #elektromobilität zum problem werden. https://t.co/cjlquwfd5u @kfw #verkehrswende https://t.co/8oxbvz2y63",0,missing charging infrastructure
öffentliche #elektroauto-ladeinfrastruktur kein hindernis ambitionierte eu-co2-vorgaben (studie) https://t.co/z9hjvfxgnr #energie https://t.co/ecdbpq03iv,0,other
kfw: elektromobilität deutschland: ausbau ladeinfrastruktur muss schritt halten https://t.co/9zdoezzlb6 #frankfurtammain,0,missing charging infrastructure
"muß deutlich besser werden, armutszeugnis @stadt_ffm. dezernate wirtschaft verkehr müssen mehr schneller kwh auf straßen bringen. ladeinfrastruktur ist essentiell https://t.co/kw8uwkn0ns",0,missing charging infrastructure
"@saxeralph ist kein geheimnis, dass fdp sich auf bundesebene vergangenen jahren kritisch gegenüber subventionen e-mobilität gezeigt hat. nrw wurde übrigens zum großen teil ladeinfrastruktur gefördert weniger e-auto privater hand.",0,other
danke einladung zum open transport meetup @okfde :) spannender &amp; informativer vortrag @the_infinity über #ladeinfrastruktur &amp; herausforderungen dabei. noch viel tun - gerade bei digitaler infrastruktur?? konstruktiver austausch ist dabei zentral! @vda_online https://t.co/nrpjosihef,0,other
interview - #bmw-chef #zipse sagt: «die zahl e-autos wächst etwa fünfmal so schnell wie #ladeinfrastruktur» // #elektromobilität #versorgungssicherheit https://t.co/gogirfev2l via @nzz @asg_news,0,missing charging infrastructure
@dl4go @wahlborn @youtube @tobiasdirking @julianmarc10 kannst du schon heute im audi etron gt haben. ab 2024 ist technik auch im a4 verfügbar ab 2026 sollte auch ausreichend ladeinfrastruktur geben.,0,other
"realität sieht doch so aus: ""auch 2050 werden viele bürger*innen #sh noch mit #auto fahren - aber elektrisch. dafür brauchen wir eine flächendeckende #ladeinfrastruktur."" @t_losse_mueller #tvtriell #ltwsh22 (p)",0,missing charging infrastructure
"@davidduhme @james_zabel naja wiegen tut nich wirklich was, lithium-akkus werden per cccv geladen, ist ein kleiner chip ne buchse. diese sony-akkus haben intern 2 rundzellen. haben glaube geschickt ladeinfrastruktur zwischen zellen gepackt, dadurch geht da nix verloren.",0,other
insbesondere urbane räume stellt ausbau ausreichender öffentlicher ladeinfrastruktur eine herausforderung dar. bau schnellladehubs dürfte eine praktikable lösung sein. unsere einschätzung jetzt unserem blog. ?? https://t.co/0xxqs5pa4f #emobility #ladenetz https://t.co/pjirlflkby,0,missing charging infrastructure
"@giesion hängt vom modell ladesäule ab teils auch jeweiligen firmware. lösungen wird gearbeitet, z. b. sind wir pilotprojekt verschiedene parksensoren beteiligt.",0,missing charging infrastructure
"teilnehmer online-studie gesucht! thema: ""studie zum thema 'elektromobilität deutschland'"" https://t.co/mhbcxgjnqz via @surveycircle #elektroautos #ladeinfrastruktur #kundesnpräferenzen #kosten #elektro #mobilität #umfrage #surveycircle https://t.co/dbtdwxz4ru",0,other
"saubere &amp; leise mobilität #münster: ministerin ina brandes überreicht bescheid über 1,7 mio. euro @stadtwerke_ms erweiterung ladeinfrastruktur e-busse. #nrw fördert konsequent umstellung bussen auf klimafreundliche antriebe. #vorankommennrw https://t.co/c0fxyfzmef",0,charging infrastructure growth
"@emobilityberlin @globenberg damit würde ein fehler gemacht, da dann einstieg elektromobilität bei koch nicht optimaler ladeinfrastruktur erschwert würde. viele leute würden dann wieder reine verbrenner kaufen!",0,missing charging infrastructure
erfolgsgeschichte geht weiter! @ubitricity #shell bauen öffentliche ladeinfrastruktur normandie mit 534 ac- dc-ladepunkten bis ende 2024 flächendeckend aus. #poweringprogress #emobility https://t.co/kzaqv9psb7,0,charging infrastructure growth
"neue wohnung ohne ladestation #stromer? damit nicht mehr passiert, haben #gdw, #zvei, #zveh #vda einen leitfaden zum ausbau #ladeinfrastruktur mehrfamilienhäusern veröffentlicht. jetzt muss er nur noch umgesetzt werden. #emobility https://t.co/3qvzjgtkob https://t.co/ca6rvojmma",0,other
"während ausbau ladeinfrastruktur elektrofahrzeuge fahrt aufnimmt, sind wasserstofftankstellen bislang noch dünn gesät. https://t.co/5qvlvw3dum #wasserstofftankstellen #wasserstoff #mobility #elektromobilitaet #infrastruktur #nachhaltigkeit",0,other
"#mobilitätswende #wirsinddabei https://t.co/4kevrgvgdz neben elektroautos treibt volkswagen auch dafür nötige ladeinfrastruktur voran. vorstand hat zudem beschlossen, auch selbst batteriezellen herzustellen. dazu sind allein europa sechs „gigafabriken“ geplant... https://t.co/y8cnixaxvj",0,charging infrastructure growth
"rt zeitung_energie ""masterplan ladeinfrastruktur ii soll effizienter wirken: hochlauf ladeinfrastruktur elektromobile braucht nach auffassung des bdew politik verwaltung weniger regulierung, mehr flächen… https://t.co/dury5yo0z1 #energieberlin #energiepo…",0,other
"zeitung_energie ""masterplan ladeinfrastruktur ii soll effizienter wirken: hochlauf ladeinfrastruktur elektromobile braucht nach auffassung des bdew politik verwaltung weniger regulierung, mehr flächen… https://t.co/i6cgs3lueh #energieberlin #energiepolit…",0,other
"7/8 bisherigen laufleistung haben wir mit unserer #photovoltaik-anlage befeuert., während beim skoda 100% energie aus fossilen brennstoffen kommt. zudem war fahrt sehr entspannt (naja, fast ganz ;-) eine #ladesäule findet man jeder ecke.",0,other
"masterplan ladeinfrastruktur ii soll effizienter wirken: hochlauf ladeinfrastruktur elektromobile braucht nach auffassung des bdew politik verwaltung weniger regulierung, mehr flächen… https://t.co/c5mxr6se8i #energieberlin #energiepolitik #energiewirtschaft",0,other
?????? förderaufruf kommunale gewerbliche #elektromobilität|s- #ladeinfrastruktur-konzepte gestartet! kommunen unternehmen können bis zum ?? 19. mai anträge auf #förderung beim @bmdv_bund stellen. förderquoten bis 80% sind möglich. ?? https://t.co/2zafvwldqu https://t.co/mbtvalejro,0,news
"eine gute infrastruktur ist entscheidend, einen schnellen umstieg auf elektromobilität. zulieferer wie @abbdeutschland greifen elektro-trend auf &amp; stellen ladeinfrastruktur bereit. besuchen sie abb vom 27-28. april auf #bus2bus tickets: https://t.co/hqogmxspgv https://t.co/wcecmst1ny",0,other
? sie wurde schließlich„nationale leitstelle ladeinfrastruktur“ getauft (https://t.co/vlggrbqowq). https://t.co/fgwbx3c8ok,0,other
bdew fordert bessere förderung öffentlicher ladeinfrastruktur – pv magazine deutschland https://t.co/2esog4ntyr,0,other
bdew fordert bessere förderung öffentlicher ladeinfrastruktur https://t.co/2yrpymp255 wir brauchen öffentliche ladestationen jedem dorf. da reichen 11/22 kw. wir brauchen schnell-ladestationen entlang bundesstraßen. tankstellen supermärkte dort sind gute standorte,0,other
einen koordinierten hochlauf öffentlichen ladeinfrastruktur auf unterschiedlichen ebenen (bund/länder/kommunen) wird eine „nationale leitstelle“ elektromobilität eingerichtet. yeah.,0,other
ladeinfrastruktur kieselbronn nimmt fahrt auf: https://t.co/oigunlzjdu,0,charging infrastructure growth
sz: e-mobilität erding freising - schwierige suche nach passenden ladesäule. zahl elektrisch betriebenen autos ist beiden landkreisen immer noch sehr gering https://t.co/snap6cmogq,0,other
e-mobilität erding freising: schwierige suche nach passenden ladesäule https://t.co/zhavi4luez,0,other
e-mobilität erding freising: schwierige suche nach passenden ladesäule #123info https://t.co/kkdack0vog,0,other
"@asatothabaddon ah warte..fehler: #!/bin/bash echo ""searching for : $@"" for term $@ ; do echo ""$term"" search=""freie ladesäule "" done open ""https://t.co/vufgaqhw2z""",0,other
"@asatothabaddon #!/bin/bash echo ""searching for : freie ladesäule"" for term $@ ; do echo ""$term"" search=""freie ladesäule"" done open ""https://t.co/vufgaqhw2z""",0,other
"#ladeinfrastruktur #nrw: wer jetzt nrw #ladesäulen investiert, womöglich #kombination mit einer neuen #photovoltaikanlage, kann #zuschüsse vom land beantragen. #schnellladeinfrastruktur #elektromobilität #garagenhöfe https://t.co/jq5bjikpdn foto: © nerthuz/123rf.com https://t.co/lwnuge1o0a",0,news
"@andy_wue @man_group was man aber prüfen muss: reicht stromversorgung im jeweiligen industriegebiet aus, um ladesäulen effizient versorgen. erst im zweiten schritt werden e-lkw auf längeren strecken eingesetzt werden können. dazu ist eine geeignete öffentliche ladeinfrastruktur notwendig.",0,other
so recht trauen autofahrer:innen #berlin rein elektrisch betriebenen fahrzeugen nicht über weg. hauptstadt jdf ist zahl hybridautos weiter deutlich höher als e-autos - was auch ladeinfrastruktur liegen könnte. https://t.co/x9ro1fejgy,0,missing charging infrastructure
#elektromobilität: bdew legt vorschläge zur verbesserung bundesförderprogramme öffentl. #ladeinfrastruktur vor. @kerstinandreae: „wir brauchen eine kluge pragmatische förderung“. aktuell werden lediglich 12% mittel tatsächlich abgerufen. https://t.co/18zlrsqj4s https://t.co/qlynyd15tu,0,other
#ubitricity installiert über 500 ladepunkte le havre seine. https://t.co/rhincmrv1l #emobility #elektromobilität #ladeinfrastruktur,0,charging infrastructure growth
@dennyschmidd @ulrichschneider @watch_union plus deren weiterentwicklung plus deren ladeinfrastruktur,0,other
"bdew: förderprogramme öffentliche ladeinfrastruktur neu aufstellen: mittel förderprogramme öffentliche ladeinfrastruktur, bund eingerichtet hat, sind nur einem sehr geringen anteil abgerufen worden. daher fordert der… https://t.co/uymapatbqy https://t.co/lfmwtdoyqm",0,other
ladeinfrastruktur kieselbronn nimmt fahrt auf https://t.co/bbkyzg1fjo,0,charging infrastructure growth
"bdew fordert bessere förderung öffentlicher ladeinfrastruktur: bestehenden förderprogramme sind kompliziert, so branchenverband. daher wird nur ein bruchteil mittel abgerufen. bundesregierung müsse… https://t.co/m3set6wfch #solarenergy #solar #sustainability https://t.co/pmf69r8dfn",0,other
#bp bestellt 1.000 schnelllader bei #tritium. https://t.co/dlllmdynlb #emobility #ladeinfrastruktur,0,charging infrastructure growth
"@ko_essen @fastned vielen dank hinweis. wir prüfen gerne nach. könntest du uns bitte genaue adresse ladesäule essen zusenden, du sprichst? wir geben zuständigen kolleg*innen weiter. viele grüße, fabian vom westnetz team",0,charging station problems
"@darmstadtbot @ko_essen @fastned vielen dank hinweis. wir prüfen gerne nach. könntest du uns bitte genaue adresse ladesäule essen zusenden, du sprichst? wir geben zuständigen kolleg*innen weiter. viele grüße, fabian vom westnetz team",0,charging station problems
"@christophhorst3 @fritzfriedlich @gert_woellmann was genau ist daran schonend, wenn man zusätzlich nötige ladeinfrastruktur mitrechnet co2 ausklammert? wenn dazu seriöse studien gibt, freue ich mich auf hinweise lerne gerne dazu.",0,other
"anzeige: now gmbh sucht manager*in technik im gesamtsystem ladeinfrastruktur. netzintegration, roaming, eichrecht, steuerbare ladeeinrichtungen viele weitere themen stehen auf agenda unseres teams. alle infos: https://t.co/unbiqzzgpv #jobs #emobility",0,other
"alpitronic ist vorreiter elektrische ladeinfrastruktur. wie dazu kam, welche neuerungen anstehen mit welchen problemen man kämpft https://t.co/cfo8mrofmm",0,other
"im wohneigentumsgesetz (weg) im mietrecht werden vorschriften errichtung ladeinfrastruktur vereinfacht, insb. wird dabei einstimmigkeitsprinzip durch mehrheitsprinzip ersetzt. yeah.",0,other
habe mir gerade mal spaß erlaubt diesem jahr bisher hinzugekommenen suc standorte herauszusuchen. so geht ausbau #ladeinfrastruktur bitte gern als inspiration nehmen #vda. (siehe meine vorausgegangenen retweets),0,charging infrastructure growth
@birkolo @rolandschueren @kkklawitter 1. v2g-ausbau bestehenden ladeinfrastruktur (öffentlich wie privat) fördern; schnell. 2. ??,0,other
"bmw, mercedes co: profit statt modernisierungsprojekte - #digitalisierung komplett überrollt. ""während deutsche autoindustrie unablässig über schlechte ladeinfrastruktur e-autos jammert, baut musk sein eigenes netzwerk."" https://t.co/q7sezro989",0,other
"@kkklawitter problem ist weniger ladeinfrastruktur. sind stromnetze selbst, sind transportnetze. man hat, wie bei erneuerbaren energien auch, ausbau verschlafen.",0,other
"@kkklawitter dt. autoindustrie ist ohne ladeinfrastruktur nicht konkurrenzfähig. tesla hat gute eigene infrastruktur (wettbewerbsvorteil). ""stress"" wird durch autolobby forciert gut kommuniziert, weil gewollt. wenig ladesäulen -&gt; weniger e-autos. bike/öpnv interessiert nicht.",0,other
"neben datengetriebenen systemen elektromobilität, gibt viele weitere parameter, um ein unternehmen auf mobilitätswende vorzubereiten. zum artikel ?? https://t.co/zbpbekit4e #consulting #elektroauto #frankfurtammain #mobilitätswende #beratung #ladeinfrastruktur",0,other
@hadmut wir wollten deutschland flächendeckend wka solar ladeinfrastruktur wärmedämmung smart metering natürlich ausbau nah fernverkehr. wären aufgaben bundesregierung.,0,other
"@herrphteven 22km zur arbeit, dort keine ladesäule. mietwohnung ohne lademöglichkeit. gesunder menschenverstand kein geld verschenken.",0,missing charging infrastructure
"@sbamueller @oliverheim bei unserer 2013er q210 haben wir letztlich stop möglicher ladesäule zur nächsten immer wieder verschoben am ende baff festgestellt, dass sie strecke 151 km am stück geschafft hat. (100km waren aufgrund des alten akkus erwarten gewesen) ??",0,other
"@von_baerl @nixdorf4 ""das angebot sparsamer autos mit verbrennungsmotor sei sowohl aus gewinn- als auch aus umweltsicht entscheidender bedeutung, unterstrich zipse verwies auf lücken ladeinfrastruktur hohen preis elektrofahrzeugen."" https://t.co/anoaq2yxd2",0,missing charging infrastructure
@herrphteven reine umkreisautos innerstädtische kurzstrecken mangelhafte ladeinfrastruktur teuer anschaffung uninteressant als gebrauchtwagen (akkukapazität) produktion/entsorgung umweltbedenklich daher warte ich auf wasserstoffauto ?? otto/diesel sinnvoll ersetzt,0,missing charging infrastructure
wir wünschen frohe ostern! #ostern #ostereier #osterhase #lade #ladeinfrastruktur #ladesäuleninfrastruktur #ladesäule #ladestation #eauto #elektroauto https://t.co/kiavehkk46,0,other
"verband autolobby-arschkriecher möchte nicht nur umweltschädliche schummel-autos weiter fördern. ein weiterer vorschlag ist auch, kosten eine ladeinfrastruktur auf allgemeinheit umzulegen. dabei stieg alleine vws gewinn 2021 um ca. 75% auf 15,4 mrd. eur! https://t.co/3twhhtesgo",0,other
"wie gut ist ladeinfrastruktur e-autos mittlerweile ???? aufgestellt - standards, marktakteure, verordnungen ...? antworten gibt hier online am mittwoch um 20 uhr. https://t.co/8earkbo43e",0,missing charging infrastructure
"6/x geht mit 100% weiter auf reise. ich könnte mich strecke a9 bis nürnberg &amp; dann a6 bis heilbronn entscheiden (gute ladeinfrastruktur), aber kinder lieben autobahntunnel &amp; auf thüringer waldautobahn gibt's einen haufen davon. dafür weniger ladesäulen. ?? https://t.co/0uta0mqi8x",0,other
"@weltraumcowboy_ @kleinstadtpiotr @jmihram @herrphteven können wir (zumindest zoe) nicht bestätigen. mitarbeiter fahrzeug, ohne eigene ladesäule. tägliche nutzung plus urlaubsfahrten erlaubt. bisher null klagen. reichweitenangaben passen.",0,other
@wahlosttiroler @ingridfuhrmann3 @herrphteven bei betriebskosten stimme ich zu. ladeinfrastruktur ist ausserhalb grossstädte nur was mutige leute. nicht jeder am land hat ein eigenes haus. reichweiten 400 - 500 km sind reines wunschdenken bei bezahlbaren modellen.,0,missing charging infrastructure
"entwicklung erneuerbarer energien: windkraftprojekte, photovoltaik, mobilisierung vnos, verbreitung wärmepumpen, beschleunigung entwicklung elektromobilität, ausbau ladeinfrastruktur elektroautos. https://t.co/5u7a08xyrp",0,missing charging infrastructure
"@herrphteven schlecht umwelt, hoher werteverlust, nicht zukunftsfähig aktuell, reichweite, ladeinfrastruktur",0,missing charging infrastructure
"@herrphteven stromnetz kann menge e-autos nicht stemmen, gefordert wird. ladeinfrastruktur ist ein logistischer albtraum. ist noch nicht mal genügend erzeugerkapazität da, um autos mit erneuerbaren energien laden (zu zeitpunkt wann benötigt wird).",0,other
@bansheeholzi @bmwk @technikjuli stimmt wohl. dann sollte förderung eben diese verhalten berücksichtigen. insbesondere europaweit werden phevs wegen unzureichender ladeinfrastruktur vielen ländern noch lange als brücke benötigt.,0,missing charging infrastructure
@kkklawitter zeiten denen z. b. vw eine 77% gewinnsteigerung gegenüber vorjahresquartal meldet sollte steuerfinanzierte ladeinfrastruktur ein no-go sein.,0,other
steht ein manta vor ladesäule… https://t.co/xxrr2mhhsk,0,other
@bserienjunkie @herrphteven welche fehlende ladeinfrastruktur? zeiten sind vorbei. im moment gibt 28.600 ladesäulen. ca. 19000 tankstellen. ???????,0,other
"@kkklawitter liege ich richtig damit, dass derzeitige ladeinfrastruktur eine 100prozentige umstellung nicht verkraften würde? welches maß umstellung wäre denn zurzeit möglich verkraftbar?",0,other
"@herrphteven ich fahre 95% langstrecke. dank fehlender ladeinfrastruktur, kleiner akkus teurer e-autos wird auch naher zukunft nix.",0,missing charging infrastructure
@drjoelina @ardenthistorian e-auto-ladesäule,0,other
@niklas9416 @consertum @alf_frommer https://t.co/zottnsatmk ziemlich genau 1000km. ohne ladeinfrastruktur. grüße aus brandenburg ??,0,missing charging infrastructure
@herrphteven mangelnde ladeinfrastruktur,0,missing charging infrastructure
"@vda_online sagt mal vda, warum tun sich automobilhersteller nicht zusammen bauen ladeinfrastruktur aus? warum muss bei euch alles immer steuerzahler bezahlen?",0,missing charging infrastructure
"danke zahlreichen beispiele jetzt schon hohen qualität ladeinfrastruktur. dass diese vom vda verbal auf mittelalterniveau geredet damit stimmung hybrid efuels gemacht wird, ist lähmung kund:innen autohersteller zugleich. gern weiter abstimmen. https://t.co/zwlefmifdp",0,other
"ist d bei e-ladeinfrastruktur gut aufgestellt? beim nächsten 14-täglichen #opentransportmeetup am 20.4., 20h führt uns @the_infinity welt e-auto-ladeinfrastruktur (standards, marktakteure, verordnungen usw.) ein. wir freuen uns. https://t.co/qt99t5yovc",0,other
@watch_greens keine ladeinfrastruktur auf hybride verzichten - wird dann auf mehr verbrenner hinauslaufen. genau wie bei kernkraft nicht nachvollziehbar. grünen ist co2 einsparung keine priorität.,0,other
"@kkklawitter @fabianlaasch bei ferienbündelungen vielen freitagen sind staus #ladesäulen autobahn eine katastrophe. da nutzt auch planung nix, fehlende ladeinfrastruktur lahme laden ist nervig.",0,missing charging infrastructure
"vda propagiert efuels plugin-hybride, weil ladeinfrastruktur schlecht sei vollelektrische antriebe. sei aufgabe des staates, also payroll steuerzahler:innen. aber darauf will ich nicht hinaus. e-automenschen: wie findet ihr laden d? gern retweet!",0,other
"@simonimous @vda_online #plug #ladeinfrastruktur #e pluginhybride sind unsinn. zuladung schweren akkus verursachen mehrverbrauch. viele fahren eh nur mit diesel, weil ereichweite nur alibi ist, um förderung abzustauben.",0,other
@simonimous @kkklawitter @vda_online ladeinfrastruktur wächst mit nachfrage d.h. anzahl e-fahrzeuge??,0,missing charging infrastructure
@simonimous @kkklawitter @vda_online dann halt ladeinfrastruktur hochfahren. e-fuels sind massive energieverschwendung. brauchen wir mglweise im flugzeug. im auto ist quatsch.,0,missing charging infrastructure
"@simonimous @vda_online können wir uns lieber auf ladeinfrastruktur konzentrieren, als bmws verpennte geschäftsmodell retten? ps: efuels werden nicht richten.",0,missing charging infrastructure
@simonimous @vda_online nö. ladeinfrastruktur gibt's ausreichend,0,other
"@simonimous @vda_online frohe oster auch dir simon! ich möchte aber kein geld mehr antriebe stecken, sondern ladeinfrastruktur ausbau erneuerbarer energie. ladeinfrastruktur bitte auch so planen, dass längere reichweiten weniger autos zukunft berücksichtigt sind.",0,missing charging infrastructure
@simonimous @vda_online förderung plugin-in-hybride stoppen ausbau #ladeinfrastruktur stecken (z.b. förderung wallboxen) sowie wallbox-sharing unterstützen vereinfachen (steuerliche aspekte).,0,missing charging infrastructure
"verband automobilindustrie gibt lebenswirklichkeit menschen mitzudenken. schmarn. vda plant diesen bedürfnisse menschen vorbei hat viel wenig ladeinfrastruktur, moderne mobilitätskonzepte eigene innovation getan. https://t.co/vmq6rrjhxy",0,missing charging infrastructure
"@sepp_reitberger @simonimous @vda_online plug hybride brauchen oft keine ladeinfrastruktur, da nach steuervorteil prämie e anteil im auto keine tragende rolle mehr spielt ausschließlich fossil getankt wird. ??",0,other
"@simonimous @vda_online falls sie's noch nicht gemerkt haben sollten: plugin-hybride brauchen mehr ladeinfrastruktur, weil man sie täglich laden muss. sie verstopfen bestehende infrastruktur. sie kennen zahlen genau. machen sie doch einen zielführenden vorschlag umbau förderung. 1/",0,other
"@kkklawitter konsequenz aus dieser aussage sollte eigentlich sein, dass bisherige förderung plugin-hybride komplett umgeleitet wird: ausbau ladeinfrastruktur, verbesserung des öpnv ausbau radinfrastruktur.",0,missing charging infrastructure
"@kkklawitter @vda_online ist wichtig, lebenswirklichkeiten aller menschen mitzudenken: aktuell ist ladeinfrastruktur noch vollkommen unzureichend.für viele sind hybride daher ein guter einstieg. plus: hybride können zukunft mit e-fuels genutzt werden ???? und: frohe ostern katja ??",0,missing charging infrastructure
"tesla hat sich ladeinfrastruktur selbst hingezimmert… ich bin leid, #ipcc berichte mit höchster dringlichkeitsstufe lesen. lesen, dass nur verkehr gebäude, verkehr aber deutlich nachbessern muss. vda steuergelder will, um eigene inkonsequenz aufzufangen. https://t.co/lehljqsb4b",0,other
"@simonimous @vda_online wirkt ziemlich aus zeit gefallen. einstieg elektromobilität ist doch längst gemacht. jetzt lieber voller fokus auf ladeinfrastruktur, dann braucht keine „phev-brücke“. https://t.co/m26ycr6ff9 https://t.co/puismgphzr",0,missing charging infrastructure
"einzig richtige antwort auf befund „unzureichende ladeinfrastruktur“ wäre konzentration auf ausbau #erneuerbarer energien #ladeinfrastruktur. nicht förderung fahrzeugen, jeder laterne laden müssen, um nicht verbrenner sein. https://t.co/dc86alpwnx",0,missing charging infrastructure
"ac ladeinfrastruktur paris ist zwar nicht üppig, aber intelligenter verteilt. statt de üblichen 2x22kw lader gibt hier oft 6x7kw. so auch 300m unserer ferienwohnung entfernt. https://t.co/qhw82lrjdz",0,potential solution
"@kkklawitter ignoranz ggü phev, keine suvs sind, ist unerträglich - egal, wer sie mund nimmt. nicht jede*r hat geld ein neues e-auto. oder ladeinfrastruktur. phevs wie prius sind ggü verbrennern ein fortschritt eine brücke 100% elektrisch",0,other
@fehringermartin @profwigge gerade auf land ist viel einfacher sich ladeinfrastruktur organisieren.,0,other
@ralfbuescher @tilojung @vquaschning @fdp @bmwk @die_gruenen was fehlt ist schlicht gut verfügbare ladeinfrastruktur.,0,missing charging infrastructure
portes des valances: eine einzige ladesäule uralt defekt. vierspurige autobahn richtung marseille #routedusoleil #elektromobilität #electric #avia ?@buffin11? weiterfahren https://t.co/hyn3piy6tr https://t.co/dqs1tjbqvc,0,missing charging infrastructure
"@wiesson @csaalmann @asolution89 @vquaschning @fdp @bmwk @die_gruenen schlimme ist ja, dass genau diese (eigentlich ehrenwerte) haltung echten e-mobilisten noch weiter erschwert, eine verfügbare ladesäule finden, sie aber dringend bräuchten. phev ist ein rohrkrepierer mobilitätswende.",0,missing charging infrastructure
@technikjuli @bmwk ich würde mich einmal auf neusten technischen stand bringen. mittlerweile sind wir bei 60 bis 100 km reichweite können bei richtiger nutzung zum fast elektrischen fahren reichen. bei urlaubsfahrt fehlender ladeinfrastruktur tankt man eben 1-2 mal??,0,other
"@csaalmann @asolution89 @vquaschning @fdp @bmwk @die_gruenen ich versuche schon oft aufzuladen, aber scheitere nicht verfügbarer ladeinfrastruktur oder unterirdisch schlechter it (app geht nicht, geht, aber fehler 500 nach eingabe daten, gibt keine app sondern nur physische karte lokalen stadtwerken, kein internet im parkhaus…)",0,missing charging infrastructure
"@simonimous @vda_online stoppen förderung ist absolut richtige schritt. geld kann sinnvoller genutzt werden. pluginhybride = viel gewicht + unnötiger ice + menschen gefährt nicht richtig nutzen, sprich kaum laden. auch pluginhybride benötigen eine ladeinfrastruktur.",0,other
#plug-in-hybride sind insbesondere angesichts noch immer völlig unzureichend ausgebauten #ladeinfrastruktur viele menschen ideale einstieg #e-mobilität. förderung stoppen wäre eine e entscheidung gegen verbraucherinnen verbraucher. @vda_online https://t.co/qfne0aqjey,0,other
"@vda_online auslaufen subventionierung ist ein richtiger schritt. denn kein auto, egal mit welchem anzrieb, ist ein teil des problems. nicht ein baustein zur lösung. ladeinfrastruktur ist wirtschaft zuständig. ist keine daseinsvorsorge. #habeck #plugin",0,other
"#pluginhybride sind ein populärer einstieg #emobility - gerade, weil ausbau ladeinfrastruktur weiter stockt. eine abschaffung förder-prämien wäre komplett falsche zeichen würde transformation #mobilität deutschland entgegenlaufen. https://t.co/4wkmx7lk0b",0,missing charging infrastructure
neuerscheinung: flotten-ladeinfrastruktur leicht gemacht. #logistik #elektromobilitaet https://t.co/tkfhcij2wy,0,other
finnische einzelhandelsgenossenschaft s group will ladestationen-netz ihren filialen bis zum ende dieses jahres verdreifachen. https://t.co/lo7zxd9yqy #emobility #elektromobilität #ladeinfrastruktur #finnland,0,charging infrastructure growth
"@gruenergerd du hast insofern recht, als dass ladeinfrastruktur deutlich ausgebaut werden muss. mieter:innen haben kaum möglichkeit, sich eigene wallboxen nachzurüsten. politik ist gefordert, richtigen rahmenbedingungen anreize setzen, dass sich infrastr. entwickelt",0,missing charging infrastructure
