Mention,Count,user_type
Elektro_Robin,318,Influencer
kkklawitter,290,Author
EnBW,225,Charging infrastructure provider
nextmove_de,206,Charging infrastructure provider
thestanceman1,157,Influencer
Stefan_Hajek,146,Author
Hagen,143,E-News
stang2k,140,Influencer
VQuaschning,127,Scientist
tagesschau,122,News
janusPrime,115,Influencer
Mingiam10,99,Influencer
frankfeil,95,Businessman
CMDRArchadder,91,-
Tesla,90,Company
ABaerbock,78,Politician
FabianLaasch,77,Businessman
Karl_Lauterbach,76,Politician
_Cap_22,69,-
welt,67,News
volkswagen,67,Company
HerrPhteven,67,Influencer
technikjuli,63,Influencer
Die_Gruenen,63,Political party
derspiegel,62,News
StromschlagYT,59,YouTube
cem_oezdemir,57,Politician
M_Hundhausen,57,Scientist
IONITY_EU,57,Charging infrastructure provider
VDA_online,56,German Association of the Automotive Industry (VDA)
Naturschuetzen,55,Influencer
fdp,55,Political party
Hamburg397,51,Businessman
DerGraslutscher,51,Influencer
andreasscheuer,50,Politician
OlafScholz,48,Politician
c_lindner,48,Politician
zeitonline,46,News
Herbert_Diess,46,Businessman
electrodocs,45,Influencer
VWGroup,44,Company
Wissing,44,Politician
wdwarncke,43,Businessman
araldeutschland,41,Charging infrastructure provider
polenz_r,41,Politician
BMWi_Bund,41,Federal Ministry of Economics and Technology
technikblog_ch,40,Influencer
KathaSchulze,39,Politician
_tho_,39,-
SZ,38,News
TilmanWinkler,38,Influencer
markusdd5,37,Influencer
c_schwarzer,37,E-Journalist
MineCooky,37,Influencer
ADAC,37,Automotive club
AndiScheuer,36,Politician
RealDonDenito,36,Influencer
HalleVerkehrt,36,Influencer
planwerk,35,Businessman
ArminLaschet,35,Politician
Schrottie,35,Influencer
CKemfert,33,Scientist
DudenhofferAUTO,33,Scientist
peteraltmaier,33,Politician
ZDFheute,33,News
CptKrustenkaese,32,Influencer
verkehrswendeb2,32,Influencer
umrath,31,Influencer
BMVI,31,Federal Ministry of Transport and Digital Infrastructure
Luisamneubauer,31,Influencer
GernotDreher,30,Influencer
janboehm,30,Influencer
AllegoCharging,29,Charging infrastructure provider
GeorgKonjovic,29,Businessman
Fastned,29,Charging infrastructure provider
handelsblatt,29,News
martineberle,29,Politician
MMittermeier,29,Actor
ZoePionierin,28,Social initiative
twittlik,28,Influencer
GillyBerlin,28,Influencer
JVos63,27,Author
simonimous,27,Influencer
EON_de,27,Charging infrastructure provider
BILD,27,News
MercedesBenz_DE,27,Company
ChristophBeisl1,27,-
kaufland,27,Company
RobertBoni6,26,Influencer
Markus_Soeder,26,Politician
TomFragt,26,Influencer
HolzheuStefan,26,Scientist
VeroWendland,25,Influencer
GerdKebschull,24,Influencer
CoalDead,24,Influencer
Porsche,24,Company
MaingauEnergie,24,Charging infrastructure provider 
elonmusk,24,Businessman 
heiseonline,24,News
Storch_i,23,Influencer
greenpeace_de,23,Social initiative
MarieDMeier,23,Influencer
CSU,23,Political party
MoormannRainer,23,Scientist
MarkusHoeher,22,Influencer
BMWK,22,Federal Ministry of Economics and Technology
faznet,22,News
YouTube,22,company
_mtiemann,22,Influencer
ElectriveNet,21,E-News
sixtus,21,Author
the_new_Toni85,21,Influencer
florianaigner,21,Author
Touni,21,Influencer
Tagesspiegel,21,News
peter_simone,20,Scientist
WeShare_DE,20,Company
djbeetee,20,Influencer
sepp_reitberger,20,Journalist
i_am_apriliaa,20,Influencer
anwaltsgelaber,20,Company
CDU,20,Political party
RheinEnergie,20,Charging infrastructure provider
DerClue,20,Influencer
davepermen,20,Influencer
TouchBenny,20,YouTube
MaddyQuerulator,19,Influencer
spahn_thomas,19,Journalist
jxn_simp,19,Politician
FridayForFuture,19,Social initiative
razerrath,19,Journalist
OliverHeim,18,Influencer
elektrokarre,18,Influencer
s04paps,18,Influencer
_FriedrichMerz,18,Politician
FeynmansMethod,18,Scientist
SenUVKBerlin,18,State institution
wiwo,18,News
Kosmopolit7,17,Influencer
KroegerOve,17,YouTube
englisch98,17,Influencer
sascha_p,17,Journalist
ladefuchs,17,Company
nikitheblogger,17,YouTube
BMW,17,Company
LenzGrimmer,17,Influencer
SchaferCorinna,17,Influencer
a_braxes,17,Influencer
BlakesWort,17,Influencer
kramkr,16,Businessman
TerliWetter,16,Journalist
real_mos,16,Influencer
_MaxDev_,16,Influencer
Rainer_Klute,16,Influencer
eautonews,16,E-News
Koeln,16,City
heuteshow,16,News
BMDV_bund,16,Federal Ministry of Transport and Digital Infrastructure
cooliopenguin,16,Influencer
FischwaffeI,16,Influencer
lidl,16,Company 
golem,15,News
Berndte3,15,Influencer
MonikaHerrmann1,15,Influencer
elemob_de,15,Influencer
GenerationStrom,15,Journalist
SilvaAtTwitta,15,Influencer
nextstepmobil,15,Charging infrastructure provider
tschelle,15,-
SimeonPreuss,15,YouTube
pjanik_otm,15,Influencer
Balelt41,15,Influencer
solarpapst,15,Scientist
dw_wirtschaft,15,News
mastafotygo,15,Influencer
Stvedie,15,Influencer
HerrRain,15,Influencer
igembb,15,-
agentsinaction,15,Influencer
SteveFi04457564,14,Influencer
cihansugur,14,Influencer
VCDeV,14,Social initiative
fwieschollek,14,Scientist
t3n,14,News
TichysEinblick,14,News
MarcMath5,14,Influencer
SixtDE,14,Company
_donalphonso,14,Journalist
AndreasMemmer,14,Influencer
kindofmagic4u,14,Influencer
DOeliger,14,Influencer
stekkerauto,14,Influencer
Sedios1,14,Influencer
DerWirkungsgrad,14,Influencer
bmu,14,"The Federal Ministry for the Environment, Nature Conservation, Nuclear Safety and Consumer Protection"
DerNicoA,13,Influencer
Nuklearia,13,Influencer
SWM_Muenchen,13,Charging infrastructure provider
bdew_ev,13,Energy lobby
Umwelthilfe,13,Social initiative
Shell_Germany,13,Charging infrastructure provider
Alexand23573402,13,Influencer
ThorstenRinne,13,Influencer
HShumanist,13,Politician
Schwunkvoll,13,YouTube
CleanElectrCast,13,Influencer
timohetzel,13,Influencer
WienEnergie,13,Charging infrastructure provider
PeugeotDE,13,Company 
HerrmannPierre,13,Influencer
emobly,13,E-News
EV_Stevee,13,Influencer
ShareNow_global,13,Company
ntvde,13,News
innogy_emob,13,Charging infrastructure provider
teslamag,13,News
micha_bloss,13,Politician
Daimler,13,Company
energy_charts_d,13,Scientist
erzaehlmirnix,13,Influencer
vwschweiz,13,Company
VWGroup_DE,13,Company
spdbt,13,Political party
Toyota_DE,13,Company
OliverHaas19,13,Political party
JuleStinkesocke,13,Influencer
ennolenze,13,Influencer
RenaultDE,12,Company
_Kittypunk,12,Influencer
Michael56986218,12,Influencer
Oliver_Krischer,12,Politician
acv_de,12,Automotive club
jcfrick,12,Journalist
ulfposh,12,Journalist
Iceskiff_Limeoh,12,Influencer
AudiOfficial,12,Company
systemstig,12,Influencer
Werdet_Gesund,12,Influencer
DerOetzmann,12,Influencer
schlingel,12,Influencer
frank_thelen,12,Businessman
mbvans,12,Company
___n2k1,12,Influencer
news_nowgmbh,12,Company
HIThomasFranke,12,Scientist
alextv,12,YouTube
BrunsRainer,12,Influencer
germanenginee10,12,-
radiermann,12,Journalist
Werktaetiger_,12,Influencer
LukTBrand,12,Influencer
tomueko,11,Influencer
lgewessler,11,Politician
Polizei_Ffm,11,Police Frankfurt
IngmarStadelman,11,Influencer
urwumpe,11,Influencer
SonoMotors,11,Company
mrcockpit,11,Influencer
Klima_Mahner,11,Influencer
Gert_Woellmann,11,Politician
GrueneBundestag,11,Political party
drumheadberlin,11,Journalist
Bettina_Jarasch,11,Politician
LosWochos,11,-
Juergen_Kaiser,11,Influencer
OpelDE,11,Company
MarcusWadsak,11,Influencer
ecomento_de,11,E-News
IngoHeinscher,11,Author
frischfuettern,11,Influencer 
xileffff,11,Journalist
EAutoPionier,11,Influencer
philippvetter,11,Journalist
N_Schmid,11,Businessman
rosenbaumg0,10,Influencer 
Marius_Raabe,10,Influencer
RuisingerR,10,Influencer
N_Heisterhagen,10,Influencer
franzalt,10,E-News
RegineGuenther,10,Politician
ardmoma,10,News
ReneHesse,10,Influencer
WernerderChamp,10,Influencer
SoerenLorensen,10,Influencer
tuedelkopp,10,Influencer
micha06de,10,Influencer
SebastianWetz,10,Influencer
doktorhulk,10,Influencer
HJFell,10,Social initiative
KurtHuwig,10,Influencer
spdde,10,Political party
hccd007,10,Influencer
Hornschild,10,Politician
ZDF,10,News
parents4future,10,Social initiative
DieroteZora3,10,Influencer
heiseautos,10,News
Ottostadt,10,City
AstroSven,10,-
Labonitamascota,10,Influencer
ReichelJonas,10,Politician
olewin,10,Scientist
DonDahlmann,10,Author
felixba,10,YouTube
_HelloPunk,10,-
electricfelix,10,YouTube
VBruttel,10,Scientist
PolizeiMuenchen,10,Police munich
Joerg_Meuthen,10,Politician
radkolumne,10,Social initiative
alwayssimifuzi,10,Influencer
vzbv,10,Consumer center
wegeheld,10,Influencer
ChristianOnRE,10,Scientist
