Hashtag,Count
Ladeinfrastruktur,161
Elektromobilität,143
emobility,108
elektroauto,80
ladeinfrastruktur,79
Ladesäule,76
Elektroauto,64
emobicon,53
eMobility,45
Tesla,37
ladesäule,33
Elektromobilitaet,29
elektromobilität,29
Verkehrswende,28
emobilität,21
wallbox,19
Wallbox,19
unternehmen,18
eauto,15
Elektroautos,15
BEV,13
EnBW,13
Energiewende,13
jobs,11
Berlin,11
"Ladeinfrastruktur,",10
energie,9
Ladeinfrastruktur.,9
EAuto,9
elektrofahrzeuge,9
eMobilität,9
eAuto,9
Ladesäulen,9
laden,8
Mobilitätswende,7
Ladestation,7
VW,7
Deutschland,6
energiepolitik,6
Emobilität,6
Fahrbericht,6
ladesäulen,6
Auto,6
Hamburg,6
Reichweite,5
elektroautos,5
Strom,5
PHEV,5
Laden,5
Zoe,5
Ladeinfrastruktur:,5
Elektromobilität.,5
Ladesäule.,5
ID3,4
Unternehmen,4
elektromobilitaet,4
Blockiergebühr,4
Klimaschutz,4
ionity,4
autokorrektur,4
EMobilitaet,4
EMobilität,4
Ladestationen,4
EEG,4
tesla,4
Ladekarte,4
EV,4
Wasserstoff,4
Stadtwerke,4
Elektrofahrzeuge,4
Ladesäulengespräche,4
"Elektroauto,",4
EAutos,4
Probefahrt,3
Ladesäule?,3
München,3
Autoindustrie,3
fplus,3
"Autos,",3
Volkswagen,3
"Ladesäule,",3
PV,3
Youtube:,3
energieverdichter,3
Ladesäulenverordnung,3
verkehrswende,3
CDU,3
Renault,3
Wuppertal,3
energiemanagement,3
energiewirtschaft,3
ID4,3
Verbrenner.,3
Förderungen,3
LadeInfrastruktur,3
EnergieIT,3
fail,3
Scheuer,3
Elektromobilität:,3
lade,3
tankstelle,3
FunkoLiveTour,3
Ladesäulen.,3
Aral,3
ladestation,3
Apps,3
EU,3
Antriebswende,3
"Elektroautos,",3
Klima,3
Ionity,3
Köln,3
socialreminder,3
Eichrecht,3
Autokorrektur,3
Audi,3
Grünen,3
enbw,3
"Verbraucher,",2
"Tanken,",2
Power2Drive,2
gruene,2
Haltung).,2
Gruenen,2
Jobs,2
IONITY,2
fastned,2
Ladesäule“!,2
SchleswigHolstein,2
"PKW,",2
ElektroAuto,2
Stuttgart,2
EWE,2
Lidl,2
Tesla.,2
Europa,2
WeShare,2
Solarstrom,2
model3,2
bev,2
verkehrsrundschau,2
"KFZ,",2
CO2,2
"Verkehr,",2
Triell,2
mobilität,2
Kartenterminal,2
Smartphone.,2
Geschäftsmodellen,2
Pricing,2
Zahlungsmedium.,2
NewMotion,2
SPD,2
elektrotour,2
förderung,2
elektrofahrzeug,2
Opel,2
Allego,2
zoe,2
Mercedes,2
Elektroauto-Fahrer:innen,2
Fahrstromtarif,2
Elektromibilität,2
Mannheim,2
Autogipfel,2
"Remseck,",2
Ökostrom,2
elektrisch,2
Kaufland,2
Dresden,2
Tesla:,2
Ikea,2
Energie,2
Mobilität,2
Staat,2
"Elektromobilität,",2
supercharger,2
Dänemark:,2
USA,2
Audi-Kunden,2
Schnellladenetz,2
Alltag,2
Elektroautos.,2
Volkswagen-Konzern,2
Akku,2
Gruene,2
LadeInfrastruktur.,2
Parkplatz,2
InduktivesLaden,2
Fahrstrom,2
Kleinblittersdorf,2
Frankreich,2
schweiz,2
ADAC,2
Nissan,2
CNG,2
"energiewirtschaft""",2
Mobilitaetswende,2
EQC,2
RunterVomGehweg,2
e-mobility,2
innovation,2
"Förderungen,",2
bidirektional,2
V2G,2
Hannover,2
CCS,2
ev,2
BEV.,2
Lego,2
Frankfurt,2
Leipzig,2
Ladenetz,2
Tankrabatt,2
Freiburg,2
Carsharing,2
eAutos,2
CCS).,2
Tanken,1
Elektrisch,1
Solaranlage,1
"Ökostrom,",1
Steigerwaldbahn...,1
Steigerwaldbahn,1
Konzept,1
ichkannnurdreikommasiebenkw,1
Elektrmobilität,1
McDonalds,1
Lübecks,1
smartie,1
Citypanzer!,1
Schnellladung.,1
EQV,1
RausAusDerSchmuddelEcke,1
Twike,1
Autokonzerne,1
LKW,1
Taxi,1
SWM,1
"DEW21,",1
Batterie,1
"Mittagspause,",1
Ausbau,1
Hessen,1
CatchOfTheDay,1
Leistungsstärkste,1
aufladen,1
Etaxi,1
wokannichladen,1
PedelecVelomobilität,1
ladechaos,1
,1
CarSharing-Erlebnis,1
Ladesäule​n:,1
ReNuBiL,1
juicebooster,1
energiemarkt,1
EnergieEuropa,1
ladetarif,1
Usability,1
Abzocke,1
Tempeln,1
Hypernetz-Filter,1
Porsche,1
Ladepunkte,1
CSR,1
"KlimakriseISTjetzt,",1
Würzburg,1
Steca-Wechselrichtern,1
KATEK,1
Wechselrichter,1
Ladeinfrastruktur-Anbietern,1
"Schnellladen,",1
spaghettieisultras,1
ENBW,1
emobiltity,1
ElektroEnergie,1
Infrastruktur,1
Fahrzeuge,1
Rheinenergie,1
Gesundheit,1
"schön'en,",1
"tacheles,",1
Ladetarif,1
köln,1
ID.3,1
Ladepreise,1
MT,1
emove360,1
Payback-Punkte,1
Mini,1
MiniCooper,1
Wandel,1
emobility:,1
BAFA,1
Information,1
Model3.,1
elektroautokarlsruhe,1
esistsokompliziert,1
overengineered,1
EMobile,1
Hybrid-Subventionseinsammler,1
Individualverkehr,1
HondaE,1
eUp,1
eaaze,1
caritas,1
MX30.,1
pion,1
Mazda,1
electricvehicle,1
goecharger,1
"Leaf,",1
greenzero,1
"Zoe,",1
fossilfree,1
ecar,1
Supercharger,1
Europe20XX,1
Glückstadt,1
"emobicon,",1
HeuteImKabinett,1
BEM-Berechungen,1
Ausgangssperre,1
Mieter,1
verkehrkarlsruhe,1
mobilitätkarlsruhe,1
Schnelllader,1
Parkplätze,1
Rollstuhl,1
Behinderte,1
Duisburg,1
karlsruhe,1
eigenwirtschaftlich,1
Supercharger.,1
H2,1
auto,1
FollowerPower,1
WDR2Kabarett,1
YesToNoCovid,1
Neubauten,1
JoltEnergy,1
Dublin,1
LearningbyDoing,1
Ordnungsamt.,1
GEIG,1
ESE-Aussteller,1
vollelektrisch​e,1
Schnellladeparks,1
Energiekonzern,1
bessermobil,1
VWs,1
Brüssel,1
GrenDeal,1
E_Auto,1
Planwirtschaft,1
ICE,1
Ladeinfrastruktur.😎,1
Corona-Jahr,1
Corsa-E,1
Halle,1
emobilitätkarlsruhe,1
Sion,1
"EAutos,",1
solarmanager,1
eFahrzeuge,1
Solar,1
ID3.,1
Miles,1
CSU.,1
SMGW:,1
zib2,1
Kona,1
FKEM21,1
peugeot,1
echargeapp,1
youtube,1
support,1
Winter,1
startup,1
Ladeverluste,1
Wendland,1
Nordhorn.,1
Hitzacker,1
PeugeotE2008,1
Hyundai,1
designfail,1
dafuq,1
Ladesäule​n,1
Stöhr,1
hybrid,1
plugin,1
Beteiligung,1
eGov),1
chargingstation,1
Tesla-Experten,1
Laternenparker,1
Strompeicher,1
R2G,1
"Laderoboter,",1
R2D2,1
Edeka,1
Neustadt.,1
Erlkönig.,1
Ladesaeulengespraeche,1
ladepunkt,1
9vor9,1
Dhdl,1
Tesla-Supercharger?,1
mobility+,1
zoeventure,1
GTE.,1
England,1
ChargingStory,1
eBike,1
Erfurt,1
ÖkoFakePluginSUV,1
"model3,",1
Klimakatastrophe,1
MSP,1
Ladepreis,1
Maingau,1
Murmeltiertag,1
mühsam,1
spannendistdasnicht,1
BER,1
ÖPNV,1
TXL,1
StarWars-Fan.,1
DitIsBerlin,1
HDL,1
GläserneManufaktur,1
eigentümer,1
wohnungseigentümer,1
eigentümergemeinschaft,1
rechtsanspruch,1
glasfaseranschluss,1
Elektroauto|s,1
Diesel-Transporter/#Benzin-Transporter,1
MobilityWeek,1
Mobilitätswoche,1
EMW2020,1
Verkerswende.,1
AnschubUmbauAntrieb,1
Ganderkeseer,1
GMAutomation,1
Ladegeschwindigkeit.,1
oncharge,1
vwid3,1
"Mobilität,",1
Söflingen?,1
NeueMobilitaet.,1
WalkForSelenkay,1
ShareDichDrum,1
AMRapideE,1
"Batterietechnik,",1
zuparken,1
podcast,1
FutureMobility,1
Incubator,1
eMobilität:,1
Berlinbrauchttegel,1
Kostentransparenz:,1
VDIVnewsletter:,1
"Grundsteuerreform,",1
Transrapid,1
Ibbebüren,1
Bonn,1
RenaultZOE,1
Verbrenner,1
Ladekabel):,1
SchönbergerStrand,1
PlugInHybride,1
FFM:,1
Erdölverbrauch,1
Biogasauto,1
Diesel,1
GiroKarte,1
engagement,1
undfeddich,1
Unternehmen:,1
Kompetenz,1
fuhrparkflotten,1
coaching,1
Fake!,1
Elektromobilitaet.,1
LAGA,1
Husby,1
smart,1
buchholz,1
Assi,1
Roaming,1
Energis!,1
emobility.,1
Bochum.,1
Witten.,1
fahren,1
ebikes,1
leipzig,1
Rangeextender,1
Leserbrief,1
Bremen.,1
"Hotel,",1
newmotion,1
hyundaikonaelektro,1
blöd,1
smarteq,1
juhu,1
e-Golf,1
gemeinsamesleiden,1
Telekom,1
energiepol…,1
Wiesbaden.,1
Sylt,1
crowdfunding,1
umwelt,1
krönung,1
Dreistigkeit.,1
dienstwagen,1
Kia,1
MAN,1
Elektrobus,1
Polen,1
dienstwsgen,1
Model3,1
Pluginhybrid,1
wohnung,1
Löwen,1
eBus,1
SOH,1
LadeFrust.,1
FunFact:,1
Tesla🚗,1
autogipfel,1
windkraft,1
solar,1
maischberger,1
ChargePoint,1
Apple,1
CarPlay,1
Werratal,1
Wuerzburg,1
StadtwerkeDuisburg,1
MediaCity,1
MDR,1
Kohleausstieg,1
EndeGelände,1
VDA:,1
Klimaziele.,1
Volkswagen-Konzern!,1
"Ladesäulen,",1
Elektroauto-Gedicht:,1
bidirektionales,1
Standortvorteil,1
bodensee,1
Friedrichshafen,1
Überlingen,1
OnCharge,1
"Autofahrer,",1
evo,1
Offenbach,1
Höhle,1
Boellerverbot,1
Nürnberg,1
Ökostrom.,1
VAGNürnberg,1
"Deutschland,",1
"Tankstellen,",1
"Zapfsäulen,",1
123energie,1
Shell,1
Ladepunkt.,1
Supermarkt,1
kostenfrei,1
Elektrofahrzeug.,1
gratisladen,1
Zukunft,1
ladenetzde,1
"StreetView,",1
"Digitalisierung,",1
"5G,",1
"fahrradalltag,",1
"homeschooling,",1
Verdienst,1
Ladeinfrastruktur...,1
noafd,1
WMM:,1
Parken,1
WallBox,1
Citroen,1
C5,1
"RenaultZOE,",1
Tübingen,1
Michigan,1
OpenWB,1
Comexio,1
VWID3,1
id3deutschlandtour,1
Navigation-Unterstützung,1
Elekromobilität,1
Moritzburg.,1
i3,1
mussmannichthashtaggn,1
BezahlbaresWohnen,1
SmallGrid-Technologie,1
Ladeinfrastruktur|en,1
EMobiliät,1
Archiv,1
eScooter,1
Ladesäulenreport,1
3,1
Falschprkern,1
emobilitaet,1
blockiergebühren,1
ladestationen.,1
Deutschland...,1
Kretschmann,1
Oranienburg,1
Kosten,1
Förderung,1
Immobilien,1
PCMDigitechConsultingGmbH,1
ProductionnetACGmb,1
enwb,1
MehrfachSteckdose,1
Parkfläche,1
Biomethan,1
FullElektricConcept,1
Ladebedarf?,1
ratracer,1
Flexibilisierung,1
Viessmann,1
Total,1
LockdownLight,1
Ladung❓,1
Klimawandel,1
WELMO,1
KatjasAutokorrektur,1
Autokorrektur.,1
charging,1
Startup,1
Ubitricity.,1
offline,1
chademo),1
noemobilitywitheon,1
Ladezeit,1
AfD,1
Verkehrswende?,1
Umparken,1
Gruenen.,1
lockdown,1
suhl,1
A****,1
Enbw,1
aldisued,1
Stralsund,1
sws,1
Raststädte,1
oerlinghausen,1
"Symbolbild,",1
NEW-Säule,1
Enrergiewende,1
Glücksspiel...,1
Verbraucher:innen,1
eAuto-Ladesäule,1
FreeJConstantine,1
erneuerbareenergien,1
Thüringen,1
WLTP,1
Energie.,1
Verlustwärme,1
Knut,1
traffiQ,1
CleverSnapshots,1
PlatzderRepublik?,1
newbie,1
Habeck,1
berlin,1
Ladesäule|n,1
Elektroauto|s.,1
Whitepaper,1
Ladeorte,1
"Bayern""",1
bayerninnovativ,1
innovationleben,1
eladepunkte,1
EVCC.,1
Möckernstraße,1
jetztmobil,1
ElectricVehicles,1
Elektroautos.s,1
Braunschweig.,1
Ladesäule:,1
shell,1
tamoil,1
hem,1
bp,1
stg,1
wcoty,1
gcoty,1
highvoltage,1
ladesaeule,1
giessen,1
ladejammer,1
LadesäulenWasFürEinGraus,1
EON,1
Daseinsvorsorge?,1
RFC,1
autohaus,1
zukunft,1
Ladegipfel.,1
BVG,1
weilwirdichlieben,1
Elektroauto.,1
CO2AusstossJetzt!,1
lol,1
Heiligabend,1
EU.,1
mehrplatzfürsrad,1
Autofreien,1
ElectRoad,1
Umweltausschuss,1
Guetersloh,1
innogy,1
hbautogipfel,1
Marktwirtschaft,1
Darss,1
kreuzhilden,1
seedandgreat,1
ladepark,1
ladeparkkreuzhilden,1
"Fastned,",1
AEW,1
"EVPass,",1
Automobilindustrie,1
AndiBScheuert,1
COP26Glasgow,1
Klimaneutralität,1
autogipfel2021,1
weihnachten,1
Automotive,1
lesch,1
beratung,1
frankfurtammain,1
mobilitätswende,1
Elektromobiliaet,1
Verschandelung,1
CenterParks,1
hotline,1
electric,1
Dinkelsbühl,1
Magdeburg,1
eMIS,1
CovPassCheck-App,1
Gratis-#Ladesäule,1
Trucker,1
Nordkorea|nische,1
Annalena.,1
Braunschweig,1
ESWE,1
Grundgebühr,1
wiesbaden,1
eswe,1
wirgestaltenenergie,1
EQS,1
Tiefgarage,1
Elektromobilität?,1
"Ladestationen,",1
Klimaneutralitaet,1
FFF,1
BFSG?,1
EAA,1
Barrierefreiheitsstärkungsgesetz,1
Ladeleistung,1
ID4.,1
VerbraucherInnen,1
Tarife,1
nachhaltiges,1
Tectrion,1
Betriebsbetreuung,1
CHEMPARK.,1
CURRENTA,1
danketanke,1
Wanker,1
aral,1
tankstellederzukunft,1
ZweidorferHolz,1
Fake,1
Erneuerbare,1
Autobahn,1
Zeitverlust,1
Tempolimit,1
Born,1
Bürokratie,1
Verbrennerindustrie,1
"Batteryheads,",1
Aralpulse,1
Plug&amp;Charge,1
FridaysForFuture,1
Reicheite,1
Ladesäule...,1
THGQuote,1
ladesäulenblockierer,1
THGPrämie,1
oberursel,1
bidirektionalesladen,1
v2g,1
vehicletogrid,1
Radfahrer,1
Kabel,1
Parkverbot,1
Radweg,1
FridaysForHubraum,1
Elektroauto:,1
StuttgarterRechteck,1
Boomer*Innen,1
Weiterbildung,1
Seminar,1
Blickfeld.,1
Großbritannien,1
srmd,1
Charlottenburg`er,1
Spandau,1
EMobility,1
Öffentlichen,1
Digitalisierung?,1
StandWithUkraine,1
Bunsesregierung,1
Dinosaurier,1
IPCCReport|e,1
ladesstyle,1
AusBerlinFürBerlin,1
"Umweltplakette,",1
wtf,1
Strom.kosten,1
"Hybrid,",1
sogehtnichtelektro,1
Gaudet,1
WOBvsBHV,1
grizzlys,1
playoffs,1
magentasport,1
gas,1
"Guyana,",1
Venezuela,1
Zambia:,1
Ladesäule|nbetreiber!),1
Schwarzwald?,1
falschparker,1
Scholz,1
Verbrenner-Fahrer,1
gogreen,1
mission2050,1
Enyak,1
BiDirektional,1
"KünstlerstadtKalbe,",1
Energiewende!,1
AFIR,1
eActros,1
eLkw,1
Wärmepumpe,1
Benzinpreis,1
Stromversorger,1
Fragmentierung,1
Downgrade...,1
Verkehrsminister,1
AC,1
Omikron,1
China,1
ottowa,1
Kanada,1
"Verbrennern,",1
Klimahelden,1
Investment,1
Rendite,1
Energiespeicher,1
Darmstadt,1
Eigenverantwortung,1
Bundeskanzler,1
BadKarlshafen,1
Uslar,1
Lippoldsberg,1
"EU-konform,",1
Lindner,1
Spritpreisbremse.,1
Tankzuschuss,1
Dienstleistungen,1
weconnectid,1
tronity,1
emobilität.,1
stehterlädter,1
Spritpreisbremse,1
Nachhaltigkeit,1
mittelstand,1
Spritpreise,1
PVAnlagen,1
1,1
Hamburg!,1
Diesel.,1
Energiekrise,1
Strompreis,1
Energietechnik,1
Elektroauto;,1
Wallbox.,1
StiftungWarentest,1
Lausitz,1
LEAG-Ladesäule,1
Wolkenkuckucksheim.,1
andieckeparkt,1
eFluchen.,1
invest,1
kannsteDirnichtausdenken,1
Car2Car,1
PluginHybrid,1
Klimaschutz:,1
bonn,1
München.,1
gschichtenausempaulanergarten,1
ichweißallesbesser,1
Lanz,1
lanz,1
Elektrofahrzeug,1
Wannsee,1
Eichrecht?,1
Ladesäule!?,1
PLAYMOBIL,1
SchämtEuch:,1
Gehweg,1
brandehörnerkirchen,1
Energieversorger,1
Businesspartner.,1
städtische,1
Fitfor55,1
Teufelszeug,1
mobility,1
ingolstadt,1
Tesla-#Schafe,1
Lembach/#Elsass),1
SheepContent,1
Ingenieure,1
VDAZahlDerWoche,1
France,1
AutosRausAusDerStadt.,1
Wahlkampf,1
CDUCSU,1
Ladeinfrastruktur?,1
Magnetbeton-Technologie,1
Graz,1
"europaweit,",1
Citylogistik-Projekt,1
GrazLog.,1
energiegraz.,1
derGrazer,1
Fussgängerzone,1
Fuzo,1
Innenstadt,1
Nagl,1
Novelog,1
Offenburg,1
comfortcharge,1
ElektroFahrer,1
Ladesäule!,1
RastplatzBeverbach,1
MachE,1
Tabakindustrie,1
Reichweitenangst,1
Neos,1
Model3SR+,1
Fragen,1
annoyed,1
modernworldproblems,1
Württemberg,1
Neckartor,1
GoElectric,1
D…,1
Bundeswehr,1
Hansewerk,1
DreckamStecker,1
RS1,1
Elektroautofahrer,1
adac,1
Überzeugung,1
Blockiergebühr.,1
Peugeot,1
e208,1
erneuerbare,1
Reklame,1
"Chemie,",1
"Batterieproduktion,",1
"Strom,",1
"Rewe,",1
Digi…,1
"Roller,",1
"Shell,",1
Hagebau,1
eautos,1
ladefail,1
Störung,1
Ladesäulen:,1
mikromobilität,1
förderungen,1
Laschet,1
autoliebe,1
Verbrennerfahrverbot,1
ladehack,1
19,1
HajeksHighVoltage,1
DriveNow,1
Fahrstrom.,1
Digitalisierung,1
Bielefeld,1
Grünen:,1
Fuhrpark,1
Ladelösung,1
Leitfaden,1
Praxisbeispielen,1
ComfortCharge,1
Ladesäulenblockierer,1
MercedesBenz,1
eSprinter,1
Mitgliedstaat,1
carmaniac,1
Teslakiller,1
shellrecharge,1
Burmester-Soundsystem,1
"Tesla,",1
Systemfehler,1
moretocome,1
aralpulse,1
sentrymode,1
KfW,1
EmobilityEast,1
Heinenkamp,1
Privathaushalten,1
Elektrofahrzeugen,1
Klimaschutzgesetz,1
LKWs,1
Afghanistan,1
"CarSharing,",1
Autobesitzer,1
spritpreisbremse,1
fdp,1
fdpbt,1
Stuttgart:,1
WTF,1
Bussgeld,1
Preisgestaltung,1
Fachdebatte,1
EMobilität.,1
hacken?,1
Hackfleisch,1
Enyaq,1
remindmein10years,1
energiemanageme…,1
bidirektionale,1
Bürokratiemonster,1
girocard,1
Bremen,1
Ladestau:,1
Elektroauto-Vermietung,1
blockiert,1
rücksichtslos,1
noparkingarea,1
"Eichrecht-konform,",1
TCamp21,1
emobilty,1
"Energie,",1
EnBW-AGB.,1
diesel,1
Langenhagen,1
telefonica,1
charginginfrastructure,1
Ladeinfrastruktur),1
audi,1
audietron,1
audietronsportback,1
elektrischnachMalle,1
dieHeimreise,1
Baerbock,1
Illner,1
UrbanArroganz,1
EVSE,1
sommerhaus,1
BEV)?,1
Elektroauto-Ladeinfrastruktur,1
Heliox,1
Ladesystem,1
"Flottenbetreibern,",1
walterröhrl,1
Podcast,1
"borntrotransform,",1
Blockchain,1
"Fujitsu,",1
dhdl,1
NASA-Logos.,1
SPIEGEL,1
Ladesäule|n.,1
"FDP,",1
P2DEU,1
Car2Flex,1
LSV,1
Kabul,1
Koblenz.,1
power2drive,1
Gleichstrom,1
electriccar,1
fastcharger,1
EAuto?,1
Herausforderung,1
Chance,1
co2,1
payment,1
Kreditkarte,1
Urlaub,1
Maxus,1
EV80,1
Rimac,1
Wahlduell,1
Sixt,1
kostenlos,1
fragselbst,1
"Ladeinfrastruktur),",1
"ID3,",1
Ladepunkt,1
Batterietechnik,1
Effizienz,1
Architektur:,1
HPC,1
DC,1
Wallboxen,1
Talibans,1
Podcast.,1
Ladeoptionen.,1
Verbrennungsmotor,1
Konkurrenzfähigkeit,1
futuremobility,1
Basel,1
CDUCSUabwaehlen,1
niewiederCSU,1
Ilsenburg,1
Mobilitätswende.,1
niemalsakkuleerfahren,1
Karte.,1
girocard.,1
Libreo,1
API,1
TryHarder,1
ElektroAuto|s,1
Umschau,1
Anschaffung,1
Betriebskosten❓,1
MoveToTransform,1
TransformTheEveryday,1
Finkenstraße,1
MobilityMover,1
LifeonaLadestation,1
Qwello,1
MeganeEtech,1
wissenschaftlich,1
Landkreis,1
Celle,1
CDU?,1
giroe,1
