Hashtag,Count
eMobility,512
Elektromobilität,293
Ladeinfrastruktur,268
Elektroauto´s,172
KfW,99
'#,62
emobility,48
energie,38
energiewirtschaft,35
elektroauto,33
jobs,29
ladeinfrastruktur,29
energiepolitik,24
energiemanagement,22
energiewende,15
Elektroauto,14
Ladesäule,14
Job:,13
elektromobilität,13
Elektromobilitaet,13
emobicon,11
Elektrofahrzeuge,10
P3,10
Ladeinfrastruktur.,10
energiemarkt,10
energieverdichter,10
ladesäule,10
Verkehr,9
Energie,9
Berlin,9
verkehrswende,9
EnergieEuropa,8
Bundeskartellamt,8
Elektroautos,7
BMVI,7
Automotive,7
NewMobility,7
mobilitätswende,7
ABB,6
EnergieIT,6
Elektromobilität.,6
Shell,6
Klimaziele.,6
München,6
Ladestationen,6
Elektromobilität:,6
Deutschland,6
Elektroauto-Ladeinfrastruktur,6
Verkehrswende,5
Roaming,5
Ai,5
Siemens,5
EMobilität,5
Emobilität,5
Wallbox,5
Robotertaxi,5
eMobilität,4
Adas,4
Podcast,4
Wasserstoff,4
Böblingen,4
"energiemanagement""",4
Startup,4
elektroautos,4
EnBW,4
Neuregelungen,4
emobilität,4
Digitalisierung,4
TÜV,4
Förderung,4
E-Autos,4
beratung,4
solarenergy,4
ITjobs,4
Klimaschutz,4
elektrofahrzeuge,4
solar,4
Allego,4
Frankreich,3
EMobilitaet,3
stellenangebot,3
Mobilität,3
ots,3
energ…,3
GridX,3
EON,3
Compleo,3
kommunal_eu,3
VW,3
ÖPNV,3
EVBox,3
Ladeinfrastruktur:,3
energieBerlin,3
energi…,3
stadtwerke,3
frankfurtammain,3
solarpv,3
ladesäulen,3
HPC,3
topenews,3
Tesla,3
Hamburg,3
Schweiz,3
Mobilitätswende,3
Lastmanagement,3
Job,3
"Ladeinfrastruktur,",3
BadenWürttemberg,3
LSV,3
Förderprogramm,3
…,2
Qwello,2
TEAG,2
energieiwirtschaft,2
EOn,2
Ökostrom,2
Wiesbaden,2
NewMotion,2
umwelt,2
elektromobilitaet,2
Strom,2
"energiewirtschaft""",2
Sektoruntersuchung,2
SparteDienstleistungen:,2
Ladesäulen,2
Elektrofahrzeuge.,2
Amazon,2
smartcitywerkstatt,2
"Nutzfahrzeuge,",2
JuiceTechnology,2
Verkehr:,2
"Geld,",2
Audio-Special,2
"energiepolitik""",2
enerson,2
Markt,2
Elektromobilitaet:,2
TheMobilityHouse,2
USA,2
Koalitionsvertrag,2
Greenpeace,2
DEFAMA,2
Ladesäulenverordnung,2
FellerAG,2
Elektroautos.,2
Total,2
Ladestation,2
E-Mobilität.,2
epilot,2
TIA,2
infrastruktur,2
Di…,2
ChargeUpEurope,2
"energie""",2
einfachladen,2
Jaguar,2
,2
Ladeinfrastruktur-Ausbau.,2
Elektrifizierung,2
job,2
Eni,2
Elektrofahrzeugen,2
eCar,2
SWR,2
energiewirt…,2
eaddicted,2
electriclife,2
Innovation,2
Stellenangebot,2
Blockchain,2
innovativehochschule,2
BorgWarner,2
Sicharge,2
"Akasol,",2
busblickpunkt,2
energie…,2
Mobilitätskonzepte,2
en…,2
SPIE,2
AutomatedDriving,2
UK,2
"Lithium-Verteilung,",2
GLS,2
Wien,2
Österreich,2
windenergie,2
eAuto,2
Kooperation,2
mobility,2
flotte,2
Ladesäule.,2
busnetz,2
nachhaltigkeit,2
FrankfurtAmMain,2
MarketingDigital,2
Ladeinfrastruktur-Ausbau,2
Seminar,2
Fastned,2
Lkw,2
Offenbach,2
wallbox,2
Tritium,2
Hubject,2
Smartlab,2
Weiterbildung,2
BMW,2
ADSTEC,2
NRW,2
BVF,2
academics,2
Stadtwerke,2
Köln,2
förderung,2
CO2,2
Zürich,1
Repower.,1
Frankreich.,1
ubitricity,1
Alfen,1
Netzintegration,1
Barnim,1
ATZlive-Tagung,1
YouChargeMe,1
Unternehmen.,1
automotiveindustry,1
SpringerProfessional-Buchtipp,1
Schweden,1
Energieversorgung,1
Cleantech,1
eAutos,1
Kompetenz,1
Wallbox-Projekt,1
KfW-Förderantrag,1
Thüringen.,1
energiemanag…,1
Grünheide,1
Ecocoach,1
business,1
Experten,1
autohaus,1
Netzleitstellen,1
Lademanagement.,1
Stromversorgung,1
eMobility-Ladeinfrastruktur.,1
Telekom,1
sicherheit,1
chargingincities,1
mobil,1
"Verlängerung"",",1
emobil,1
Anschaffung,1
Beratungsleistungen,1
e…,1
Ladegipfel,1
Elektrisch,1
Thüringen⚡️,1
eBusse,1
"Mobilität""",1
Ladeinfrastruktur-Strategie,1
Online,1
live,1
Ladeinfrastruktur-Start-up,1
electrifiedtalk,1
ID,1
Grüninnenfilme,1
FCA,1
REIL,1
vzbv-Stellungnahme,1
OkayaPower,1
Indien,1
security,1
Bernau,1
ener…,1
sustainability,1
vzbv,1
ökostrom,1
Chrysler,1
renewableenergy,1
Inselwerke,1
Elektromobile.,1
EAuto​s.,1
"AFCEnergy,",1
HPC-Generation,1
Fiat,1
BARshare,1
ESTFH,1
BernauLIVE,1
marktforschung,1
co2,1
europa,1
auto,1
SharedMobility,1
Volkswagen,1
dasdigitaleauto,1
BP,1
Bulgarien,1
Wasserstoff-Brennstoffzellen-Anwendungen,1
NLGERMobility,1
Smatrics-Ladenetz,1
ÖBB.,1
"VDATK21,",1
UBahn,1
Düsseldorf,1
SBahn,1
Impulse,1
wirtschaft,1
studie,1
Talk,1
eauto,1
Wallbox-Verbünde.,1
"Juice,",1
EVTEC,1
Helion,1
Carsharing,1
VDA,1
USA:,1
Kaufprämie,1
"Toyota,",1
"Nissan,",1
Honda,1
Mitsubishi,1
Japan,1
GrafschaftBentheim,1
Nordhorn,1
Ceresana,1
FitX-Standorten.,1
Zukunft,1
Diskussion,1
KreiswerkeBarnim,1
IONITY,1
DigitalTransformation,1
IoT:,1
Robotik,1
Drohnen,1
Efacec,1
Polen,1
Aral,1
HPC-Ladenetz:,1
Stadeln,1
Fürth,1
Schweden:,1
ÖPNV-Dieselbussen,1
OnDemand-Systeme,1
Mini,1
Heilbronn.,1
eon,1
"Pfalzwerke,",1
Elektroauto:,1
ZVEI,1
webinare,1
BVG,1
architekten,1
fortbildung,1
Öfficon,1
"Flottenelektrifizierung,",1
"Energie,",1
20451,1
ElectricHighway,1
VBB,1
Ecotricity,1
Gridserve,1
3D,1
BIM,1
CAD,1
DigitaleTransformation,1
FKEM21,1
Mobilität|swende:,1
Chargemaker,1
Elektro,1
InnovationAtEveryLevel,1
TowerTransit,1
MVV,1
Ludwigshafen,1
ElektroMobilitätsnetzwerks,1
Tenk,1
Hamburg:,1
energiewirtsch…,1
ElektroMobilität,1
SmartCharging,1
fossilfrei,1
emobilitylab,1
BrandenburgJobs,1
BDIOT2020.,1
reinforcementlearning,1
Engie,1
Hotel,1
EFahrzeug,1
Stadtmarketing,1
Sundern,1
TechnischenWerke,1
"Heidelberg,",1
Stockum,1
Energieversorger,1
SierraLeone,1
Niederlanden,1
Ausschreibungen,1
EE,1
Energieeffizienz,1
Faktencheck,1
Batteriepreise,1
charger,1
Mooncity,1
Vienna,1
Moon,1
Mobilitätsarena,1
"Klimaschutz,",1
Falkenberg,1
Lausitz,1
Spreewald,1
Zukunft.,1
innogy,1
ElektroTankstelle,1
London,1
AndrewCuomo,1
Reallabor,1
EMobilität.,1
Bremerhaven,1
Abrechnungschaos,1
buchholz,1
YesWeCan,1
disneyisoverparty,1
Stone,1
trumpelection2020,1
laden,1
BKartA,1
"Elektrofahrzeuge""",1
BKartA:,1
ivvmagazin,1
"VDA,",1
"BDEW,",1
"Wirtschaft,",1
NewYork,1
FiatChrysler,1
"EGolf#s,",1
publishindustry,1
"Lastenfahrräder,",1
MAINGAUEnergie,1
Einhardstadt,1
BHVInfo,1
Elektrolieferwagen,1
Ruhrgebiet,1
BakerTilly,1
kartellrecht,1
nowfortomorrow,1
LamA_connect,1
FraunhoferISE,1
bnNETZE,1
energiewirtsc…,1
energiewirtschaf…,1
Mainova,1
EMobilität|s-Lösungen.,1
Energy40,1
"Belize,",1
Coop,1
"Nachhaltigkeit,",1
Elexon.,1
charging,1
evcharging,1
techfacts,1
electricvehicles,1
evolve,1
evchar…https://t.co/KLRWtRLAHZ,1
ElectReon,1
Italien,1
Wallboxen,1
Auto,1
kfw,1
schneiderelectric,1
Parkplatz2!,1
Niederlande,1
Tübingen.,1
Subkultur,1
Bürgeramt,1
electricandhybridvehicles,1
Projektanbahnung,1
eautos,1
Eberswalde,1
Elektrobus,1
Urbino,1
LifeIsOn,1
SchneiderElectric,1
KfW-Analyse:,1
emobilsaar,1
Charx,1
PhoenixContact,1
Ladetechnik,1
Ladekonzepte,1
Energiesysteme.,1
Essen,1
Wallboxen.,1
Niedersachsen,1
ChargeOne.,1
Betriebliche,1
news,1
ErneuerbareEnergien,1
DigitalEnergySolutions,1
Viessmann,1
E-Mobilität:,1
wirspielennichtmit,1
Freiburg,1
Rittal.,1
schlaunews,1
E-Mobility,1
Nachhaltigkeit,1
EU,1
Schnellladenetz,1
Ausschreibung,1
Europa,1
Kanzlei,1
Gerold,1
Innsbruck,1
Tirol,1
ladestation,1
mobilität,1
immobilien,1
Energiedaten,1
Marktmacht,1
RWE,1
Homeoffice,1
Porsche,1
Mobilität.,1
Verbraucherzentrale,1
Badstraße,1
Kurhaus,1
Freiamt,1
EAuto,1
energy,1
EMobilitätslösun,1
leitstelle,1
eLoaded,1
HoGaKa,1
Ulm,1
DC,1
Troisdorf,1
ABBFIAFormelEMeisterschaft,1
polnischen,1
Fachplaner,1
Solaris,1
Chargecloud,1
EU-Beihilfenrecht.,1
Italien.,1
Amperio,1
FreeToX,1
Cepsa,1
Endesa,1
Karlsruhe:,1
Mobilitätssysteme,1
Halle,1
Solarthermie,1
Wiesbadenlebt,1
"KWK-Nahwärmeversorgungskonzept,",1
Quartiersentwicklung,1
BKWK-Kongress,1
elektroautoladen,1
echarge,1
mevolt,1
Straubing,1
vhs,1
emobnrw,1
Wettbewerb,1
Klimapolitik,1
Literaturhinweis,1
Verantwortlichkeit,1
Datenschutz,1
DSGVO,1
energiewi…,1
enviaMGruppe,1
Ladestrom,1
emobkompetenz,1
Energiezukunft,1
Ammerndorf,1
UniStuttgart,1
MITNETZSTROM,1
DigitalChargingSolutions,1
Klima,1
kompetenz,1
Vattenfall,1
btw21,1
"Daimler,",1
Wirelane,1
"gewobau,",1
Rüsselsheim:,1
Prüfung,1
GDL,1
Böllenseesiedlung,1
IAA21:,1
Microlino,1
Batterie,1
Nachhaltige,1
Jucr:,1
Standpunkt:,1
"Dienstwagen,",1
"Benzin,",1
Diesel),1
Tempo130),1
automatisiertesFahren“,1
Here,1
Energiewende,1
fachmesse,1
HusumWind,1
Organisationsentwicklung,1
Wallbox-Serie,1
Parkstrom,1
Power2Drive,1
P2DEU,1
ionity,1
Mobilitätswoche,1
ihksiegen,1
Fördermitteln:,1
Zusammenarbeit,1
Norlys,1
Dänemark.,1
Quartiers,1
Graz,1
Mobility,1
Carré,1
BureauVeritas,1
bdew_ev,1
Bundeskartellamtes,1
Bauwende,1
ene…,1
München.,1
"Mobilitätswende,",1
frequentum,1
e-mobilität,1
wohnungswirtschaft,1
energieversorger,1
hpc,1
ladepark,1
deutschlandnetz,1
Frankenthal!,1
"automatisiertesFahren""",1
ev,1
Klimaschutz:,1
Entwicklung,1
CuvillierVerlag#EMobilität#Forschung,1
ESR-Preise,1
gls,1
JoltEnergy,1
Nachrichten,1
LandkreisSchweinfurt,1
Ladeinfrastruktur-Ausbau!,1
förderfähig,1
fördermittel,1
automatisiertesauto,1
lade,1
AlphaStruxure,1
Stromerzeugung,1
Mobilitätswandel,1
Autoflotte,1
Schnellladesäulen,1
Fuhrparkverband,1
EMobilitaet.,1
energiewirtscha…,1
megamonheim,1
energiewirts…,1
ladepunkte,1
Verbandsumfragen,1
energiei…,1
energieiwir…,1
Sachstandbericht,1
logistik,1
lem,1
schaffner,1
limburganderlahn,1
fdp,1
BANULA,1
consulting,1
H2,1
Volvo,1
elektropraktiker,1
Youtube:,1
KiaEV6,1
IONIQ5?,1
Traton,1
Monta,1
alwaysbecharging,1
Energie-,1
BDEW,1
landisgyr,1
hubersuhner,1
abb,1
"Kulmbach,",1
Adventskalender,1
14,1
enedi,1
stadtwerkevelbert,1
digitalisierung,1
software-as-a-service,1
Neuenmarkt,1
Ludwigsburg,1
Niederlande:,1
ESWE,1
Tamoil-Tankstellen.,1
Umweltministerium,1
Förderlandschaft,1
Alpitronic,1
Jolt-Schnelllader,1
Greenlots,1
Elexon,1
ladeinfrastrukur,1
parkhaus,1
Rulle,1
Eworld,1
Schnellladegesetz,1
Bundestag,1
SchnellLG,1
"SMGW,",1
"SmartGrid,",1
Submetering,1
FCBayern,1
Audi,1
AllianzArena,1
FCB,1
Landshut,1
OMEI,1
mikromobilität,1
förderungen,1
SMATRICS,1
Kemnath,1
"Elektromobilität,",1
NachhaltigesMobilitätskonzept,1
Mikromobilität,1
Greenflux.,1
Österreich:,1
InstaVolt.,1
AralPulse,1
Automobilindustrie,1
Unternehmenskultur.,1
Wärmewende,1
DKV,1
EMobility,1
StadtderModerne,1
eBus,1
Berlin!,1
Elektromobiliät!,1
GrueneSaeule,1
Chemnitz,1
HEOS.,1
emobilityeast,1
Wallenhorst:,1
energiema…,1
iMSys,1
VDE,1
CPMS,1
chargepoint,1
AhlmBadDavstdt,1
detoxyourmobility,1
Polis,1
MerGE,1
Aachen,1
AFD,1
Großbritannien.,1
normen,1
elektrifizierung,1
Webinar,1
wgkd,1
schweiz,1
b2b,1
smart-me,1
neubau,1
China.,1
Luxglas,1
Hackfleisch,1
Erneuerbare,1
Ladeinfrastruktur!,1
DE:,1
Burgwald,1
Bottendorf,1
Klimaneutralität,1
Thüringen:,1
Ladenetz-Ausbau.,1
DAF,1
GeneralMotors,1
"Werkstätten,",1
Mennekes,1
Wirelan:,1
Komplettlösungen,1
Einzelhandel,1
Wirelan,1
GM,1
Mehrwertdienste,1
SMGw,1
zveh,1
Radisson,1
Ladeinfrastruktur-Betreiber,1
BePower,1
Energiekonzern,1
CO2-Preise,1
Versorgungssicherheit,1
Ebusco,1
Elektrobusse,1
energiew…,1
SWEG,1
Nürnberg:,1
Unesco-Welterbestätte,1
"Essen,",1
Wärmeversorgung.,1
Wallbox-Produktion,1
Girokarte,1
giroe,1
Autobahnraststätten,1
Deutschland“,1
TransnetBW,1
Nutzfahrzeuge,1
Klimakrise,1
elektrotechnik,1
ET23,1
erneuerbare,1
bioenergie,1
wasserstoff,1
kwk,1
Wohnungswirtschaft“.,1
Frankfurt,1
Ladeinfrastruktur?,1
energate,1
Fuhrparkmanagement,1
Förderaufruf,1
#Eletroauto|s,1
Förderprogramms,1
KonzertierteAktionMobilität:,1
BMDV,1
ELadestationen,1
E-Busse,1
TMZ,1
Bern,1
Deutsch,1
ZeroEmissionZone,1
USA.,1
KI,1
Stellenangebot:,1
Dortmund,1
Jobs,1
Hotels,1
TÜVSÜD,1
Phihong,1
Photovoltaik,1
Webcast,1
Stromwandler,1
VDE-Norm,1
PlugPlay,1
EWF,1
Reinhardshausen,1
beruf,1
Ladekommunikation,1
NETZlabore,1
vivavis,1
KreisKleve,1
Opel,1
Rüsselsheim,1
E-Mobilität,1
Thüringen,1
Politik,1
Wissenschaft,1
BSEnergy,1
NetzeBW:,1
OffeneDigitalisierungsallianz,1
Pfalz:,1
Paccar,1
Tesvolt,1
energiepoliti…,1
EVlink,1
Schneider,1
Brandenburg,1
