Mention,Count
kkklawitter,186
Elektro_Robin,184
EnBW,138
nextmove_de,126
thestanceman1,89
VQuaschning,85
Hagen,84
Stefan_Hajek,82
stang2k,77
tagesschau,73
janusPrime,66
Mingiam10,59
Tesla,55
frankfeil,54
CMDRArchadder,51
Karl_Lauterbach,50
FabianLaasch,45
ABaerbock,44
Die_Gruenen,42
VDA_online,40
DerGraslutscher,39
derspiegel,38
technikjuli,38
volkswagen,38
StromschlagYT,36
fdp,35
HerrPhteven,35
M_Hundhausen,34
Naturschuetzen,33
_Cap_22,33
welt,32
c_lindner,30
Herbert_Diess,30
wdwarncke,29
VWGroup,29
Hamburg397,29
cem_oezdemir,29
Wissing,29
BMWi_Bund,29
polenz_r,28
SZ,28
IONITY_EU,28
andreasscheuer,27
OlafScholz,27
electrodocs,27
technikblog_ch,26
AndiScheuer,24
planwerk,24
zeitonline,24
HalleVerkehrt,24
araldeutschland,23
_tho_,23
ADAC,23
Luisamneubauer,22
CKemfert,22
markusdd5,21
RobertBoni6,21
Schrottie,21
ZDFheute,21
simonimous,21
MMittermeier,20
MineCooky,20
ArminLaschet,20
verkehrswendeb2,20
KathaSchulze,20
BMVI,19
CptKrustenkaese,19
c_schwarzer,19
ZoePionierin,19
handelsblatt,19
AllegoCharging,19
MercedesBenz_DE,19
DudenhofferAUTO,19
HolzheuStefan,18
greenpeace_de,18
TilmanWinkler,18
RealDonDenito,18
MaingauEnergie,18
BMWK,18
peteraltmaier,18
MarieDMeier,17
twittlik,17
umrath,17
CoalDead,17
EON_de,16
Storch_i,16
TomFragt,15
BILD,15
kaufland,15
heiseonline,15
martineberle,15
VeroWendland,15
GernotDreher,15
Tagesspiegel,15
Fastned,15
ChristophBeisl1,14
ElectriveNet,14
janboehm,14
elektrokarre,14
RheinEnergie,14
TerliWetter,14
GeorgKonjovic,14
florianaigner,14
Porsche,13
the_new_Toni85,13
MarkusHoeher,13
GillyBerlin,13
davepermen,13
JVos63,13
sixtus,12
CDU,12
sascha_p,12
Markus_Soeder,12
FridayForFuture,12
peter_simone,12
BMW,12
GerdKebschull,12
MoormannRainer,12
anwaltsgelaber,12
CSU,12
sepp_reitberger,12
_mtiemann,12
heuteshow,12
tschelle,12
WeShare_DE,11
jxn_simp,11
_FriedrichMerz,11
GenerationStrom,11
urwumpe,11
igembb,11
solarpapst,11
Balelt41,11
energy_charts_d,11
elonmusk,11
elemob_de,11
SilvaAtTwitta,10
DerClue,10
HIThomasFranke,10
BrunsRainer,10
nikitheblogger,10
Rainer_Klute,10
wiwo,10
s04paps,10
FeynmansMethod,10
TouchBenny,10
pjanik_otm,10
Alexand23573402,10
ladefuchs,10
micha_bloss,10
spahn_thomas,10
FischwaffeI,10
BlakesWort,10
Daimler,10
xileffff,9
MarcusWadsak,9
faznet,9
Koeln,9
Oliver_Krischer,9
VCDeV,9
cooliopenguin,9
dw_wirtschaft,9
Touni,9
felixba,9
real_mos,9
eautonews,9
EAutoPionier,9
HerrRain,9
WernerderChamp,9
Hornschild,9
DerNicoA,9
Schwunkvoll,9
PolizeiMuenchen,9
CleanElectrCast,9
razerrath,9
MaddyQuerulator,9
ThorstenRinne,9
i_am_apriliaa,9
bmu,9
N_Heisterhagen,9
nextstepmobil,9
LenzGrimmer,9
stekkerauto,9
SimeonPreuss,9
Gert_Woellmann,9
WienEnergie,9
OliverHeim,9
Labonitamascota,9
DerWirkungsgrad,9
SWM_Muenchen,9
Stvedie,9
germanenginee10,9
SenUVKBerlin,8
spdbt,8
Ottostadt,8
IngoHeinscher,8
ulfposh,8
gofast_swiss,8
DonDahlmann,8
TichysEinblick,8
Knobelsdorff,8
a_braxes,8
HShumanist,8
Juergen_Kaiser,8
Kosmopolit7,8
Polizei_Ffm,8
kramkr,8
golem,8
vwschweiz,8
mastafotygo,8
DOeliger,8
KurtHuwig,8
Iceskiff_Limeoh,8
Sedios1,8
lgewessler,8
fwieschollek,8
ShareNow_global,8
innogy_emob,8
VBruttel,8
lidl,8
Nuklearia,8
SixtDE,8
frischfuettern,8
Werdet_Gesund,8
VWGroup_DE,8
Klima_Mahner,8
_Kittypunk,7
news_nowgmbh,7
timohetzel,7
_HelloPunk,7
SchaferCorinna,7
_donalphonso,7
spdde,7
"EnBW,",7
groovybeatz1,7
TeslaSchweiz,7
Hyundai_DE,7
drumheadberlin,7
DieroteZora3,7
mpaege,7
tomueko,7
heiseautos,7
frank_thelen,7
YouTube,7
englisch98,7
OpelDE,7
ergroovt,7
RainerReelfs,7
Frollein_Cortex,7
agentsinaction,7
RuisingerR,7
AstroSven,7
mrcockpit,7
BMDV_bund,7
EV_Stevee,7
Shell_Germany,7
nille_lee,7
MarcMath5,7
teslamag,7
KroegerOve,7
Blixah,7
OliverHaas19,7
Michael_Kunz,7
AudiOfficial,7
kindofmagic4u,7
Joerg_Meuthen,7
GrimmVeronika,7
chris_pyak,7
GNUmatic,7
eozwei,7
wsw113355,6
Friday4Hubraum,6
_MaxDev_,6
RenaultDE,6
erlangen_de,6
schnellenbachj,6
Lam3th,6
BerndRae,6
IWOeV,6
StadtMuenchen,6
acv_de,6
bundesrat,6
Herr_Kaleun,6
DerOetzmann,6
transenv,6
tuedelkopp,6
SonoMotors,6
AukeHoekstra,6
JochenH_14,6
t3n,6
SWM_Magdeburg,6
eam_magazin,6
Berndte3,6
sinalk97,6
rosenbaumg0,6
DomTHell,6
doktorhulk,6
Caethan13,6
ReneHesse,6
bayl,6
ZDF,6
djbeetee,6
diegruenen,6
cj5762cj,6
emobly,6
felixloe,6
___n2k1,6
Afelia,6
radkolumne,6
anjes_tjarks,6
Siemens,6
parents4future,6
mbvans,6
MaximalesD,6
LukTBrand,6
PoterHairy,6
Michael56986218,6
LosWochos,6
ecomento_de,6
JuleStinkesocke,6
SteveFi04457564,6
ardmoma,6
niesnerkg,6
MercedesBenz,6
Roland_84_E,6
Leon_Bergmann,6
electricfelix,6
LeSchroeck,6
1_punch_mickey,6
ennolenze,6
DowJoes,6
Tesla_DE,6
HJFell,6
TobiasDirking,5
teslawelt,5
SvenjaSchulze68,5
acurus,5
p_humm,5
MichaelBaleanu,5
roberto_blanko,5
RegSprecher,5
egghat,5
bolli3097,5
Umwelthilfe,5
Nell781,5
ArminStecher,5
Wayne49252139,5
Keeper_86,5
IngoBehne,5
EEnergiewende,5
Georg_Pazderski,5
bdew_ev,5
xDreamCoding,5
m_ziegelmeir,5
SiggiSGE,5
TimSchmuckall,5
StefanHeimlich,5
BundesstadtBonn,5
Werktaetiger_,5
derGerfried,5
An_di_Arbeit,5
Franke_FDP,5
gre0j,5
HerrmannPierre,5
MKreutzfeldt,5
BjrnPeters3,5
PeugeotDE,5
KawiKla,5
bandee_de,5
Gazelight,5
alextv,5
HansWernerSinn,5
PeterMagulski,5
ZeroMC,5
roddi,5
MasseyFriend,5
Fischblog,5
ntvde,5
HubertAiwanger,5
ReichelJonas,5
alwayssimifuzi,5
olewin,5
Baloo24,5
TheBug0815,5
jcfrick,5
designmobility,5
WernerFuchs_CH,5
KlausWiener,5
vzbv,5
radiermann,5
MonikaHerrmann1,5
speis_oo,5
Bettina_Jarasch,5
ProfRieck,5
Kematef,5
HaraldLinden,5
wolpertinger42,5
InitiativeDZ,5
fragger911,5
gerechtGericht,5
SebastianWetz,5
WDR,5
MartinFehringe3,5
NurderK,5
jungpionier_,5
WinneHermann,5
N_Schmid,5
Holkre,5
AMAG_Media,5
Juerg_Grossen,5
MaxFichtner,5
Kricke1905,5
GrueneBundestag,5
zukunftmobil,5
stadtdortmund,5
klimaunion,5
ElmarBillen,5
pirandot,5
RailyRick,5
Ricarda_Lang,5
VW,5
Plugsurfing,5
ChristianOnRE,5
Toyota_DE,5
the_infinity,5
DerDienstreiser,5
franzalt,5
PhillipGoik,5
micha06de,5
StadtLeipzig,5
JMihram,4
Benzingeruch,4
holgi,4
hccd007,4
Baeumleschule,4
moovility_me,4
Saki_Umwelt,4
dpomondi,4
ewz_energie,4
ChristophHorst3,4
AutoStromer,4
HendrikLippold,4
Chris_Electric,4
MOIAmobility,4
chris_schorbach,4
ruelke,4
Ozz_EU,4
DIEZEIT,4
gemuesesuppe78,4
Telekom_hilft,4
mnowak_wob,4
JayDo80121244,4
dothebart,4
MSeitl,4
avbelow,4
ChristfriedW,4
RaddatzWWF,4
swisscharge_ch,4
SoWhat38004606,4
corwin42,4
WeyellA,4
riftgood,4
HMitterwald,4
MarchandYannik,4
robintvtv,4
sbeigl,4
emobileticker,4
stylo_cebulon,4
ArnoldSchiller,4
PolestarCars,4
Moin_EWE,4
MorkOrg,4
alf_frommer,4
Viva_la_vita_0,4
twibarth,4
Schmidtlepp,4
DonBarbone,4
SebCzaja,4
Leo_Proettel,4
maximmarkow,4
Arishna12,4
Opel,4
3811015,4
1000millimeter,4
MeinElektroauto,4
Mobil_in_D,4
dantrimont,4
dansiela_b,4
erzaehlmirnix,4
surferBS,4
ute_____,4
WohlgensingerN,4
Marius_Raabe,4
bzberlin,4
StefanBratzel,4
Sventastic_78,4
vwsachsen_de,4
HolgerSmmer1,4
cihansugur,4
Johannes0105,4
DJanecek,4
RolandTichy,4
SciFFHannover,4
BelitOnay,4
Markus_Emmert,4
Volksverpetzer,4
ladenetz,4
HajoDekhuijzen,4
doppelgrau,4
_holger,4
EinRobert1,4
bitboy0,4
enercity,4
stadtregensburg,4
dmncbrl,4
_richtig_falsch,4
Der_Postillon,4
SPeitsch,4
DennisKopljar,4
FirstGreenWave1,4
sternde,4
EricDanielski,4
fluepke,4
FAZ_Wirtschaft,4
wegeheld,4
IngmarStadelman,4
i_am_fabs,4
PolizeiHamburg,4
Tschabba2,4
tazgezwitscher,4
schlingel,4
UdoSiev,4
euref,4
gruene_berlin,4
RouteBetter,4
systemstig,4
DiedrichLeander,4
a_sator,4
Umweltbundesamt,4
arztvongniere,4
wunder2welt,4
BR24,4
Hallaschka_HH,4
RolandSchueren,4
tachy_,4
meisterlind,4
Gay_NLDE,4
Kia_Deutschland,4
chri_gru,4
Wolfgang_42,4
ModelX2016,4
SilleVom,4
MDradelt,4
r____jan,4
next_e,4
,4
i_Peter,4
trebronbo,4
airfoxtwo,4
Dianaownz100,4
Preso32,4
Perowinger94,4
sbamueller,4
vwmanufaktur_de,4
mgoetzke,4
HeinerMe,4
chorherr,4
tileja,4
dklaes_astro,4
wslflo,4
norbertboh,4
AugustvonAugust,4
aptera_motors,4
Xus1Ba,4
rossreiter,4
_MartinNeumann,4
hausinger_ihk,3
RegineGuenther,3
RubinNischara,3
VevalingJ,3
TBreitschneider,3
RamonaPop,3
Estesz,3
jurtenmaurer,3
the6big6,3
GlobalistYT,3
great_marus,3
SoerenLorensen,3
jago_cartoon,3
AndreasS2904,3
SacStahl,3
HerrSievers,3
Jane_Banane__,3
GruneLiebe,3
McDonaldsDENews,3
SchusterChristo,3
LuizAlbrecht1,3
BerndBurkert,3
greenostermann,3
luckymaaa,3
kineyDE,3
Fischwaffel_,3
GuntherSchnabl,3
lumpi_00,3
mondschaf23,3
Franz_Metzger1,3
quarkswdr,3
JuiceTechnology,3
smagictoy,3
FalkWussow,3
Natascha_Strobl,3
philippvetter,3
FlorianJanik,3
carstenhag,3
ulm_donau,3
UliMolter,3
stuttgart_stadt,3
robin_urban,3
mschlenker,3
sven_giegold,3
DSchrombgens,3
PTNisWarCrmnl,3
JPRuehmann,3
georgrestle,3
dew21,3
cducsubt,3
bnetza,3
sinclair679,3
ZoeUpgraded,3
DIW_Berlin,3
KontAndr,3
pfeisi,3
bvm_hh,3
DerVeloc1ty,3
VDV_Verband,3
Borchi28051,3
HumanKoala,3
NicoSchurr,3
chris_thirst,3
beimwort,3
IN4climateNRW,3
joschtl,3
BMBF_Bund,3
landnrw,3
a_pinkwart,3
bodoloettgen,3
WirtschaftNRW,3
HenzeVolker,3
cbruegg,3
Schupunkt,3
bochum_de,3
RaykAnders,3
Mobility_Suisse,3
ghsa7ne,3
ChargePointnet,3
phoenix_de,3
die_dk_de,3
Gemeindebund,3
Essen_Ruhr,3
aniesmann,3
die20er_innen,3
IKEA_Presse,3
woelpke,3
focusonline,3
derya_tn,3
PHPmacher,3
unixtippse,3
fdpbt,3
der_fisch001,3
weh_oh,3
VladddKo,3
maxi_muell,3
BodoMdB,3
autotestsonline,3
BauerResearch,3
bennibaehr,3
Alice_Weidel,3
quazanga,3
KarlMladek,3
prof_sterner,3
gruenehessen,3
PiepMatze,3
rasenspiesser,3
Watch_Greens,3
Chargemap,3
U_K_Chris,3
PeterBa84734077,3
riffreporter,3
JLengenfelder,3
LinkeMadeleine,3
oliverschwuchow,3
jdoeschner,3
miriam_vollmer,3
thepumpapp,3
stefan,3
BHNNKMP,3
SWP_Potsdam,3
kfzgewerbe,3
bne_news,3
Laminatic,3
jaettelik,3
VKUonline,3
KlarnameJonas,3
LichtBlick_de,3
Stadt_Wien,3
dk_tsl,3
bankenverband,3
Axlban,3
SchmidtHenry_,3
DocMapled,3
tagesthemen,3
v_goller,3
ReiSteurer,3
f_schaeffler,3
Ohne_Georg115,3
dw_deutsch,3
mathildareno,3
EichstadtTilman,3
smartmax900,3
cymba_de,3
AchimEhinger,3
7VAMPIR,3
Fleinsbach,3
davidbest95,3
id3marathon,3
EcoCarer1,3
OseloHH,3
Senat_Hamburg,3
Matze0767,3
rbbabendschau,3
halbtagsblog,3
isotopp,3
Hr_Dingsbums,3
CWRoehl,3
chargeprice,3
Wirspielen1,3
designwerkgroup,3
MatCMeier,3
agoraverkehr,3
Fridgeir9,3
AannKrieger,3
RegierungBW,3
NewHyperion,3
f_stiebeling,3
haukeschrieber,3
StromnetzHH,3
ziromr,3
teilAuto,3
DavidDuhme,3
luebbermann,3
EikePan,3
polizeiberlin,3
chiplara,3
muskpiration,3
littlewisehen,3
kuhn_reinhard,3
HaraldLesch,3
HansLak,3
SamothRelgi,3
AEONde,3
DL4GO,3
G_J_60,3
AndreasMemmer,3
163Grad,3
MarcoBuschmann,3
Sicherheits_Ing,3
lovelyropes,3
UweSchneidewind,3
BMWDeutschland,3
user_keinname,3
bwegtBW,3
Ford_de,3
robkde,3
EU_Commission,3
NIODeutschland,3
gutjahr,3
visevic,3
MaAhl5,3
tomasfreres,3
EWS_Schoenau,3
SubNat69,3
NewMotion,3
BekkenkMarkus,3
heutejournal,3
Mom_and_Paul,3
Zefiiel,3
Pietbull47,3
twiag1985,3
Kachelmann,3
EUTheurer,3
Fuss_Florian,3
SilFoiera,3
ladeverbundplus,3
Model3GER,3
VorundNachnahme,3
OlliLuksic,3
BAFA_Bund,3
TiloJung,3
anna_p_neumann,3
MoritzVargas,3
MainovaAG,3
SWagenknecht,3
giulio_mattioli,3
Stadt_FFM,3
Taifun987,3
HardyFuture,3
sie_vom_land,3
GoeringEckardt,3
PunkInTheGym,3
derwahremawa,3
HolgerHollo,3
rahmstorf,3
KfW,3
PolyIntox,3
EskenSaskia,3
GretaThunberg,3
Chemguy2_0,3
Elfenbeauftrag1,3
Schienenallianz,3
eike_reinel,3
mvgerhardt,3
DB_Bahn,3
stefanolix,3
CCitiesOrg,3
AgoraEW,3
FahrradClub,3
sciforfuture,3
Swiss_eMobility,3
googlenews,3
Audi,3
realAlexBlank,3
ausgestrahlt,3
Pulser77,3
MickyBeisenherz,3
maxhaegler,3
clarkdoublejuh,3
jens_blume,3
_Henryk,3
feld0001,3
DrEricDing,3
energy_charts,3
JoacimKreutzer,3
LTE_Max,3
dens_r_d,3
Titanium70RD,3
AnderlLechner,3
Frau_Lange,3
Brennpunkt6,3
DLF,3
DerWebschreiner,3
SenUMVKBerlin,3
timpritlove,3
joe_leads,3
BansheeHolzi,3
StefanGelbhaar,3
r34r47,3
klein0r,3
AbHotten,3
Pauline22335,3
BrigitteKnopf,3
OliDerBolli,3
peterbreuer,3
Viper7819,3
DominicBarden,3
wilddueck,3
thinks_about_it,3
ndr,3
DatAndre_de,3
HVolquardsen,3
Gruene_Europa,2
friemel_backe,2
northkap,2
JochenFlasbarth,2
LvOver9000,2
PowerToDrive,2
stadt_dresden,2
LechefHenri,2
badidol,2
TspBerlin,2
kistler_max,2
MatthiasRehfel1,2
Kizito5,2
cng_club,2
Herrndorf,2
DerHeinr1ch,2
CheckYourInfo,2
CaptainTesla3,2
alex_avoigt,2
Einzigartiger,2
hagebauDe,2
abbdeutschland,2
ArwenMagdalena,2
TinleMar,2
RheinEnergie!,2
helmi,2
VBerlinautofrei,2
freizeitgraf,2
Rosa_Sonnenhut,2
Kunkeline,2
ThomasMichels15,2
lelei,2
superroof,2
airjibeer,2
Tstormwitch,2
AlWacker,2
Grimmbart77,2
jochenknecht,2
Azetbur,2
elonmuskssohn,2
dcremer_,2
Crosis19871987,2
eFuel_Alliance,2
MarcSchrewe,2
sebastianeitel2,2
ah_eurocitizien,2
LazyPears,2
Stromnetz_HH,2
turkishmaid,2
alexs77,2
muenchen,2
goloroden,2
UniFAU,2
___AveN___,2
EnBW!,2
TeslaOwnersDEU,2
rbock9,2
Investor_BI,2
it_retter,2
r3vilo153,2
StadtRE,2
Black_cat_aiko,2
DC4DD,2
uplumtree1,2
Birne36248376,2
leumund,2
freiburg,2
0xa0000,2
LeSpocky,2
volksstimme_md,2
MrsLiberalina,2
SerkMaster87,2
eCaroos,2
skoops,2
justb81,2
Behindt93065949,2
bnSonic,2
zitronensenf,2
ElektrischST,2
rawbowke,2
NeoLinchen,2
Schwulemiker,2
Anzugmensch,2
Chris_Rux,2
DGoncz,2
tomdabassman,2
Ruebenhorst,2
AloisAlz,2
BernhardBelle,2
maybritillner,2
Septuaginta_LXX,2
gehirn1974,2
rtl_direkt,2
inpector,2
AndyHalloween31,2
kramer_heinz,2
DerKasinator,2
BergheimJeff,2
cityradler,2
CM19330650,2
RealRusty,2
SteveundJulian,2
heimolepuschitz,2
BigRudolph,2
automotorsport,2
disco30003,2
gerritvanaaken,2
BerndBandekow,2
Serverkrasch,2
E_WALD_GmbH,2
regnerischerTag,2
Franker85654856,2
WandNoah,2
REWE_Supermarkt,2
_profane,2
Giefers,2
AEWEnergieAG,2
elektromob_nrw,2
ADFC_MD,2
ZVEIorg,2
_thomasengelke,2
fahrIehrer,2
"teilAuto,",2
Reihner_pop,2
cutwindt,2
Dranske1,2
morgenmagazin,2
ThomasM56680703,2
emmiweberwebde1,2
olschok,2
MLiebreich,2
napoli_cirillo,2
TomMue3,2
bawarianpower,2
OTH_Regensburg,2
wathzmann,2
Febrazink,2
larsweisbrod,2
Alaba00,2
gem8mingen,2
jaeger1972,2
mdrde,2
KatiLeeCore,2
carla_reemtsma,2
bennimuhammedi,2
cschriner,2
L00kiii,2
Akoneira,2
M_Ostermann,2
LiviaClauss,2
JurgenPresser,2
lehtimaeki,2
DanielAausM,2
BriannaWu,2
HansKuhn11,2
nordmann_nrw,2
motor_at,2
MINI,2
SachsenInBerlin,2
cybergigafacto1,2
Zeitgeschehen_,2
e4Motion,2
Deplazierter,2
kn_online,2
eventertain,2
redexec1,2
tagesprolet,2
JuliusApfel,2
wf00757575,2
stadt_kiel,2
Sebasti34996356,2
GrueneBW,2
realMaxBe,2
gallenkamp,2
socmed_fh,2
Unerwartet111,2
cedview123,2
Tasso2803,2
MisterAltair,2
jansen_hh,2
NerlichMichael,2
Hessen_Agentur,2
KlimaVorAcht,2
CDU_BY,2
Joerg_Rehmann,2
Chipmun23316534,2
FuelOfTheFuture,2
SchuGue,2
AmsterdamNL,2
auto_schmidt,2
TankundRast,2
TRichte82727225,2
_wfrank,2
GmbhWarncke,2
EtienneToGo,2
RooffRoad,2
FutureQuixx,2
LaurinHahn,2
MichaelCerveny,2
Sarkastologe,2
GeJo77778455,2
mene_stfr,2
sonnabend,2
GroupeRenaultDE,2
bEEmerkenswert,2
BergerBergerie,2
hzulla,2
tobiastiefert,2
Chrischael,2
budgaard,2
dcs_global,2
MobilityDaimler,2
BMWGroup,2
NicErzer,2
japeMay_,2
mobility_gmbh,2
ASzigetvari,2
berlinbuch,2
kipper_oliver,2
d0cc3l,2
timonzingg,2
HaraldGutsch,2
stiftlaube,2
Zolenkan,2
markusvoelter,2
smatrics_com,2
CDU_BW,2
christophploss,2
FewoBoerner,2
Chrissl84414571,2
JuliaundRocky,2
dervomamt,2
Dieter_Grind,2
geni256,2
OsterhalVon,2
Googolplex1,2
Gathos,2
eule_tina,2
HinterfragendeR,2
KlimalisteBW,2
schweizzzz,2
e_Mobilitaet,2
adrianShala1904,2
JoHergesell,2
TimoBzk,2
WIRTSCHAFTakut,2
totalgamergirl,2
alextiekam,2
Berlin_Park,2
MisterB02143851,2
DerHutte,2
FOCUS_TopNews,2
BR_quer,2
claussauter,2
Leynad777,2
Bdenk6,2
Lanyihunter1,2
collinscholz1,2
mschoberth89,2
caliculaminus,2
derfuchsist,2
wjpOSH,2
eitleon,2
grumpyplauze,2
DerBerg5,2
Duricell2013,2
fridaysvib,2
Liberalalala,2
Lucas_S442,2
amsonline,2
landsalat,2
didixxx13,2
smoking_hobbit,2
HoSe21244,2
Bruno_Borboleta,2
dpa,2
bsterix,2
JuliusEV01,2
NIOGlobal,2
HelgeBruhn,2
KohlmeierSPD,2
TechShareYT,2
carbon_compound,2
AlexFreisinger,2
StadtLuenen,2
AntiAtomKA,2
NYnober,2
andreasliewen,2
Wohnwirtschaft,2
soinsgesamt,2
Bugspriet,2
BarbaraRuhsmann,2
HannoSettele,2
oberursel,2
coach_end,2
spdhh,2
astrofan80,2
braingossip,2
JenerFloh,2
hannovergenuss,2
PBUKeinUltranet,2
7ieben_,2
phba151,2
Presse_PAYBACK,2
Hans__A__,2
GPlay97_,2
supinoki,2
vonundzupan,2
BembelEagle,2
tom_janas,2
JuEV01,2
HansTheGerman,2
TibaStefan1,2
platz_steffen,2
flaunaz,2
mairpeda,2
cheetah_spotty,2
fagri,2
OekoKetzer,2
Katojana,2
JanBarkmann,2
NoFixedAdobe,2
tacito_el,2
matalxis,2
Svenastheimer,2
Arnd3008,2
SBMoon15,2
lukas_hammer,2
torstenherbst,2
NeuAnspach,2
DetailVideo,2
pkrohn1,2
NatalieAmiri,2
BoschPresse,2
froileinmueller,2
Edison_Media,2
AJK_Kuhlmann,2
Olli08641776,2
Blickch,2
1S3GR1M,2
Mozgovoy_Energy,2
WSWWuppertal,2
e_mobility,2
tobsn1995,2
Energyboy_72,2
SylK1966,2
T0xicHead,2
NicoPliquett,2
OlafWedekind,2
Michael_Jahn_GB,2
JWagenhuber,2
erdgeist,2
eGO_Mobile_SE,2
MarianBracht,2
autohausonline,2
thinkBTO,2
Engel_Re,2
srfnews,2
nikbern,2
Biokraftstoff,2
taschenorakel,2
AfD,2
AfDVerdachtfall,2
sven_kindler,2
fasnix,2
DieselsVideos,2
W_Oldoerp,2
aguleB,2
HDG270,2
WinFuture,2
DortmunderJens,2
JTrittin,2
EggMarkus,2
martinpallmann,2
berlindirekt,2
MarcoLerch76,2
MarBel78,2
SWBBusundBahn,2
mikevon1975,2
"enviaM,",2
enbw,2
WELTAMSONNTAG,2
BoaConstrictorX,2
Heierle,2
DanielFrber1,2
danimo00956648,2
Blackseetornado,2
Pete_RCH,2
ReinerAberJa,2
aurelmertz,2
stephankuehn,2
Gruene_staDDrat,2
berlincityblues,2
H777Werner,2
Webboy998,2
MILESmobility,2
PAEDi75,2
RWE_AG,2
DennisKBerlin,2
Der_BDI,2
hamburg_de,2
wodgachef,2
Psychohoernchen,2
SWUStadtwerke,2
ePionier,2
kischtrine,2
Schulz_1812,2
SteffenBilger,2
sat1,2
LuckySlevin1006,2
kinkyfirefight,2
samsteiner,2
StefanPerras,2
campact,2
honiggut66,2
MIB_jojo,2
DoroBaer,2
77BjoernS,2
hwsvq,2
AchWas__,2
konvis,2
Norabelle124,2
BashinhoYoutube,2
f2k1de,2
ralphruthe,2
AgressiveGhoul,2
totallyAcRo,2
tbachner,2
Fabian66279590,2
dieLinke,2
e_poche,2
KleinstadtRA,2
shushu,2
MichaelPetat,2
DonaSpock,2
SchmalleTV,2
StefanBossmann,2
TWMBtv,2
Dekarldent,2
aegidius,2
stef_lange,2
lawen4cer,2
Moehroe,2
SteffenHentrich,2
dsgv,2
f_karig,2
BerlinReporter,2
damitatweets,2
SharpStallion,2
MadDiasYoung1,2
Lenny_du_Nord,2
heikojakob,2
Frances21071820,2
beeblebrax,2
VolvoTrucks_de,2
UmweltBW,2
CedricNoel8,2
ainyrockstar,2
FamilieZoe,2
NiklasSchinerl,2
Dude_Lind,2
kinderdok,2
Markus_Krall,2
mkkeck,2
kfz_betrieb,2
igorpianist,2
mcqueentc,2
0Thessa,2
asknbid,2
Opa_Homie,2
"lidl,",2
Bn_Koenig,2
andreas_traber,2
enbyecho,2
ErfurthJens,2
de_rt_com,2
NikolaiOrgland,2
MelaniePeschel,2
_kescherbande,2
hinten_mit_O,2
Captain_NOES,2
Ganbatte2814,2
PCWELT,2
WoifeWoife,2
nutellaberliner,2
marcel_lehmann1,2
NinoHaustein,2
masta_de,2
GrueneVictoria,2
eswe_versorgung,2
dienstfahrrad,2
jonworth,2
TUMInitiative,2
ARDde,2
wdealers4,2
SvenKoe,2
iwonalaub,2
ceo_plus_ch,2
Baz14587134,2
jxn_cry,2
dweezil58,2
mousseman,2
awillburger,2
Ruediger_Krause,2
FranzOnBrands,2
WDRaktuell,2
EPactivevoice,2
JarischEnrico,2
unfassbar7,2
michaelmosch3,2
StadtwerkeKN,2
SteinbachErika,2
CorinnaMiazga,2
Plink51631015,2
tm_nrmn,2
auchmaneinsagen,2
OCISLY_,2
Silbaer,2
tonline,2
roterPunkt,2
Hornbach_tweets,2
wanner_fabio,2
volkswagen_de,2
etronaut,2
mcfire999,2
JennyJedoch,2
pr3mut05,2
PROMEENZ,2
Henne999,2
RealWuergi,2
Julius1977,2
alexander_leis,2
fff_muc,2
micha_zimmer,2
Kl_Stone,2
kroschel,2
flecky59276171,2
Stohrm2,2
ingouschner,2
sebbi,2
ThomasEsser11,2
eMobilitaet_BEM,2
Horitsu_Photo,2
RA_Conrad,2
AnonNewsDE,2
FlorianFalk2,2
TheLiberalDan,2
hessenschau,2
gruene_future,2
RainerCMent1,2
beweisperbeweis,2
MarcoPast_Dir,2
JoernDoering,2
AndreasBreuer,2
Tewordt,2
RonRevog,2
grafwer,2
sabi_ri,2
berlinerzeitung,2
tobiashans,2
ChuckBanham,2
AlfredKrappel,2
Fichtenelch85,2
Tjalf17,2
MetropolSolarRN,2
alter_franke,2
SPOE_at,2
ProfEnergyHuber,2
AntoniaSantschi,2
sascha_m_k,2
illmenite,2
Lingen2L,2
ChristophSeile3,2
sofa_review,2
GauhlB,2
Umweltrat,2
rolnam,2
Bobi55107088,2
KVonderruhr,2
DennisBode11,2
howie_mw,2
jugger1511,2
stch62,2
MTN73671601,2
Gen_Fault,2
miamormormia,2
HerbertvonPfalz,2
der_simon,2
home,2
HortusNanum,2
Mauerschauer,2
morgenpost,2
DIYMicha,2
Krawalletta,2
fcschon,2
DieNussecke,2
cariad_tech,2
EE_Fakten,2
EnFreKo,2
BNN_BaNeuNa,2
johannesceh,2
macsnider,2
dbrgn,2
rudifussi,2
schmettowa,2
rlieser,2
ERAKUU,2
geekodernerd,2
elhotzo,2
FuerthParken,2
tonyseba,2
cldbusch,2
TRONITY_IO,2
DanielB2919,2
JanazJoseph,2
gruenestuttgart,2
svmatis,2
CriticalMass_S,2
SP_Wien,2
AlexanderMeseck,2
daniel_kassner,2
kungler,2
Nurprivathier1,2
joanadiskurs,2
Pendolino70,2
TomKallweit,2
nilspickert,2
GoogleNews,2
40spokes,2
schneider_chris,2
jona_ohne_s,2
CKernkraft,2
bitterlemmer,2
krn_rene,2
lindworm,2
JensHerforth,2
amikoyashi,2
heiko70,2
Klimaliste,2
Timon_Gremmels,2
ThomasMz6,2
unsinn_s21,2
derkartoffelst1,2
ketoman25,2
halegga1,2
VolkerStahmann,2
MartinDoubleU,2
caspar_g,2
stadtmobil,2
Elmal96,2
bbhermann,2
GeshemZlajo,2
ElektroautoMeme,2
dlfnova,2
asltf,2
Gewerkschafter,2
Polizei_NH,2
hannover,2
ubitricity,2
danilkazzz,2
VlkrDhr,2
AIcuZan,2
diabhoil,2
petra_weigelt,2
null_neun_elf,2
michaeljanich,2
MoniqueFreude,2
BOfH_Dj4n90,2
Haifischhappen,2
manchmalfieber,2
YogicCEO,2
StadtwerkBerlin,2
NIU_Driver,2
BerndHuber18,2
MontanaBlack,2
NATURSTROM_AG,2
HannoKlausmeier,2
holimuk,2
AG_Ve_Mo,2
Dendoxx1995,2
MattheusBerg,2
stangl_a,2
smartEQpassion,2
Engineer4F,2
JensHilgenberg,2
Elias_1899,2
DerKeiler,2
Koelner_Peter,2
KarlsErdbeerhof,2
MarijanKelava,2
Dlf_Forschung,2
rolanddor,2
DocHappy2,2
gh0un,2
Laika2106,2
Honda,2
weingartenm,2
Josefmueller52,2
SabineB19909564,2
rene_bam_,2
ClausDaniel6,2
lijo2323,2
Muselbernd1,2
StefWerner,2
thorsten_jorg,2
OEAMTC,2
TeslaClubAT,2
sax_dominik,2
OomenBerlin,2
janfleischhauer,2
f_v_d_ov,2
DavidCh56889323,2
LADE_GmbH,2
marcfriedrich7,2
LeonidLezner,2
Vattenfall_De,2
hansseebeck,2
Bartelhei,2
cyclinghanover,2
johannes027,2
Vornerbauer,2
ADFC_Berlin,2
dr_boese,2
DEmobil2030,2
AnkePlaettner,2
Cleanthinking,2
AsatothAbaddon,2
ralfbuescher,2
Hoellenaufsicht,2
Kai_Wehnemann,2
qualityofdeath,2
KrusekopfD,2
TeeJaneS,2
VolvoV60CC,2
JoanaCotar,2
SvenFischer1980,2
alpitronic,2
tmmd,2
SWLeipzig,2
MiKellner,2
Paskir,2
Maexchen1,2
energisch_,2
jstrehmann,2
jfkr_,2
skodade,2
BD06064957,2
ringo_stab,2
zomtecos,2
ThomasPoebel,2
FAZ_NET,2
Weit_im_Westen,2
voltampere1,2
tjamara_,2
ARD_BaB,2
joerg_spengler,2
BratschCbra,2
BeiAnja,2
Omega7342,2
peterhense,2
DerSebi89,2
AdamCartwrigh86,2
Thomas_Bareiss,2
HerrFriederich,2
pudelblitz,2
bummelbahner,2
JacyLu76,2
Surfin_Bird,2
DsmMapi,2
MauriceHoefgen,2
dadah_83,2
332ppm,2
_stk,2
BikerPankow,1
migrol,1
tom21022,1
frau_fux_berlin,1
CUPRA,1
zickenbandiger,1
mahlwerkende,1
elektro_kfz,1
KC__DC,1
danyday12,1
Superutz,1
DilgerMartin,1
Eveline_Wagner_,1
BendlerBlogger,1
A_Schillhaneck,1
DieBenar,1
5Max20,1
PNN_de,1
LH_Potsdam,1
ElekAuto_Forum,1
DTHSascha,1
SleepDreamHope,1
Wasserb0iler,1
Linjac_Ra,1
farbenfuchs,1
Formosanbs,1
Wuestenstromfan,1
meyh_dean,1
Infraspinat,1
pstegm,1
Himbeergeld,1
Moerderentchen,1
gerritmueller,1
HSpitsch,1
marhol8,1
tatjanafichtner,1
nummer_zwei,1
StefanStahl11.,1
Lazard,1
maxpfiff,1
Sepiroth1986,1
ArsenalCologne,1
AlleAktien,1
entfettetesfett,1
KolbergMartin,1
kaffeecup,1
Only21millions,1
StefanRoock,1
OliverKnittel1,1
abcDEfrankeSIGN,1
DurdenGaming,1
GerritBeine,1
CostaMascher,1
JohnMaedre,1
NohennWe,1
wimmchri,1
R_ZausC,1
radpankow,1
fpkayser,1
schwarzwaldlieb,1
Aquazoo0211,1
ThanloSir,1
Affenpirat,1
AloisRainer,1
ThePunisherneu,1
patfrr,1
PieNads,1
Winston91825297,1
liberaleinnovat,1
dauensteiner,1
EugenLiberal,1
MXritz,1
StefanKaufmann,1
FalkTG,1
matthias_live,1
BonecaSam,1
KebabChris,1
Natenom,1
aow_de,1
slx13,1
therealnorbart,1
rathfux,1
UweSpiekermann,1
benjamin_stork,1
netzausbau,1
lutti72,1
TspBackgroundEK,1
energy_awards,1
HannesGredler,1
eexgroup,1
FrankH13040377,1
Marcus_Elblicht,1
primusi05455917,1
katharina_munz,1
glasspider64,1
FedKillsStocks,1
_markkoenig,1
DenisWerner,1
sim_stolz,1
nasanasal,1
ThomasGBauer,1
RundaRudi,1
JHandwerg,1
Floschie2,1
dieClaireWerk,1
bjoernMaHe,1
pstnrt,1
silvan_theiss,1
gecko203,1
Vorname_Name1,1
Marxo52359322,1
s1t9ef6a7n,1
gozaptec,1
2Bhex,1
fynnolebruns,1
BettinaSchille1,1
SirGeor66024709,1
MoritzZptr,1
MSGIV_BB,1
UNonnemacher,1
Marco5sge,1
valmorphanize,1
jutta_ditfurth,1
dieBERtha,1
Frontal21,1
derspiegel.,1
runderneuerung,1
MBH55198499,1
wolfgang_bitter,1
DekaBank,1
Mller82133940,1
BahnkundenV,1
derhoegi,1
Paul_Bomh,1
Vi_k1ng,1
Rincewind_am,1
Norbert_Berlin,1
NefzgerEmil,1
Polyphemos5,1
rauskucker,1
Tesla.,1
ra_bayat,1
neriin03,1
meta_physik,1
AutoXpertize,1
Beschfl,1
Italia_deu,1
friendswithwhe,1
Shell,1
soeren_goetz,1
Strahlemann9,1
Sektenbeauftr,1
oli29515993,1
PmdUnitybox1,1
KarlHei64031538,1
bund_net,1
DB_Cargo,1
MarcAur79421444,1
PPCGK,1
lombman,1
IssesHalt,1
FreiburgerJungs,1
WolfgangHerle,1
DirkFlege,1
LynnMea18960950,1
boeselhack,1
dasdigitaleauto,1
ulrich_leth,1
hoenic07,1
RobertLechner12,1
grizzlys_wob,1
Traumzauberbaum,1
Violapamherd,1
Jean59475943,1
mh1080,1
RWI_Leibniz,1
Krumbeersupp,1
nordbayern,1
goldkaeferli,1
LavendelLab,1
Leyendakitara,1
Elke__Kuhn,1
obstkuchen88,1
Schneeanemone,1
blues_pablo,1
the_newview,1
MurschelBernd,1
Tacuru6,1
MirkoHannemann,1
stadt_wuppertal,1
SimonTobias11,1
Simon_s_says,1
DaSmellcaster,1
gepexe,1
blattella,1
chabahil04,1
oreissig,1
koebi0711,1
GRUENE_Hamburg,1
RobinSogalla,1
Gboar53,1
DS_Official,1
Latexfreund,1
PalGorgeous,1
Inge06222631,1
simulationguest,1
existieren,1
GrafschafterBot,1
"PolizeiMuenchen,",1
olekruenkelfeld,1
Christoph_Br1,1
noname38942,1
derfachwirt,1
KL_Ortenau,1
elfritzos,1
hoffmannkathrin,1
paskolumbus,1
scottballz,1
Nolsken,1
PiaDannyEla,1
DeathMetalMods,1
HWillaredt,1
MartinCJanssen,1
meineStimmeDE,1
lottchen_meier,1
Witt_Uwe,1
VolvoCarPR_DE,1
JLichdi,1
Burkhard_F_Ra,1
TiloWirtz,1
pjk13081960,1
Dirk50990343,1
ASTS1972,1
neurosp1ke,1
PeugeotUK,1
bindermichi,1
Peugeot,1
shiwago160,1
MeierGerry,1
WahlheimatRuhr,1
RobinDanzl,1
u_reichmann,1
HerrLuehmann,1
AudiOfficial-CEO,1
Paradiesbambi,1
LowerClassMag,1
wookie_dentist_,1
Cleanfuelnow,1
dr2okevin,1
intersprech,1
_sivizius,1
Subnet_Zero,1
kaufland-Kunden,1
"bacw_berlin,",1
Pastundcopy,1
rebudaischion,1
Jxn_cry,1
Mr_Westermann,1
JonOfUs,1
cyclist_city,1
bacw_berlin,1
HarmonyBay,1
KatCeMod,1
k_ronneburg,1
danilaw63,1
allindoge,1
FMeyerKR,1
WSWWuppertal.,1
tab_or_space,1
MarschkeSonja,1
bdew_ev:,1
codenaga,1
anja_hendel,1
mrohrlack,1
chrysoberyll,1
schokosahnewal,1
inkanina,1
WilliKing10,1
JayMenno,1
m_wachta,1
notnownothere3,1
KlausPotthoff,1
ChristianHilge7,1
geldhoch2,1
LinaBrunnee,1
berny13189,1
severin_maier,1
diana_maria0311,1
robiwankenobi77,1
JanSueselbeck,1
Markus_Joch,1
kujamaraspliff,1
WilhelmGuenther,1
pflichtpfand,1
AdlerAids,1
LRinkler,1
LuanaNussbaum,1
iveco_trucker,1
Rundblick_NDS,1
MichaChrist,1
Unter_3,1
RadioHannover,1
ferrari2k,1
schiepell,1
DG2RON,1
DH8GHH,1
AchimGortz,1
green_clarity99,1
Th3R3al3rik,1
Jensi48940329,1
hellgrau,1
ckaef,1
BILD_Bremen,1
KonstantinNotz,1
iodynamics1,1
GaiaXFakten,1
dusairport:,1
Maritim_Hotels,1
unpstep,1
der_heinrich_,1
KlatieD,1
mksgraz,1
LINKE_Klima,1
JOLTEnergy,1
VaterUbu,1
sternburgexport,1
Kaffchris,1
KanzleiHoenig,1
nik_metz,1
StadtZwickau,1
Electroshock00,1
SMWA_SN,1
MartinDulig,1
SachsenDe,1
dl1eam,1
Pedro73915976,1
die_christine,1
Inmaka1,1
greenla68908505,1
mark_gutmann,1
Topfritte,1
MoritzW12670437,1
knsqntdkdnt,1
HTWKLeipzig,1
FDPBW,1
Reisebecher,1
D4V1D_______,1
Wurzelspitze,1
FuchsPe,1
TBonitz,1
totul69,1
BerlinCyclist,1
klaus_wiens,1
cepzet,1
cargo_cyclist,1
jess_kordouni,1
Sebastian_hurra,1
tobilindh,1
eliursache,1
fctch3ck1,1
kingozorg,1
A_Mueller_,1
SDW_Bbg,1
wallbox24,1
Geissacher,1
eastascentfash1,1
eigengott,1
rille0909,1
din1073,1
Steffen18346341,1
gruppe5,1
SMMT,1
Der_Gali,1
mirkoboehm,1
PNarrans,1
bettercom,1
Schiedt,1
Grantscheam,1
weltraum_rob,1
ishipdacraic,1
Neisfuchzgerl,1
maergsche,1
DerschnelleB,1
NicoRosberg,1
IKarabasz,1
Ceetter,1
fo_frank,1
dwalster22,1
mmwehden,1
spenglerandreas,1
StoergroesseM,1
Nicole_1974G,1
thekla_walker,1
AssociationEEA,1
BatteryLife14,1
100erneuerbar,1
kidsnbike,1
gebhardm5,1
Nobuddy83807461,1
convl0,1
KaiThrun,1
MissMillyOnline,1
ADAC-Mitglieder,1
Michael_B54,1
saechsischeDE,1
GaddafiDiktator,1
just1ofyou,1
KObrikat,1
Adlershofer1892,1
ikatjun,1
lemyDE,1
Ben_Marc_,1
unionista,1
jweck,1
drehumdiebolzen,1
lordvile7,1
GillessenJens,1
marceselvis,1
WolfmannotJack,1
Wehner84,1
axelfell,1
Radschnellweg1,1
Muelheim_Ruhr,1
WDR2:,1
HansDellenbach,1
kosmolink,1
tcszuerich,1
scherbenstein,1
GJstuttgart?,1
jumping_Sandman,1
kmw2904,1
EnBW-Ladesäule,1
MonikaSchnitzer,1
Dreissig,1
GKampftomate,1
GJstuttgart,1
SVPch,1
guenterexel,1
FrauKrone,1
EDIS_AG,1
KV_Boltenhagen,1
HowardSteen4,1
P_Ailean,1
WaltiSiegrist,1
BalingAlexander,1
DrPoetsch,1
thisbuerge,1
DrHOUSE_Cov2,1
KlarKarl1,1
Thomas_Binder,1
AefAufklaerung,1
eckert_official,1
Annibanane1,1
MitMirNicht1,1
SHomburg,1
UlrichSchulte,1
PHockertz,1
TeamKenFM,1
mockpat,1
KlagePaten,1
es_soll,1
ElternfAuF,1
maxotte_says,1
BlondJedi,1
docbrandenburg,1
CoronaAusschuss,1
DerInformant_,1
NikolovScience,1
Barbara57595701,1
Duckel5,1
openeysdown,1
FrankenDemo,1
al_f,1
Loveandfire4,1
KormannStephan,1
LudgerPeters,1
Amateur_Profi,1
akm0803,1
miaweber89,1
Wall__E_86,1
Mentraton,1
EChan2,1
Matthia03293146,1
aboomination1,1
TNahrendorf,1
fera022,1
darkseith,1
Linchen0612,1
35Millimeter,1
andreas_zeise,1
StephanusHH,1
owwerchef,1
Spatzengepiepe,1
reptrails,1
changeworld2,1
praeventionszen,1
Bobby_Network,1
silv_den_,1
PatrickPlotz,1
ai_jared,1
Schnauzevoll13,1
EmobilityEast,1
Ilmtal_eG,1
BMF_Bund,1
MAN_Group,1
TRATON_GROUP,1
ichbinesdertim,1
alltagimrettung,1
geraldomatron,1
the_solartube,1
s57174717,1
StefanMu3ll3r,1
deraltejaeger,1
HenningBuerger,1
HaraldTKD,1
Lykos_Phi,1
RoschlauSwen,1
axiom4tic,1
Moms4G,1
Danny_Kaubisch,1
weltraumhilfede,1
RRMeyer2,1
Archophob1,1
peni4142,1
HickertBenedikt,1
Sant_Angelo75,1
einenimtee,1
SBohrnMena,1
EEemag,1
JanHamisch,1
DaKosename,1
katdro,1
FamUnt,1
von_ems,1
PARTEIniel,1
stopPutin22222,1
Frank_Golo80,1
failphunk,1
fkamolz,1
aSmoogl,1
Moonlander68,1
MajDanNovember,1
GabrielBerlin,1
Matrin79,1
HeiligerBimbaml,1
AchimDG,1
shellysherrchen,1
TomRadetzki,1
Rollator5,1
lazid1957,1
BPsteinmueller,1
lazyb0y,1
MschFr,1
TimKing60084996,1
BurgerBenDecker,1
pjgloeper,1
Koogle91417074,1
stephanpalagan,1
fuecks,1
albiparvi,1
mr_wartung,1
cycletux,1
JuliusVieth,1
SkepticPatrick,1
No_19_74,1
FuestClemens,1
ifo_Institut,1
VrielinkPatrick,1
Ikgh1223,1
pxgan_,1
chpeters,1
alxrthh,1
ralphmakolla,1
meyerdietmar631,1
amardeo,1
paulinuxer,1
StefanSasse,1
Herby82513847,1
AudeMiriam,1
bahamut8811,1
TrolliTheEagle,1
MarionKruska,1
twitch0r,1
doedel_knoedel,1
Hobbyketzer,1
mariselja,1
VUngehorsam,1
gruenversiffter,1
ThomasSigmundHB,1
herr_ort,1
br403,1
lothar_janz,1
WBBayern,1
DirkLadewig,1
schmusbach,1
T38594733,1
mathalhead,1
TobiasBringmann,1
ecogp_en,1
SteffenLandgra2,1
fckantifa6,1
stecspress,1
Dergoran,1
FinnMalte,1
traufetter,1
_solarmanager,1
techtobi83,1
ollilein69,1
erzgruen,1
inselpastor,1
Anikaohnenamen,1
ashlacosplay,1
oekofuzzi,1
olliwaack,1
Grisu_SH,1
blacky3976,1
sharpfang,1
gatesfoundation,1
Lingen_Fehler,1
vonneudeck,1
iampelmeniboy,1
RadwegH,1
lucynamartin,1
hdsjulian,1
balkonspringer,1
ronnyrossin,1
JensHeinemann3,1
lostgen,1
GFelbermayr,1
kamel_das,1
JConstantine80,1
Astradamus2,1
BauerWilli_org,1
biesdorfer83,1
fuerkassel,1
WNP7013,1
myc0d3sucks,1
Bismarck09,1
talanx,1
SGudensberg,1
climbertobby,1
felixamyot,1
homtec,1
energyblawg,1
Kris_Tjan_69,1
synonym1000,1
rka,1
Berliner_FiF,1
JosefineDestiny,1
ellliotnisa,1
Mombaaaaa,1
NexNoxxen,1
ZZucker1312,1
tazKlima,1
msulzbacher,1
Macintosh1968,1
Loomlnext,1
SZ_Muenchen,1
kbl567,1
flobby,1
TschenPe,1
derPaddy,1
Mrs_M_2021,1
TomHS10,1
VSornig,1
TimmCaspari,1
stairwave,1
nearesttothetee,1
nearesttothetee!,1
Poliauwei,1
svenpilz,1
Lachgas,1
LBBW,1
Ra_Koellner,1
The_Nivram,1
aeas,1
MasterKingStar,1
Ang3l8611,1
markmueller1979,1
my_e_car,1
ButzemannD,1
MalteKaufmann,1
AbrahamDeLacy3,1
funkolive,1
bointoin2,1
gongwuerzburg,1
BClevershuttle,1
IFrauding,1
p_politburo,1
f2135,1
nikiphedia,1
stadtmobilSueBa,1
SuewagEnergieAG,1
saki_statement,1
Jackpot2Johnny,1
you_youtube,1
FA753476,1
moesl_roland,1
KinderdocNina,1
Peter_S72,1
Boehler,1
Technikfaultier,1
MENNEKES_tweets,1
RobertsBlog,1
LingensBurgHerr,1
Lingen1,1
DasHaeufchen,1
olivergr2019,1
trusted31337,1
twizybaby1,1
peakaustria,1
SBC_consult,1
chronesthesia1,1
Herrman81039423,1
fabsh,1
nskuelptor,1
automativ,1
petertenboer1,1
"Hachy_1,",1
RAWWERS,1
fabbboe,1
zugkatze,1
schorligkeit,1
Atze08497950,1
MR_Visioneere,1
drheaddamage,1
IngmarStreese,1
IKEM_Berlin,1
_Quilian,1
bigm1lk,1
AfD_Support,1
bernd471,1
rponline,1
Pete57995461,1
lukasbisdorf,1
jwildeboer,1
HNA_online,1
reitschuster,1
Angel_CGN,1
chetrepiw,1
munichpunisher,1
dietaube99,1
mcsaesch,1
badeninderspree,1
an_dy_wand,1
Vorzimmerdame2,1
efesce,1
Stephan535,1
JKSteinberger,1
yourdress1,1
MichaelStauber,1
"stadtaugsburg,",1
hypeenforcement,1
PletzerUlrich,1
VolkerEinem,1
DasErste,1
ChessExplained,1
CmielThorsten,1
Vermieterhai,1
BStarkimarm,1
BR_Presse,1
s04steffen,1
chrisX107,1
BUR_Nuernberg,1
traderherz,1
CaschysBlog,1
colinmckerrache,1
Bundeskanzler,1
KlimaCountdown,1
tecn_preocupado,1
querdenken711,1
AletheiaHappy,1
pedaru_karmen,1
BerlinerHedoni1,1
Reflexospuros,1
RoseKikii,1
PatiKesiRocky,1
Jgerdesvergess1,1
VomChiemgau,1
SchulenAuf,1
Schlautropf,1
sebastian_es_,1
AminSharaf,1
kleinergag,1
der_veganer,1
NeynaDeyna,1
PradaDr,1
Kroko615,1
hafenrand,1
ardenthistorian,1
anncathrin87,1
RobertLangerOFI,1
redtux2,1
MikeDeeeeeee,1
AntjeKuessner,1
amn_news_de,1
DaimlerTruckBus,1
Ford,1
ZeitW,1
swkkrefeld,1
illuminadrian,1
TimSchoolmann,1
FabiThoma,1
LillyPolly4,1
Deemaree10,1
DerKatzenfuerst,1
swtue,1
KatrinEberhardt,1
WeareWuppertal,1
freiesrheinland,1
antikommunist33,1
Meissner396,1
DaniEckiDue,1
ILegalAlien2012,1
Nuckelhamster,1
721vz,1
GreenMobility18,1
Quasseltier,1
begenrogenschaf,1
TweefAnwalt,1
vicijlo,1
lexfundi,1
PatriotSozi,1
StammKuhlmann,1
Sand_und_Meer,1
HolgerKuhlmann,1
stuttgart_stadt!,1
olemobility,1
sundaysattwelve,1
SonKmai,1
"peteraltmaier,",1
chrstphbach,1
the_audience,1
oe_simon,1
schneidercar,1
MDRAktuell,1
batteriehuhn,1
wiesbaden,1
gjarsen,1
watch_union,1
DaKoda73672211,1
Bitcoiiner,1
FrankSiedler,1
Studierendenfu1,1
BChefski,1
westaflex,1
Mellcolm,1
Dieter_Konrad,1
MarkusWerner18,1
pablodiabolo,1
wer0744,1
peaqtechnology,1
gwarden42,1
rainaldgrebe,1
KaiGlode,1
Eating_Kitty,1
nickoffff,1
die_regierung,1
marq_us,1
wunderlicher,1
HolyArchangel87,1
klimalugenluge,1
UFrer,1
_i_am_random,1
frosinone_,1
emptysignifier,1
FelixZeug,1
hubertus_heil,1
benediktg5,1
euryeuro,1
Hank45663738,1
Zeruyu,1
MonikaBeck6,1
JamesShanjue,1
Ketoman180,1
Karalhoin,1
mattaut88,1
NuovaRealta,1
FCN_Sebi,1
H_Frommann,1
happel,1
MCReim,1
SladanVidakovic,1
Mirko_Schulte,1
Co2Klima,1
ole_vwdilab,1
FritzUSA,1
GrueneFrakNRW,1
grybelfix,1
altenbockum,1
Bauchnabelzwerg,1
HeinerGirl,1
ngvglobal,1
AvaconAG,1
SteffenHoX,1
schnwttrkckr,1
ollobeer,1
INTRIWEB,1
beamzuse,1
henrikMSL,1
goetzingert,1
OtmarE_Klimkeit,1
DerZorn,1
RBraunmueller,1
stefanct,1
R34lB0rg,1
LidlOesterreich,1
lvrbrgmnn,1
petrisberg92,1
stoeckli_martin,1
QQuencher,1
ibeor,1
kfzplatzer,1
ckamaluha,1
Nordhessische,1
Vimeo,1
MichaelReckordt,1
patrickhanft,1
DokuUnserPlanet,1
DVDStgt,1
pupsiturtles,1
Officer_Yash,1
Borstich,1
smegworx,1
hpmaennicke,1
Kaenguru_SV,1
woelken,1
marcobuelow,1
lordknolldemort,1
"wilddueck,",1
LinkedInDACH,1
ihkkoeln,1
das_Dan3000,1
Apple,1
eloopcarsharing,1
BWjetzt,1
Andreas54058823,1
123hier,1
HerrOlsen,1
JordanGriz95,1
WMassag,1
Piepsie,1
JKD1988,1
Kekule9,1
CNG_Mobility,1
ChGraeff,1
lyncgeek,1
R_Rheindorf,1
exrealo,1
Der_Kolja_,1
SSL_SM,1
Einfalter,1
CarlundCarlade,1
NiclaasG,1
EnelGroupIT,1
ian_tavis,1
BassdoxXx,1
gomore,1
FallStreet1,1
Tiefseher,1
Grauhammer,1
ubermarkus,1
rpirringer,1
johanneslink,1
Baum_Laurenz,1
jvdhurk,1
joergalbrecht,1
OldTomBom,1
Karin25155,1
Alleswirdgut72,1
gluehbirne4,1
coreleonidas,1
PaulZiemiak,1
petertauber,1
oma_kazi,1
Tom2Tom60,1
"DailyNewsEgypt,",1
AfD_HD,1
Sommerfrau20,1
LucianoCali_2,1
th_g,1
Regendelfin,1
Casilol,1
Christanco1,1
Fabian90891912,1
iLKrisko,1
RobertResch7,1
KURIERat,1
BSLMgtSupport,1
LutzBecker4,1
martinruff1,1
KaiRuhsert,1
AlexKo80L,1
GiantAtomic,1
twittarmani,1
rockybeethoven,1
UrsulaBrinkmann,1
GunterFehlinger,1
GavinNewsom,1
ZDFinfo,1
Nilpferdlager,1
wanderwitz,1
tweet_alqamar,1
fl0h0ff,1
ThomaKreuz,1
_Bluumi_,1
KanoneCS,1
amsDralle,1
northvolt,1
ClusterPolis,1
AhojAhoy,1
rokke09,1
TheSeer77,1
KfW_Research,1
KowalskiFlausn,1
blauerKlaus112,1
schmidt_chen,1
NetzeBW,1
PrasslSebastian,1
Dreilaender,1
mcpomhh,1
Geekfried,1
Rob_Laz,1
FlorianDoellner,1
beibootpetri03,1
AgileEnthusiast,1
C_Engeline,1
juliusmagapfel,1
gephiltert,1
boringcompany,1
pdfkungfoo,1
noplace4sane,1
BeefPatty17,1
mahrko,1
Knippkopf,1
HansLudwigWern5,1
energiedienst,1
_Belze_,1
HertzAngeboteDE,1
geierwalley,1
Lord_Lazarus,1
Ich_von_hier,1
MPKretschmer,1
starkwatzinger,1
JJ_vonZ,1
iwaradjetztda,1
McGeiz,1
derHenKr,1
GrowthMs,1
Piotr88299498,1
Alnatura,1
Wellenleben,1
SatcadirAaron,1
AlineOzturk3,1
contra_hoch10,1
EnricoPomsel,1
it_erklaerbaer,1
oocx,1
happydeal,1
bahnONLINEch,1
StefGKarl,1
"twittlik,",1
Flowinho,1
ladefuchs:,1
stinnux,1
ulid000,1
haebae,1
biking1963,1
junterweger,1
TobiasEnder,1
finnik106,1
WasserIsSehrGut,1
FranzPoe22,1
pastinho11,1
maxccastelli,1
royandmorty,1
TagesschauVor20,1
TeslaNewsDE,1
HeinzeParsifal,1
Fatalys,1
DerJoker17,1
Luwinenseeger,1
mopo,1
bonnerconsult,1
FREIEWAEHLER_BV,1
lebe_ohne_sorge,1
Bartman68485744,1
RKemmeter,1
RDeptalla,1
noipser,1
enbw.,1
rechawarburg,1
StephanPiel,1
_Brathering_,1
natasja_sommer,1
netwge,1
StarteThor,1
MatthiasVogt75,1
EIAgov,1
JulianMarchl,1
bruno_wissing,1
san_dra_ki_,1
helgethomas,1
rogoering1,1
tagesanzeiger,1
JonLumis,1
ipinky77,1
DeinGewissen11,1
LarsFrohmueller,1
ZwitscherRobbie,1
SEOTom,1
Ecosia,1
MelanieBergma18,1
mackel_eu,1
smittysue1,1
Hallo_Rollo,1
chris__riemer,1
andreas_esch,1
99jb99jbk,1
mmeidl78,1
Uli_Pflanz,1
mats1235,1
MoritzSchwaa,1
thomsen_jp,1
MycleSchneider,1
ForchheimEka,1
IngoSalmen,1
Apfelfunk,1
torschtl,1
raffaeru,1
penninger,1
EnBw,1
optimis98160023,1
tesla,1
innogy,1
DennisWitthus,1
Saving_Volt,1
NewMotionDE,1
maxOLAR1,1
Not_givn_awayV8,1
nido009,1
Kids_CoKG,1
svenkessler,1
Localiser,1
StfnMllr.,1
zusatzstoff,1
MarcelM3p,1
VauEssTri,1
Foobarimquadrat,1
troy_mc_clure,1
NoseBIG,1
schlabonski,1
trader_53,1
Steinfireflint,1
TspLeute,1
Berlin_MaHe,1
Birki47,1
stadtzuerich,1
igt_matti,1
OlafStorbeck,1
ropietsch,1
KralMarcella,1
Doktorino82,1
GuzmuzA,1
EichholtzAlex,1
alexpetring,1
cfrey1977,1
MannGlory,1
Mo5351,1
danielleupi,1
EKZenergie,1
HreRudolf,1
emobility_news,1
emobility_net,1
SlapJackNpNp,1
bu22dee,1
Ein_Thomas_85,1
MartinSonneborn,1
DJM4dM4x,1
VA5fXVLSgEROKiL,1
"Polizei_Ffm,",1
HeikeRibke,1
danjol_lupardo,1
Canstatt93,1
Markenseologe,1
jaayjayAT,1
decider148,1
TylerNDurden,1
Tim70105470,1
HeilmannFelix,1
esistrico,1
achisto,1
Ranzenburg,1
MarkusS18532449,1
mnemo,1
swb_online,1
memory0four,1
NorbertRoettger,1
Mobilegeeksde,1
djsmokey_z,1
"Rueschkamp,",1
iMarioR,1
dirkfroescher,1
YEAccount1,1
JackBauregad,1
thebowmen,1
nicoduck,1
PeterWe79565374,1
BuckN444,1
JanBunnemann,1
dodgecy1,1
Kril_Josef,1
MikeNixda,1
KoenigHotep,1
FSHornschild,1
BigGayAl_93,1
balkonsolar,1
elnida_3,1
PumpkinSmartass,1
AnunaDe,1
adelaidecharli2,1
netrowdy,1
jstackmann,1
WolfgangMoch,1
MengxMarco,1
434Italo,1
LadeEngel,1
insanelygreat,1
DirkJes,1
ThomasVerheugen,1
lupos_lusatiae,1
FrankRauschenb3,1
Capone2412,1
Bellatina691,1
danielreitzig,1
LeseDas,1
der_bienenonkel,1
bikes_cars_beer,1
kumasasa_,1
sueddeutsche_de,1
chris_bac0,1
allelectric_de,1
Nasobem_lyricum,1
tilsteff,1
Harun_aus_HH,1
macinthemiddle,1
DrakardNSW,1
robert_we,1
Badenova,1
jakobhaerter,1
WifoeLeipzig,1
BirgerNicolai,1
Freshmile_de,1
ElectrifyBW,1
HeiKolbe,1
shelly_pond,1
Elitiker,1
zhenech,1
SteffenDeBrand,1
camarero365,1
detlef_hoepfner,1
svs1946,1
PiraToRo,1
Stadt_Chemnitz,1
e_Mobil2014,1
"stadtdortmund,",1
Kevin_K_DE,1
Stadt_Karlsruhe,1
KreisKarlsruhe,1
0EmissionCar,1
RAMalteGreisner,1
JGemassmer,1
NIOSwitzerland,1
Sneggy52,1
MrProcess,1
LSEnews,1
loredo,1
Jay5244,1
dussmann_group,1
tobwias,1
EmderZeitung,1
denkbeteiligung,1
pvbuero,1
JanineClimate,1
ChrisEbner_FM,1
POTUS,1
JoeBiden,1
Werner_Mo,1
MoritzDiethelm,1
SenUVKBerlin.,1
ichdochnoch,1
meg_gyver,1
Spanni11,1
Bottlekeeper,1
IPPNWgermany,1
AndreasWinckler,1
Unplugnukes,1
castor_stoppen,1
Jochen_Stay,1
HeinzSmital,1
IPPNW,1
morten_hannesbo,1
BFEenergeia,1
csch42,1
Solid_Snail,1
HellmannTim,1
opencreeker,1
andizgl,1
BGatterbauer,1
FelixGeibel,1
x7franny,1
BAfMW,1
jottes,1
teilAuto?,1
joel_aktuell,1
StaLeop,1
pottaus,1
Jens_Mander_,1
mariowitte,1
jal3kost4rrr,1
Flohlaus,1
omikron99,1
benbx2,1
hauwech3,1
michaelmaass,1
bikezebub,1
LudkeThomas,1
kielkontrovers,1
sf1893,1
Afebriwyn,1
FraunhoferISI,1
lightningn1ck,1
Grnfink2,1
MaSchu112,1
batteryday2020,1
helsoeste,1
MatzholdMarkus,1
_HeadCrash,1
EWE_AG,1
realMasamune,1
dkf2010,1
BloombergNEF,1
Dirk_Ottobrunn,1
pavido_de,1
royfocke,1
HGoebel,1
araldeutschland.,1
FrauWeh,1
eigeneansicht,1
JohannesWeniger,1
officiallyjoko,1
jnbhlr,1
hasebrook,1
Kalsariknnit6,1
geitling,1
LauraMKoenig,1
christianeattig,1
TAltgeld,1
StadtwerkeStgt,1
wasserstoff91,1
NIPR17,1
Phillip4Live,1
RainhardRRD,1
swdag.,1
ReneSchlehr,1
tysemez,1
Ph1chrr,1
RoshiSwen,1
ImvtKit,1
RalfLippold,1
IDIdeal1,1
AusweisApp2,1
ChristineHernt1,1
its_Flake,1
Herrbett,1
lasslie,1
fewizi,1
thoolb1,1
Lurmoral,1
realJohnyM,1
girocard,1
Patrick_Kunkel,1
PolizeiPF,1
robintvblau,1
bikeraper,1
nogfradelt,1
PhysioAftermath,1
WSWMUC,1
_mobility_,1
RandyRaudi,1
claus_hammer,1
SchelPeter,1
alzina36048490,1
tolino_de,1
sebastianb1987,1
SiebterMonat,1
BmvgJohn,1
jaquearnoux,1
preusslee,1
p_manske,1
nuernberg_de,1
waze,1
TG_translations,1
landei677,1
PeterB170460,1
kafqa_t,1
frank_ldk,1
NoahRettberg,1
polis2_0,1
transimagine,1
KarlHeinzHasliP,1
LyniiXCoD,1
aloa5,1
Hitch_48,1
Oldperl,1
sequundi,1
traegtmaske,1
DieHumanisten,1
ATrumpfheller,1
LutziLinda,1
Tine_Popine,1
WPSchill,1
keineantwort,1
pebelsberger,1
smukster,1
AbdulChaim,1
MickyRust,1
le_janus,1
doktordab,1
NsSchussler,1
SchwopeWilli,1
UniLuebeck,1
PsyMarkus,1
Arnold_Beckenba,1
extra3,1
Klehmann79,1
netzgoetter,1
ThomasGrafe4,1
Wende2021,1
sibekar,1
"Gilly,",1
Retep_90,1
EUkoznik,1
DasOragle,1
Municus,1
15Fdisty,1
MorkvomMarc,1
LudegoEV,1
Asolution89,1
mueller_sepp,1
frankaskaralius,1
unabhaengigkite,1
Ingrid_Remmers,1
Linksfraktion,1
DH1FR,1
Floskelwolke,1
Vaiper,1
Mulfred7,1
Total,1
lukizzl,1
boysdontcrei,1
alecmcint,1
Qyou14,1
LibKonMoritz,1
michaelwirz6,1
SFKteuton,1
johannes_rauch,1
Moritz_77,1
StephanWach,1
europeanobserv3,1
YVergatario,1
Hauptgarnix,1
20min,1
Schinkentorte,1
VikingRohan,1
areacode030,1
Brettwelten,1
SozMettbrot,1
wwwsurfer123,1
LucaBrunsch,1
klimawende1,1
HeikensP,1
Jo_F_De,1
Tom_B_Ritter,1
PEDgfx,1
Lukas74383523,1
"SenUVKBerlin,",1
FFE,1
OBPeterFeldmann,1
dachstuber,1
Fabian858527438,1
Brandgut,1
Speedybo,1
CarstenGross,1
flueke,1
zettelfalter,1
GLobenberg,1
HplNadja,1
Nidhggr2,1
Captn_Hype,1
SaschaInHalle,1
BHXX57,1
AlbinMeyerCH,1
frau_johann,1
raffi931,1
AargauerZeitung,1
Krustinaut,1
UL_JO_684E,1
"TschenPe,",1
PSwayzeman,1
DnnsEV,1
FehringerMartin,1
gruenergerd,1
zweilicht85,1
klaus66online,1
KnorDavid,1
talwazir,1
suedallee,1
teddyhh,1
Dimabo15,1
thetomandonly,1
ostfranzoseKL,1
StlpnerKarl1,1
germanyfriend,1
Marcus_Buehl,1
AfD_Thueringen,1
FanHerrin,1
MatthiasGastel,1
tobidope,1
radioeins.,1
GC_Vincent05,1
FMH_,1
Kirmesboxer,1
wandelwerkkoeln,1
KatjaMast,1
accountnoroot,1
gehwissenlos,1
work,1
Wellthisisawkw6,1
TFM312,1
BonkersConquers,1
justthore,1
derFesxh,1
SGaeng,1
Spatzl17,1
swisscleandrive,1
fre_rud,1
haraldfluegel,1
Waldkreis,1
JohannesThema,1
julia_holze,1
FranziskaGiffey,1
robinthschaefer,1
X_1791,1
VierlanderF,1
Banana_Joe2,1
NBelemnit,1
SimonMe57003990,1
PeBe48,1
BaBerlinTK,1
AlfredEBeach,1
Alchemist_DD,1
MVV_Partner,1
Hektor_Nibelung,1
yosperger,1
Selleman,1
der_bruehl,1
JaLub8,1
_ShadowEnemy,1
teslaP3D,1
Carsten001,1
schwabe90,1
frank_rieger,1
buffin11,1
LeibetsederMar1,1
Tevsa,1
SonOfData,1
sschyvonne,1
MrApe_,1
"GrueneBundestag,",1
MarcATrauffer,1
BurkhardStork,1
ooswald,1
EsistMonka,1
juergengunz,1
olipiep,1
IchobanSlidid,1
mit_mitte,1
mauerklein,1
reuther_bernd,1
8eau,1
YtaksWorld,1
gwendolan1,1
jeanvansta,1
OSevangelist,1
eascherbaum,1
ascherbaum,1
RegierungBW!,1
janejane24,1
RobertB_Fishman,1
Crosshead16,1
GiverSteve,1
DanielB84206582,1
GroupeRenaultEV,1
zagy,1
SenUVKBerlin?,1
HeikoEpperlein,1
BastianBrauns,1
gruenkohlmann,1
PPMMal,1
StephanParlow,1
JostAusSoest,1
TspBackgroundMT,1
Kiki1Bail,1
SkywalkerLegoli,1
kliehm,1
d_szanko,1
seige1967,1
MercedesBenz_AT,1
cicero_online,1
HausmannReport,1
1967Gorzata,1
realWoodapple,1
Mayer0077,1
d_kinimo,1
Eskimoki1,1
JesseVentura86,1
_Juve_Tesla,1
gurkentruppler,1
senec_gmbh,1
DualFluid,1
SchwarzerKorsar,1
VISIONmobility1,1
TorstenHerres,1
PlahrAl,1
golf_sierra,1
KatiPierson,1
BVG_Ubahn,1
ERNSTchen,1
Norddeutscher83,1
opansxyz,1
ElektrixerBln,1
TobiSchlegl,1
florianklenk,1
gruenewien,1
NeosWien,1
Hertz,1
alpe1949,1
fluglehrer,1
niklas_net,1
swobbee,1
NativeYodel,1
0x3A26C7,1
droehni,1
abgehxben,1
RTLde,1
DWexxler,1
_Hemmschuh,1
_draken18,1
hochbahn,1
GraceRanee,1
19Otto57,1
Cheeky38466727,1
Joerg_Nobis_AfD,1
AKundendienst,1
PatrickKayser,1
we_drive_at,1
vollnixbeidir,1
thostegaboys,1
berndulrich,1
smight_city,1
hello_alicecool,1
LouisaNapolina,1
FfE_Muenchen,1
ssstonie,1
azechbauer,1
Indieroy2000,1
gutmenschen_inc,1
RubenKelevra,1
klages_uwe,1
PatrickKausW,1
musicandscifi,1
toberg2,1
Sir_TravelALot,1
SimoneFasse,1
Lasse31199319,1
Schlau_Wiener,1
cincimini,1
bob1711293044,1
PaySepp,1
antoinebrisbard,1
MPW6bst6r,1
EnBW?,1
KzH53137596,1
J0RAKU,1
Stadt_WF,1
StefanHolz75,1
SturmLLiouville,1
drzberlin,1
socltime,1
HaselbachM,1
Konrad_Roesgen,1
JudithCVogt,1
Zel_Le,1
Stadt_OF,1
Vattenfall_De-Ladesäule,1
MesseBerlin,1
EmPi75,1
bicipues,1
florianmaringer,1
fantasyautor,1
netzpolitik,1
Wetterwax,1
Stefan_LG,1
trudebiker,1
omfritz,1
DirkIngoSchmidt,1
miteinemf,1
dbkoeln,1
DanielaKluckert,1
teslachaot,1
woemi,1
tobrieder,1
allpolig,1
JTHADEUSZ,1
TomC25,1
fraupfoetchen,1
RippelMarkus,1
woksoll,1
mariosorg,1
walli5,1
in4matikerCH,1
Energie360AG,1
Energie360AG.,1
"Energie360AG,",1
schmaudenbach,1
GMRaidl,1
LandRover,1
tastenzeux,1
bikemaikinfo,1
ChristofStelma1,1
beyond_ideology,1
IiiMahony,1
FelixFane,1
Ogerlord1,1
Die_Insider,1
marco_knubel,1
SystemChange_,1
UniHohenheim,1
FelixKruemel,1
Unterfahrer,1
MrXlix,1
dvg,1
DerGrosseNagus,1
Wahni1,1
KEERL_IT,1
Harry_Rakete,1
Matthau63,1
emobicon,1
MaxWiesmueller,1
FabioLeone94,1
MartenKleihauer,1
obkurz,1
mannheim_de,1
y_a_s_mine,1
iaostuttgart!,1
lukasmoerchen,1
Manjol,1
PitPoint_DE,1
DVGW,1
S4F_Leipzig,1
e_vdriver,1
leon_nitsch,1
rsusr003,1
ProVermieter,1
ffriendbln,1
thesuingone,1
vznrw_energie,1
Industry_live,1
ReichertCarsten,1
HayabusaRiesen,1
Da_Draussen,1
GefrKamnitzer,1
AdrianDiederich,1
atklauner,1
EMobilitaetReg,1
eMObilityBerlin,1
FRRI63,1
siggib4,1
cheechyba,1
weserkurier,1
IONITY_EU?,1
Tesla-Kunde,1
ChrisEpunkt,1
seneamadou07,1
"wdwarncke,",1
Tobias_Schulze,1
tknuewer,1
AzulReal_HH,1
OBundWIE,1
Klimmsen,1
HMGnewsroom,1
duisburg_de,1
StadtLingen,1
DrGrandMal,1
spdbawue,1
ACEA_eu:,1
FrankMankel,1
TheRealMibra,1
MFabricius,1
bsschnuppe,1
BananaInstitute,1
DoemenR,1
asta_die,1
Der_Fumpinator,1
PetraLustig19,1
DPsycco,1
kopptisch,1
stuxburg,1
casparterhorst,1
johkuhn,1
ralfh,1
reinerrudolph,1
pit7312,1
marhiver,1
Saechsen,1
FDPHessen,1
KayaKinkel,1
villain_no1,1
realSchabau,1
hgbruenker,1
rim_light,1
breitenbach,1
Christian_Henne,1
tewes_susanne,1
DudeMoritzTech,1
adl_carlos,1
Rant_ifa,1
Ruhrpott_Mensch,1
WirDemokratie,1
SeeMarek,1
GRlNDMAST0R,1
oxopaulinexox,1
phiboLE,1
TobiasBock14,1
Autopilotuser,1
rlunni,1
PsychoAdler,1
renehamburg,1
notsoearlybird,1
HeadSoccer_Main,1
SophiaMariaKa,1
Offroad_Junkie,1
mad_makx,1
hsv_jon,1
LENNETAL3R,1
_Herr_Stahl_,1
barthster78,1
RenaultGroupDE,1
buttertoastbro,1
danielfinsler,1
poorZathras,1
_badmaxx_,1
runkel_m,1
HenzeTimon,1
RTyborski,1
Spruchkoerper,1
F_Hubik,1
tj_tweets,1
rohr_spatz,1
MatthiasOtt23,1
DieterSteffmann,1
philipp_kaestli,1
"pump,",1
nblr,1
Der_KaiErik,1
sanewski2,1
skadi2102,1
SchuldSelbst,1
RZitelmann,1
JennyGnther,1
Rehlein_ms,1
fanaticHH,1
dasnuf,1
davidleblanc13,1
EstererRoland,1
UmweltinstitutM,1
meisi_74,1
RuedigerLUP,1
"TransnetBW,",1
SebastianThiem,1
CarmenHentschel,1
WeemanDx,1
BlarryOfficial,1
hgrdlmn,1
bv_elektromobil,1
carstensieling,1
MartinGuenthner,1
ralph_bremer,1
Preis_und_Wert,1
butenbinnen,1
plechschmidt,1
MartinMichalik,1
topfentrulla,1
listeknoblauch,1
YogiMo,1
GehteuchNicht19,1
DKommunal,1
Lord_Pachulke,1
_Ricardo_Simoes,1
AlainS1991,1
Peter_Jelinek,1
stadtbielefeld,1
UweVogt7,1
NiNimmrod,1
FMH_EU,1
Nokius,1
cartron,1
Jaquelinelindr,1
MitschAlexander,1
_Gab404,1
BayernSPD_Lndtg,1
SPD_Starnberg,1
JimZopf,1
pascal__2k,1
StreetScooter_,1
Robert19594,1
farmingmax,1
MDR_SN,1
butenunbinnen,1
FlorianvonBrunn,1
Locke1693,1
Juergenofr,1
doc_scholz,1
EngelchenFLIEGT,1
Genaro19986,1
AstraBube,1
pingu2k,1
HarryBeaux1,1
Andreas674M,1
tomastomatos,1
FrauBundeskatz,1
hasse_luegen,1
iJojo423,1
GEVAlliance,1
Taunus_Larry,1
30u30,1
omega75,1
Nadja_Opatija,1
j_hkrueger,1
OpaPaulsEnkelin,1
HMWVL,1
jens_140081,1
fridays_freedom,1
ava_hamburg,1
SZ_Wirtschaft,1
Lucyfer49407833,1
Hartes_Geld,1
womeninmobility,1
RolfMeissler,1
lbenedix,1
rotrunner_ber,1
65Ebru90,1
oliver93877389,1
danimo,1
mikail_6161,1
wingedneko,1
ErikTheViking18,1
jeff_ironheart,1
montibeiton,1
iljawascoding,1
Hornegger,1
jonaswitt,1
UniFAU.,1
bsmail35,1
RiceBlues,1
leinad_luelp,1
klubbing2000,1
aktienmessie,1
Harzman6,1
the_mutax,1
Klickmichi,1
Duisburger1997,1
UVEK,1
s_sommaruga,1
euronewsgreen,1
AluminationG,1
FabianGumz,1
Woculus1,1
Deichi72,1
Xivios343,1
ioandar,1
Po_Versohler,1
deltadeeee,1
maltergm,1
Raven_1272,1
I2eptileX,1
tstibbz,1
mrkreitmair,1
raelianer,1
Reddit,1
Truhe3,1
HeinzSchutze,1
neythomas,1
AnlegerWindAWE,1
hardybarthgmbh,1
lordxxl,1
deejay_ol,1
netzeBW,1
daimlertruck,1
BarneyG62957326,1
hier_dings_,1
Radpolitik,1
AndreMimikama,1
Goettergatte42,1
thomas_jachmann,1
J_Liberalismus,1
spmrider,1
mk2000,1
Hipokratos,1
Raspo19,1
Danidani6922,1
TheGlowingDice,1
th0r5t3n,1
mortalhope1,1
Birkenbaer,1
hennemann_marc,1
BuxaIngrid,1
tichyseinblick,1
derDeSraY,1
Johannes,1
BernhardSterz,1
Tommy17_09_,1
FalkWegerich,1
SecondAttempt,1
buzzingDANZEI,1
hybridathlet,1
fuenfuhrteefix,1
RadlerInWI,1
retr0virus,1
Melolontha12,1
sledgehammer28,1
JaneOh0711,1
AZ_Augsburg,1
berren1,1
Hannchen1997,1
GoldfoxFabi,1
Tom_Schneidr,1
LL3mm3,1
Markus_Balser,1
CITROEN_DE,1
factionprosa75,1
FrontalierFR,1
DarthMowl,1
sebs1710,1
Alex_Neubacher,1
Strippenzieher7,1
2127argus,1
d4_fishman,1
Wolfgan80856571,1
is_wr,1
andithematti,1
AEnergiepolitik,1
dieserHermann,1
Pandora_calling,1
ChRoordink,1
Netto_Online,1
lokfuehrer_tim,1
Nero1138,1
klimalisteRhNe,1
CorvanCrowing,1
matschlegel,1
dpa?,1
SylvesterG61,1
KathaZachi,1
Samurai_27,1
DanielS29546200,1
nerdweib,1
th_willenbrink,1
paulvossiek,1
Steuermann46,1
andreb555,1
BuergerMoser,1
tbi43598681,1
bison_42,1
ahafant,1
electric_carfan,1
einmarvy,1
derBalutex,1
Mupf05YT,1
rewinside,1
svoeth,1
p_faltermann,1
falkinjo_hb,1
BBarcien,1
BenniCargobike,1
multiburst,1
DugarToGo,1
rolandhausm,1
FwSimon,1
lehreit,1
AgentJpn,1
HelgesWelt,1
ARD_Presse,1
anked,1
peter1291010170,1
KarmaKonsum,1
hannesleitlein,1
__bbak,1
NuechterRaymond,1
AnjaKober,1
Wrdlbrmpfd_Wrdl,1
padfrey,1
saftmoppel,1
axelwagnernet,1
Ch1990ris,1
SKTortenbot,1
mpoessel,1
cschrader_eu,1
LucLuc96,1
jwag82,1
nitro4041,1
EUROSOLAR_D,1
DWD_presse,1
modellbauhutte,1
mimperella,1
Xemides,1
MatthiasVialon,1
fdphh,1
vorsprach,1
Frank87907588,1
bbinkowska_,1
janboehm?,1
EduardLaserToGo,1
thuega,1
likedeeler3,1
dokape,1
alex_arfa,1
ha75,1
andreasg?,1
Sophisterei,1
saywhatuwanna1,1
simbosan,1
c_endt,1
shatterhaendle,1
berlin_radler,1
DryDanny81,1
ImTheKai,1
HW417,1
mscharfschwerdt,1
axel5959,1
sandra_weeser,1
buchholz_nr12,1
LuisMartinezGIF,1
JochenHammer,1
Swisscom,1
RailService,1
openyourcorazon,1
DerUrBerliner,1
Birgit_Kelle,1
SGKirsch,1
grnFlip,1
AndyDBayern,1
Micha_K_NIX,1
WirSindGruen,1
booster_jab,1
DerEingang,1
schaaf_stefan,1
ProSieben,1
ulfklose,1
kabeleins,1
"andreasscheuer,",1
Alcibiades_ZH,1
Finne_is_back,1
imAerzteland,1
derQuerkop,1
energie_freie,1
MatthiasG_68,1
baerbeli04,1
numcep,1
_t2oh4e_,1
stoeger_by,1
NeuImNeuland,1
MartinTriker,1
P4FChemnitz,1
ShwyneRei,1
KKrawlo,1
hhotz,1
R3in3rZuf4ll,1
soziobloge,1
rendiwagner,1
Mhs_ThatFace,1
neos_eu,1
perlevilma,1
Phant982,1
Oursgentil,1
DietmarM1,1
mijo_stein,1
mmfranconia,1
Denndeman,1
Leselaune,1
P2063,1
PExul23,1
ENYA42771525,1
UnremovedB,1
NickmitdemKopf,1
packofant,1
SwenRoschlau,1
maki_amw,1
BILD_Berlin,1
felixbohnacker,1
WillyPe37974835,1
BengtBergt,1
annakassautzki,1
SvenDotNet,1
chargeIT_,1
lutherstadt,1
SortimoGmbH,1
BZPorg,1
wieleben1,1
sagler72,1
FDPffm,1
euscherova,1
HumpferMarkus,1
VfBCathrin,1
Tibber_DE,1
NinaScheer_SPD,1
js281135,1
FalkoMohrs,1
KatrinH6,1
StwBo,1
Neo2000k21,1
twitnextdoor,1
SciCoDad,1
bobbyaxefive,1
MitRolf,1
M_T_Franz,1
cdufraktion_LSA,1
ulithomas,1
NVoncken,1
manuel01St,1
"PolizeiHamburg,",1
wuelfele,1
DannyMonacoo,1
Asterix811,1
jnswin,1
alemana1978,1
EDreisvogt,1
MBebenroth,1
YTCreatorsDE,1
Moddy82,1
herzog_andreas,1
CorneliusRoemer,1
pozo70,1
hatice_akyun,1
plan0815,1
quasselonkel,1
"Shell_Germany,",1
Karus65Olaf,1
Eloki89,1
PredatorJr,1
FalschparkerMUC,1
Daniel_Abt,1
alexnoe81,1
realGeeM,1
JoergThoeming,1
Taru_Tuomi,1
mrtoto,1
KaraMur19175817,1
berit_die,1
virchow_de,1
StMueObu,1
SZ_Bitcoin,1
126agz,1
beingmechris,1
christian_kubat,1
FLietzke,1
methusalix64,1
vigeliensch,1
HSchaeferIW,1
JuergenBlu,1
Breviloquentia1,1
ChGBecker,1
wenig_worte,1
GpJoule,1
augentussi,1
AusDerUckermark,1
PapkeGerhard,1
Orang3nSaftLP,1
Monopolkom,1
geipello,1
FelixOberhausen,1
WucherSebastian,1
SaabRedJ,1
sturm_kintaro,1
Leon_Euler,1
_thewombat_,1
Danne79029815,1
ford_machE,1
FordMustang,1
FordEu,1
bianchiinfinito,1
xschtief,1
KlausDietz7,1
rwinkelmann,1
TorbenSchultz,1
nbg__1,1
extra3.,1
BalzHerter,1
inside_digital,1
wattweissich,1
QX3Z_,1
ArmeWurst0815,1
u_w_photography,1
henningning,1
Nikolaus117,1
Standke_K,1
marvinschuth,1
SteffiLemke,1
BadBoy39649948,1
moabit,1
zinnebob,1
JLuetgens,1
ijc24,1
Stadt_Wolfsburg,1
SRausW,1
TheRealKown,1
ChrisBrey1,1
FerdiVomPonyhof,1
DoppelDu,1
deutschetelekom,1
Jakob00289791,1
FlorianBrandau,1
Kia,1
Jay__Kay__Kay,1
Dumbrum672,1
focusauto,1
uschi6868,1
Minetimeth,1
stagerbn,1
"Stadt_Karlsruhe,",1
querdenker,1
moser701,1
EKliesspies,1
steindfr,1
CleverShuttle,1
dovbenari,1
n0tmad84,1
OttosRadwege,1
Till1337420,1
audiodump_de,1
Derbe_obachter,1
_noujoum,1
Ingolstadt_IN,1
GEPAFairTrade,1
biomotor,1
achojo,1
ahoernchen_1,1
Stadt_BS,1
barbaragerlach,1
ronaan,1
SilentBob_G,1
UEF2000,1
EnBW-Ladepark,1
Ascendor,1
Kurt_Skacken,1
AnneserF,1
fresh102,1
daovertheclouds,1
T_reck_s,1
chriss_12__,1
PBroytman,1
jakbaum,1
gruenemitte,1
Eerouge,1
becker_meister,1
DerInspector,1
MarcusFuhrmann1,1
WegfreiD,1
SPDbenzin,1
FFF_Berlin,1
MehrAuto,1
matthias_sh,1
cs27496673,1
Stadt_Passau,1
OliverHuttinger,1
BA_Xhain,1
Felix_Weisbrich:,1
dirkvoges:,1
JohannGruen,1
ChristophBauer,1
dempawels,1
yuwasheu,1
cdm231l,1
bundesalex,1
AxsSierab5,1
DrPuerner,1
Doc_57,1
olaf_brandt,1
ChPeter_AT,1
jabwee,1
Jopolkadot,1
NickHeubeck,1
lociii,1
dkohler86,1
Pasixx,1
HHumorlos,1
anoniom1,1
Andreas58113202,1
NKaetzler,1
HrDingsMitHund,1
FietesPapa,1
INFARM_Global,1
ALDINord_Presse,1
JonathanRaschke,1
phoerious,1
dandy_beau,1
MenzelZEL,1
smart_worldwide,1
Aelv12,1
TW_Ploetz,1
augusdom,1
Asprintio,1
EvaStegen,1
Mikeschova,1
GoOertel,1
vieleckufo,1
ein_kleines_z,1
palura_panda,1
EcotapBV,1
Fabulous_Filou,1
VeloWiki,1
teqqyde,1
GELSENWASSER_AG,1
Thomas_Lambeck,1
Saendralein,1
rwolupo,1
Christi59380123,1
BleuEnzian,1
bauchhaus,1
miaumiau1975,1
Sunshin10843216,1
pawu76,1
wemag_ag,1
Pfantomaus,1
quotlix,1
Europarl_EN,1
elektromobilist,1
WAZ_Redaktion,1
Mama_arbeitet,1
RwRednuloh,1
alder_sachse,1
GuntherRuther,1
chrismarquardt,1
StadtwerkeDO,1
StawagAachen,1
WPasch2,1
cmenschel,1
DerNamenvolle,1
Lvt,1
Angelika55R,1
DrHallinger_vet,1
Minatrixx,1
PeterPfaffinge1,1
tagblatt_ch,1
CnEVPost,1
edison__yu,1
grunliberale,1
glpTG,1
pvmagazine_de,1
Schulzki15,1
RueeggThurgau,1
marcspecht,1
magnus8513,1
pikadad0815,1
audio_phil_e,1
wzwuppertal,1
Wuppertal,1
pwalowski,1
Rrehtla1,1
jonno_3,1
minimarie12,1
VengeanceDE,1
blackboxpost2,1
scherzmut,1
jonasfranzDE,1
baldy_daniel,1
ranke09,1
SophieLampl,1
simack___,1
BgmLudwig,1
GreenpeaceAT,1
SystemChangeAT,1
XRebellionAT,1
ViennaForFuture,1
HirschstettenR,1
Lidl,1
nextbike,1
RF70469,1
BalkanJames,1
wobe,1
PiaPanda96,1
squirrelpics1,1
"SteffiLemke,",1
rammc,1
wholzgruber,1
ShawnStein20,1
Timotion,1
Grownz,1
SpaceX,1
JonzTom,1
Sasa63957285,1
popupanna,1
MarMas90,1
PeacefulRevolu4,1
AmygdalaXr,1
kartoffmel,1
leyrer,1
RemiCrameri,1
CDUBremen,1
mattiasnutt,1
YeOne_Rhie,1
woproschalek,1
SaschaM76,1
jimraynor99,1
CFLE79,1
m_stoer,1
Markus93511276,1
EarlyTwix,1
DikeNemesis,1
ArnoGottschalk,1
jenseckhoff,1
autofreiberlin,1
CarbonWaechter,1
KlimalisteB,1
oli_polit,1
KS_MdL,1
ewz_energie:,1
MietTesla,1
stimmeonline,1
rckmrktng,1
FelixHeine,1
FlowinBeatz,1
alterfrizz,1
wiebkewinter,1
tmdq,1
ExtremJulius,1
hansNeumann99,1
renatomitra,1
Alexandra1905,1
exxpressat,1
saimen54,1
SZ_Politik,1
9Lukas5,1
kaschenke,1
Margug,1
dscharpfMD,1
doc_ecmo,1
AudiOfficial?,1
Schanuf,1
FrauKefke,1
knappi_l,1
der_kuckuck,1
Jayladyja,1
Personalwesen,1
polizeiNB,1
chepONx83,1
fabiandoehla,1
TPSchop,1
heikjack,1
lichtlauschen,1
polizei_nrw_me,1
LaktoseIgnoranz,1
BMW-Chef,1
Sonnerl1967,1
Juergen_Leicht,1
HyperiorMedia,1
BinoLPG,1
"swb_online,",1
Akyra_Fox,1
radpropaganda,1
"bremen_de,",1
Ruthkaeppchen,1
NetzeBW.,1
BMWi,1
Buerolist,1
SBetschinger,1
mpalkowitsch,1
AccentureDACH,1
Airbus,1
BlaufussMakrele,1
IronieAlles,1
hp1verweigerer,1
The_Sighthound,1
NicolasSustr,1
nocberry,1
maithi_nk,1
ZDFneo,1
tomalo_de,1
mystayabroad,1
groemuc,1
gandi80,1
3_mann,1
Deal2Happy,1
PaulaHesele,1
typneun,1
BoedefeId,1
4x01071,1
SimonHartmut,1
Nikolaus_Torun,1
HenrietteReker,1
tealowkay,1
Hawk40000,1
netfeder,1
Thomas_Neisius,1
DrpdrN,1
fettiz,1
sbrinkmann,1
L_B_R_1,1
JackTheQuila,1
MeineWVV,1
Autoflotte,1
ErikMarquardt,1
keineah83803444,1
Blue1337Blood@chaos.social,1
Frau_Sturmflut,1
nomisum,1
e2dot7182818284,1
mark_markimark,1
al_x_mq,1
luca,1
bovenkamptim,1
Lasse_2006,1
pffuzzi,1
AtzlerHeidi,1
JoachimAmann,1
V1887Vd,1
docugraf,1
luckycat12,1
IvanHajduk10,1
locked,1
NDRsh,1
Paulalelu,1
tre_bol,1
DrRealitat,1
markusmulterer,1
AlbertAichinger,1
deralte_hase,1
DeRadar,1
Tom84White,1
KWKL10,1
KenzoVandagg,1
the_mysirius,1
Scharni,1
ForchheimNord,1
OBehindertenrat,1
TomAs91954936,1
StadtMuenchen.,1
Gurpitscheck1,1
Mira89299590,1
DieDingsi,1
IVECO:,1
FelixSchlang,1
ToniHofreiter,1
CornelisStef,1
daniel_rieger,1
UrsMaier,1
ralfgoesswein,1
BMAS_Bund,1
a12_tilli,1
DBSV,1
hubject,1
SocksQueen,1
migrol‘s,1
drbrandner,1
Partisani5,1
SaschaSebastian,1
aalkonsum,1
Green_Kactus,1
MechScene,1
maggos_for_Teen,1
TristanVeith,1
danielefrijia,1
hallojulia,1
bjoernziemen,1
leicht_u_sinnig,1
Daymaker0815,1
dergorg,1
Bayernwerk,1
datenhalde,1
Sam_Liban,1
Pfalzwerke,1
LabuschMarkus,1
danieldjan87,1
Zeitich,1
best_benjamin,1
felixsschulz,1
dergazetteur,1
ASUE_eV,1
JungNaiv,1
dddd45613303,1
FVBiogas,1
schulzeeuropa,1
IGMetall,1
TimmermansEU,1
paymentbanking,1
jochensiegert,1
krmbltn,1
BjBerry00,1
HolgerWolff3,1
nojetlag,1
_the_guitarman_,1
kiwonka,1
ABBelec,1
Johannes_8020,1
DennisSchlmyr,1
TspCheckpoint,1
SchwanderMurphy,1
TspBackgroundDi,1
Strassen_f_alle,1
FloKo03399087,1
BearingPoint_de,1
plaetzchen,1
GEELUBEBErs,1
Martin87325975,1
Drafi030,1
UJF_tweet,1
TUDarmstadt,1
michl_albrt,1
MikiMaur,1
DAS_OSSI,1
griefahn,1
en2x_eV,1
intschu,1
radentscheidBO,1
chrismeissner,1
WAZ_Bochum,1
Anja_E_DUS,1
marcoIsantos,1
stefan_pandur,1
UniklinikDUS,1
antenne,1
JuttaMaier,1
civey_de,1
Varanasi_swiss,1
LarsLaussat,1
GiselaSengl,1
EON_de-#Ladesäule,1
EnHiNET,1
fahrradmensch,1
pasple,1
kanton_bern,1
"kanton_bern,",1
svenkubiak,1
ChBoelling,1
TMuellerDouglas,1
CatKrapp,1
coronawarnapp,1
Strom_Im_Tank,1
PimpYourMac,1
KButtinger,1
AutomobiliRimac,1
0Nikolina4,1
JungeLiberale,1
trollpunk69,1
DiHeler,1
einfachnurZwerg,1
AHildebrandt70,1
larsReimann2,1
pschay,1
beimerin,1
transformatik,1
WielandVolker,1
APeichl,1
Dkeeper78,1
JFKonstanz,1
Jabba0718,1
keksznet,1
roving_master,1
"badenovaAG,",1
memories2019_12,1
der_2taccount,1
Marc_M00,1
RolandsonStali,1
mkiewel,1
ExilSchorfheide,1
GreenMachine44H,1
grundeigentuem1,1
Helge,1
akirabutterfly,1
nakaori,1
tuessl,1
pflegedissens,1
THWLeitung,1
BFMuenchen,1
monomachak,1
OmaPsch,1
Astrogator14,1
Tini68274439,1
HerbertFechner,1
realPalpatine1,1
fuzzilogic99,1
DerTheooo,1
almankaninchen,1
dimetrodon109,1
AugustTiner,1
Georg_Maes,1
fraujoller,1
craty,1
marcogineer,1
Ricky28346066,1
CryptoBase16,1
der_versuch,1
Borgziege,1
elebrir,1
ElJiden,1
umwomukum,1
Yohanna_xyz,1
Klaus_Phil,1
clscholz,1
HeinrichZweite,1
Momnbccxy,1
KonserveHendrik,1
BcPoldi,1
Linuzifer,1
cubnet,1
KaiRueckert,1
Friedricks7,1
topbusiness13,1
DerPoppe,1
ElovY_,1
fahrverbot_info,1
"VolvoCarPR_DE,",1
janvesp,1
HansestadtStd,1
Bankenretter_EU,1
piloly,1
johk95,1
StefStef3,1
DudeReicher,1
_noelamac_,1
plugshare,1
S1986Chris,1
loli_isis,1
mark_otten,1
vowe,1
VerwDirektor,1
patric_ohne_k,1
Tentakelkaiser,1
HendrikB_,1
LittleNika1,1
SSGN729,1
mux_tux,1
InOrbit11,1
TheClimateHoax1,1
mthie,1
PotatoePet,1
Bethke_WWF,1
DemiurgDer,1
Ruediger_Krause​s,1
twatschi,1
Hoeze2,1
IngoNitko,1
Nakiface,1
Drowhunter,1
Orgelkurt1,1
katzenklo_DE,1
peter_srt8,1
berndlicht1,1
Rosinnjo,1
GPofficial111,1
hjoest,1
FAZ_Politik,1
seahawk_71,1
Ron_Chitis,1
tuxbooster,1
FaulerZauber1,1
belobregovic,1
Stokstaartje812,1
Sarkasmussensor,1
Katzenpunk42,1
vogt_tobi,1
Beatrix_vStorch,1
Wir_sind_Volker,1
FalkenSchwer,1
glptbollinger,1
Basti72856677,1
UUlrichsen,1
FabioDeMasi,1
Angriffsmacht,1
itmkoeln,1
Benjo1039,1
brandsatzbodo,1
SchoBiz,1
marzipanmoehre,1
Brummelbr1,1
beckersstef,1
Springstulle,1
StaiyLIVE,1
FCBayern,1
Toni_LehmannTL,1
Koxi73,1
TimeReisender,1
ThoschIsHere,1
fquednau,1
tantegreta1,1
Earther87,1
Neusser,1
st3fan_de,1
wellenzwerg,1
MatthiasGroeber,1
Real_Eecast,1
JuraSegretario,1
sonomotors,1
2jas,1
sky_11_07,1
die_zahl_42,1
s_ketamin,1
UlkDer,1
vorortanleiter,1
Horrifior,1
MimiGrimminnell,1
fyliku2006,1
tina_trautmann,1
bergdame,1
Maxi200997,1
schmiddi1077,1
panzerschoko,1
Nissan,1
dreckfressernet,1
sz,1
cv42ac,1
p_linke,1
laemmerbiss,1
"wirfuerhier,",1
shoutingcassy,1
RN_DORTMUND,1
P3chv0gel,1
Arnd_Diringer,1
bitlexsa,1
_moevenpick,1
Mave_Maverick_,1
LudaLisl,1
RainerDederichs,1
Nord_Mann,1
LIZ_de,1
amtee604,1
mkuehner77,1
superchemist13,1
sebigeb,1
johannesboie,1
vilimsky,1
tron_80,1
NetNhark,1
seifert34,1
shh_de,1
Taurec42,1
magnetic_cement,1
IsmailErtug,1
jasmine_lexa,1
das_louie,1
rstein,1
iamspindle,1
johannesvogel,1
RND_de,1
capotuttticapi,1
lk_weyergraf,1
Rob_Erth,1
112hoshi,1
cxtuveri,1
GodmotherAtWork,1
Geniusiel,1
mikeryko1,1
pfotenhauer,1
NorbertBolz,1
HilliKnixibix,1
rufuspopufus,1
kallenje,1
Daniel_M_Anton,1
ZauberhaftW,1
tgrueninger,1
EnduMan,1
Magggus,1
pbruegger,1
DEHNprotects,1
Siru_Per,1
DanEi75,1
"basz_berlin,",1
EricE2017,1
JKasek,1
AnikaK46696813,1
smartiiboi,1
AnaLeGrande1,1
faaigoa,1
Flo_Rian,1
VWReplacement,1
wirklichewelt,1
coolservativ,1
343max,1
goerke_c,1
ChibiZerberus,1
tonirudolf,1
roman072016,1
thedj71,1
GegenRechts4,1
eg_rocker,1
Doblerin,1
loeffl_oliver,1
mkerler,1
ahw71,1
Rettungssanitt1,1
heartcrazed,1
TobiasKreuzer4,1
RArnsburg,1
ZetalFabian,1
rd3lta,1
Matze_Bob,1
SvenUckermann,1
PaulaPiechotta,1
jstammi,1
whyvern,1
LudgerWess,1
vrijbuiter_jcs,1
moorfuss,1
Teconeroga,1
DK3KM,1
d_scho,1
MastercardDE,1
_BK_says,1
Visa_DE,1
stephsunshine13,1
Dummokratie,1
ReginaSchmid7,1
CarFreiTag,1
tb_bier,1
vielhaber_petra,1
btux69,1
Tremonius_de,1
CKatzur,1
annaesch1,1
MPurrio,1
waldenmonk,1
1Summertime2,1
Mupfmama,1
Chickenwing64,1
Menon9767,1
GeleeJean,1
nurdermarcus,1
roman2838,1
hazelbrugger,1
obiwan666,1
DeutscheWelle,1
StefanM20326975,1
LisaDen17885769,1
ReneTene,1
AfD_LSA,1
m_jendrischik,1
mitWorte,1
Uni_Stuttgart,1
Frederi04925689,1
StocklPatrick,1
WaldaHood,1
mochiavelo,1
electrifiedwome,1
arniekroeger,1
DBloghaus,1
FrankWunderli13,1
philipp_ebel,1
appgefahren,1
Scoti17,1
LEGO_Group,1
C_Pohlmann,1
MartinJende,1
konradMD,1
i_iangg,1
stadtmobilev,1
marhei,1
FLER,1
herrenloserHund,1
uransoft,1
"RegierungBW,",1
MovieFlollector,1
graefin_g,1
alex65224270,1
Twitkon1,1
cmueller80,1
renitenterRonny,1
_DCF_,1
SiemensMobility,1
FWiedemeier,1
_mimibri_,1
yves4911,1
NoirVox,1
datgmbh,1
profbodden,1
FinkeKathrin,1
Marvin_b2,1
Strothi1,1
Ti_Gli,1
Nixwis1,1
Pritor,1
Milten85,1
SvenPusswald,1
trishohara,1
funbaker,1
dragi_mario,1
42oderwas,1
WurmMiss,1
realStephan79,1
Tori97832288,1
dare_dems,1
ihastwitta,1
stefan_w19,1
ArntJosef,1
d_taggert,1
MeinGlycksfuss,1
jetztdochau,1
Piratenpartei,1
Mainfrezzer,1
rezomusik,1
moritur_et_ride,1
akatztwit,1
BSteuerzahler,1
Holger_Nehring,1
CarloMasala1,1
KaPri11782464,1
DerAkte,1
weareontrack,1
sohrab21,1
blackdaydream,1
YviBlue__,1
nicnowak,1
Trollwiesentro1,1
bjarnerugbr,1
Brotiger17,1
SGateD,1
berlinerwoche,1
basz_berlin,1
NextLifter,1
jonasjoelk,1
RegBerlin,1
RathsRalf,1
Drosera68576595,1
HB00261469,1
AufPhd,1
Skyrgamur,1
gebinger01,1
SchwabeVoll,1
Christoph_Br98,1
Sam__Neill,1
ShobbShobb,1
Fragender3,1
christianmutter,1
allianz_de,1
polarsteps!,1
Sven19752,1
tatentschluss,1
DerriKamu,1
Tradefair6,1
eGovBonn,1
tranxxxer,1
bitsundso,1
AxelKamann,1
xtraa,1
jazzbourne,1
makjaveli,1
Paddy_schmaedy,1
drecksuser,1
realBHGTV,1
Stadt_BRB,1
VictorMahdiae,1
xintegrate,1
TIMETOACTGROUP,1
Davideus88,1
HendrikKafsack,1
SkyZ303,1
MissingMarple,1
kadett11,1
ADegelmann,1
dynamo1955,1
JacksOnF1re,1
PA_HarryP,1
BZ_NachtFloh,1
Der_Dutschi,1
indigospizza1,1
VollhonkI,1
BarlagLeonard,1
BlakeDonovan7,1
h_eg,1
Emmanzipation,1
cd_etc,1
dgfeist,1
0xa000,1
NathanPCharles,1
EngelGert,1
urstands2sprung,1
AbteilungArchie,1
elgert_0211,1
bruddelei,1
Daver_eiss,1
marvinpoo,1
LogistikExpres1,1
MercedesBenz_DE?,1
UlrHenn,1
christoph_CDU,1
VivaParess,1
paulger11,1
Rumack69,1
BukowskisNephew,1
EickeTarkus,1
HolocaustRef,1
FeuerruepelLP,1
WahnSager,1
TheodorHeinric4,1
Procyon25,1
batcat251,1
WwolfeDE2021,1
mjm19761,1
katiaabcd1,1
AhmedVoglar,1
rumornort,1
leRaffl,1
pidays,1
lenavandijk,1
BerdSalz,1
Stephja3,1
jakobblasel,1
gruene_jugend,1
MarieAndTheSea,1
AGreenMind1,1
reni_resi,1
re_alCapone,1
OlafGersemann,1
brandsatz23,1
Haberling,1
waswievielewer,1
otzenpunk,1
modgamers,1
Jukischx64,1
Kerstin3030,1
"ABaerbock,die",1
the202er,1
HAZElmshorn,1
schweijk,1
buntewelt1966,1
MarkPrecht,1
Gerard17120984,1
HannesJaenicke,1
Jimi_Eiscreme,1
dominikwind,1
JensHar3,1
AthleticsFuture,1
OlaKaellenius,1
Ladefuchs,1
PapaMittendrin,1
QwelloCharge:,1
"RenaultDE,",1
Clemens_Rostock,1
zfescht,1
markuskoehler,1
hjs31217944,1
BoschGlobal,1
BMW.,1
DieBajuwaren,1
WeiseKai,1
se38,1
myfairjulia,1
vlogmacher,1
Bananaz30970215,1
JoergRupp,1
Hellinvernel,1
ronzheimer,1
OliverFranke10,1
haspro1,1
CHogenbogen,1
xwolf,1
lifereport,1
MM_Fakt,1
datenkrakee,1
19torti85,1
gicklbyte,1
BaumbergOwl,1
Andreas20778147,1
danielmack,1
DSGV-Vorstand,1
realMaxMeier_2,1
AlmanArabica,1
SchmittJunior,1
PwC,1
cosenagon,1
WolfgangSeim,1
NervNichTwitte,1
SimonDickopf,1
AndreasMichel71,1
robert_fietzke,1
KonstantinKuhle,1
Marco8Meier,1
norberthaering,1
zen_garten,1
leseerlaubnis,1
solundaik,1
NABU_de,1
Winterrav3n,1
Mure77,1
desantnik9191,1
FlixiFix49,1
wahlborn,1
AliCologne,1
Saphira3111,1
SGohsrich,1
BastiSchmiddi86,1
xeniaengel2020,1
tobwen,1
AnniHuber,1
Jen07580751,1
DrFloSteiner,1
FanofPython,1
PSHolstein,1
frauasha,1
motikat,1
TLiewald,1
smbraun,1
flim_nl,1
Meerkatze19,1
Streete19905982,1
frofolederer,1
Zoon_Polit_icon,1
ÖAMTC,1
obkorr,1
AhEfKaStiefel,1
_toertchen,1
theoneandbodi,1
Labor2b,1
jobuartist,1
gullixo,1
53raver,1
rEjexx_FPS,1
eingemaischt,1
Shinnodar,1
shadenfreu_de,1
ntv,1
AkinUenal79,1
patrislav,1
Erbster99,1
dirk_kalmbach,1
ichderHobbit,1
Shania20204,1
grandmaster_pip,1
DFoest,1
MartGuenzel,1
J_Todenhoefer,1
v_g_fischer,1
RainerRomer,1
PrOTeUS_Carsten,1
olemax,1
the_smarter_E,1
LeezenMatt1,1
Marinus1208,1
zurich_de.,1
RTreublatt,1
SaarowElectric,1
JulianJanssen04,1
maik_simPSon,1
YannikSechi,1
Kevalonen,1
jungfelix,1
Oxonitsch,1
hstubner,1
ullisima,1
LPDWien,1
IAAmobility,1
gnillih67,1
DebitorLP,1
JoeMontana99,1
robinvonrobintv,1
H_Jennessen,1
moebelhesse,1
PEARLGmbH,1
franz_rother,1
mcl_klicky,1
NoUser1805,1
querdenkenwatch,1
Benny_H_0,1
ohuber_,1
P4rley,1
SirNollibat,1
HomerSi40932565,1
lughjs,1
hewner82,1
Athesis,1
Martin68012125,1
tuevverband,1
ronymahony,1
MasterJam0,1
ManuelSchuste11,1
JuttaPaulusRLP,1
NaturwaldAk,1
CopernicusEU,1
iNile09,1
realkevoconner,1
Sh43l,1
ndrmv,1
MirkoWachsmuth,1
JrgenKlein18,1
prenzlix,1
erpunktbepunkt,1
Blumi147,1
GLSgiroe,1
paekhh,1
Paige30910612,1
AnnKristin_S_,1
Elwood091,1
alex_aus_ulm,1
orbdex,1
karlschubo,1
JoergSobottka,1
milktoast23,1
Struppilu,1
ruolbu,1
elmattes,1
sencation1,1
towo,1
FestFlauschig,1
schlangentempel,1
Cem_Bulut_,1
ZealousRanter,1
BorisNMoellers,1
SawsanChebli,1
Bundesrat,1
5v3n1,1
ATausNRW,1
MannheimCurtis,1
Kall90384061,1
b_rene4,1
db11fs,1
falkduebbert,1
annamana_,1
leoliberalismus,1
taxi_heute,1
IWB_Basel,1
Carboom47,1
_Pa_Ko,1
hinrich7,1
_paulwetzel,1
_solsken,1
Kalle75291704,1
fiorano1,1
MSckr1971,1
LVZ,1
Berlin_Ticker,1
Brenmann_de,1
mqdoodle,1
FranzJohn1900,1
Ceetok,1
ElisabethHerz15,1
ArminPh,1
olheym,1
KMerzenich,1
"die_dk_de,",1
dpa:,1
jonas_109_,1
JochenDominicus,1
ITbagJu,1
der_Pimon,1
Geek1elf,1
Menschlein3,1
Schafkopfpokal2,1
RAProchnow,1
alx42,1
grumpy_copilot,1
Zelgomat,1
Ishtar88678339,1
geekish7,1
alios,1
gangster_micky,1
paultemple_he,1
BVRPresse,1
ronja13s,1
staedtetag,1
DLTonline,1
Netzbetreiber,1
voeb_banken,1
negteit,1
Viciii___,1
JochenBittner,1
FriederikeKrick,1
FreshestTed,1
hairy_neck,1
G2Pana,1
uniwave,1
AnneFBerry1,1
REALxYoshiLP,1
juhoerndlein,1
RikeWaldfee,1
Sgt_H4rtman,1
MarinaHR90,1
CassiopeiaKnits,1
Schmierer14,1
Tobias_Kisling,1
FunkeBerlin,1
SabineBangert,1
healfra,1
Marcus_aus_MD,1
SecretCoAuthor,1
Reto_Zumbuehl,1
norbertruecker,1
dr_larcher,1
sudi1007,1
MittelstandDigi,1
Herbert_Diess?,1
jens_tartler,1
idereinzige,1
bergwanderer,1
KernNiko,1
uninformedelde1,1
KristinaFassler,1
KommtDraufAn2,1
DonnyJepp4,1
rabu0049,1
KnutOgris,1
WolfgangFrittum,1
SebblzZ,1
JVoltersen,1
MrsMarryPoppins,1
derGrazer,1
Bitting,1
OlafKortluke,1
Klaus_Bernhard,1
TAOnline,1
FWWinterberg,1
Oralapostel86,1
deLinhuberin,1
Slytzel,1
RyHoRuK,1
oida_grantler,1
Gehvoran,1
LHapschi,1
MathiasPriebe,1
tcharge,1
ctschoerner,1
keinnamenix,1
what_the_hack,1
TorstenLeonhard,1
ChrDorner,1
PacesPeter,1
Brynhilda,1
footils,1
GreatBigSea1,1
jan_moras,1
KT_Neumann,1
DanNJ2834,1
efi_essen,1
21Soeren,1
RechtKuehn,1
feldmann_uster,1
michaelbaumer,1
Koelschejung26,1
I_am_Yazzi,1
Kabal__81,1
NoisesRed,1
edson_pipo,1
lgbeutin,1
Ben_Pfluger,1
Twitter,1
ernstwilhelm68,1
Melodie19041,1
HokKeinInder,1
FrauBausM,1
georgloesel,1
Patrik1904,1
leoll1234,1
raumgreifend,1
drosendorf,1
TOLLABEA,1
monoxyd,1
tkaushro,1
jooobi,1
Barbara_Schnell,1
Grimgorc,1
marion_birgit,1
foes_news,1
MarcusSebelin,1
buzze,1
kinettehuber,1
DailyTalk,1
bruintje_debeer,1
Jonas_Lomp,1
MatzelusM,1
urbandigitalDE,1
VolkerUllrich,1
Stefanswelt,1
Krger77682308,1
ManuelaSchwesig,1
spd,1
Vincent_KYDE,1
pazzoreale,1
csu_bt,1
festival4future,1
konst1889,1
hochitom,1
danimrich,1
Randy54003032,1
emobility,1
northalpha,1
Sunjiisan,1
haschi53,1
andreasfrey5,1
h10_o2,1
GerhardKeller7,1
STRABAG_SE,1
LichtblauQ,1
seelenstein1981,1
chiefler,1
hek_1337,1
lisapaus,1
MadchenSchatten,1
lastenradtest,1
GrueneFraktionB,1
fussverkehr_de,1
tierscooters,1
Calenberger,1
TeslaGermany_,1
goodguy_steven,1
deko_peti,1
deneidels,1
1lStartkaffee,1
TanjaWawuschel,1
trullateee,1
Wanheda_I,1
MeineMe53821610,1
ThomasGarching,1
konst1989,1
bamboo_ish,1
MarlonGollnisch,1
Alien2Heaven,1
Studierendenfu,1
scc94s,1
MaxiReimers,1
CduMainz,1
AlSzczes,1
RARieck,1
ThoPennell,1
joergw,1
Lotte45079601,1
reneheesen,1
ChrisTheisen,1
gruenenrw,1
goingelectricde,1
friiyo,1
sedlmayr_armin,1
SirTificate,1
hank_de_moody,1
AlexisTaga,1
MarcelS54115278,1
Razzifazzi,1
giesion,1
Automobilwoche,1
ich_knopf,1
Darkfloppy1,1
Kar0ne,1
K3tt3nf3tt,1
OxKing,1
Skybreaker_OWL,1
SiegburgErleben,1
MelsGedanken,1
JuliaKrohmer,1
MarcKarl6,1
digipxls,1
LovemyKiwi1,1
Die_Gruenen?,1
ThisLumpenjunge,1
neukoelln44,1
artep21,1
2teGuy1,1
ephraim_ki,1
nuclearpostman,1
G4m3Division,1
marco_tralles,1
morischus,1
NdsLandesReg,1
gabonn,1
polizei_nrw_bn,1
JanzMjanz76,1
ulrics3,1
DrRedPillerson,1
vertig0nix,1
SepPietsmiet,1
toko,1
TheoKoll,1
c3cmos,1
mobileeee_fra,1
Doppellhelix,1
Ingo03774613,1
fpd,1
bundeswehrInfo,1
fischchristian,1
Astro__Sven,1
bugspilot,1
wirfuerhier,1
sigismundf,1
ElectriveNet:,1
Peter50882349,1
AdemKilincsoy,1
der1000Sascha,1
iheartfrankfurt,1
Sparkboy5010,1
Orschwerplede,1
Spiro0815,1
KuehniKev,1
huluvu,1
MoebusAnne,1
Pe_Kast,1
Sayuchen_x3,1
malueberlegen1,1
AlgaRata,1
Type0positive1,1
EU__Timothy,1
_dei_mutti_,1
einxeins,1
EnelXItalia,1
AllegoCharging.,1
pittipoeh,1
bkarnikowski,1
oscarmachtmiau,1
Leaving_Orbit,1
DrBimi,1
rrho,1
uds2019,1
Poveretto,1
