﻿documents,topic,code
"@kkklawitter @eggmarkus @sepp_reitberger einzige, was mich ladesäule stört, ist tarnfarbe grau. muss signalfarben lackiert sein. vielleicht noch ein rotes led oben nachts. damit nachts keine besoffenen e-scooter fahrer:innen dagegen fahren. aber machen auch nur einmal.",1,other
"@chris_pyak @jrehborn @herrphteven dazu noch ne monatskarte, damit ich ladesäule auch nach hause komme.",1,charging station location
"@mingiam10 @kkklawitter mein punkt ist ja parkraum ladeinfrastruktur ist da ""mit dran"". quartiersparkhäuser sollten nicht nur ein großstadt-ding sein. auch kleinstädten (und ich komme aus einer 18k einwohner stadt) leiden menschen unter zugestelltem lebensraum.",1,charging station location
"@kkklawitter @mingiam10 @dergraslutscher noch mal: wo gibt ladesäulen, rollstuhlfahrer blockieren? werden hier ängste ein nicht existierendes problem geschürt? wenn gäbe: wer genehmigt das? man kann ja eine ladesäule nicht so einfach irgendwo hinstellen.",1,charging station location
"@kkklawitter ladeinfrastruktur braucht echte lösungen. ist eine chance, nach möglichkeiten suchen, mehrere herausforderungen anpacken ?",1,other
"@derdienstreiser @die20er_innen @kkklawitter wenn platzbedarf ladesäule autos (!)- wie sie sagen - überschaubar ist, warum wird dann dieses bisschen platz nicht 'autofläche' weggenommen?",1,charging station location
"@verkehrswendeb2 @kkklawitter aber wir müssen me weg davon, dass jeder anspruch hat stadt mit seinem eigenen auto bis 20m vor sein ziel rollen dann genau dort sowohl platz als auch ladeinfrastruktur zur verfügung gestellt bekommt.",1,charging station location
"@raini68 @kkklawitter ich finde wäre ja eine chance autos endlich mal zentral gesammelt parken als sie überall gegend rumstehen haben indem man ladeparkplätze oder parkhäuser baut, statt neben jeder parkmöglichkeit am gehweg noch eine ladesäule aufstellt.",1,charging station location
"@dergraslutscher @kkklawitter autos haben innenstädten nichts suchen, daher werden dort auch keine öffentlichen ladestationen benötigt. wer unbedingt mit auto fahren will, kann gerne am stadtrand einem parkhaus mit ladeinfrastruktur parken.",1,charging station location
"@derneunte @kkklawitter eigentlich ist nicht versenkung, sondern e-fahrer nimmt seine ladesäule mit steckt sie boden. imo eine sehr gute lösung, da normal weniger hindernis.",1,potential solution
"@luisamneubauer ach ja: wenn mir jetzt noch jemand geld, zinsfrei, ein e-auto, wärmepumpe etc. ladeinfrastruktur im landschaftsschutzgebiet gibt, mache ich auch …",1,other
"gäbe endlich ""fairen preislichen"" ausgleich anderen e-automarken - bleibt noch spezialzügli tesla eigenen ladeinfrastruktur knacken zur vollen gleichberechtigten nutzung alle klassen rassen....?? ob tesla gefallen würde - wohl eher kaum!!! https://t.co/gkf2u5qrtg",1,other
"@mikenolte_de @kkklawitter je weniger eine ladesäule kostet, desto egaler ist das. vom kunden her gedacht: ich hätte tatsächlich lieber total viele 3,7kw-ladeanschlüsse, wo ich über nacht laden kann, als wenige schnelle, wo ich nach wenigen stunden weg muss.",1,potential solution
@kkklawitter @doktorino82 ich würde mal meinen ein parkhaus nimmt mehr raum anspruch als so eine ladesäule. aber ist nur eine frage ob man e-mobilität breite bringen will oder nicht. oder ob man verbrenner verbietet mobilität zum luxusgut macht.,1,charging station location
"@joschtl @kkklawitter je schneller ladesäule liefert, desto mehr kann pro kunde verdient werden. ökostrom zahle ich derzeit 0,25 €/kwh bei aldi/123energie gehe davon aus, dass solche preise auch ladesäulen möglich sein werden, wenn’s irgendwann kostenpflichtig wird.",1,other
"@kkklawitter @joanadiskurs ich lege nochmal 300 € jahr drauf, wenn ich einen fixen stellplatz vor meiner wohnung zugewiesen bekomme. am liebsten unkündbar 30 jahre. dann lohnt sich auch meine eigen ladesäule aufstellen lassen. super idee. danke!",1,charging station location
@mitzi62042431 @krauthofen @ulimolter @atlanticandme also ich würde jetzt auch 2h tanke stehen wollen. mieter großstädten ohne eigenes grundstück ideal. ob da jetzt ne straßenkarte steht oder so ne ladesäule... bei nichtgebrauch im boden versenkt. sind übrigens auch noch nachts beleuchtet.,1,charging station location
"@kkklawitter schwierig, idee sich ist cool, aber warum wird jetzt erwartet, dass man sein auto überall laden/tanken kann? auch bei meinem arbeitgeber wird jetzt eine ladesäule verlangt, bisher gab keine diesel/benzin-säule was passiert wenn mehr wasserstoff-autos kommen?",1,other
"man kann super ladeinfrastruktur tiefgaragen, parkhäusern, nebst #mobilityhubs, auf supermarkt-parkplätzen etc auch manchem fahrbahnrand errichten. nur halt nicht einfach kompletten straßenzügen innenstadt. https://t.co/yr9w8aub7o",1,charging station location
@haiikun wieso parken vor ladesäule ist doch richtig ?????? https://t.co/yg8d3ixg4d,1,other
"@davidch56889323 @kricke1905 subventionen lohnen sich nicht! was nützt d. meisten menschen ob sie einige tausend € rabatt o. kostenlose kredite e-fahrzeuge bekommen, wenn ladeinfrastruktur nicht vorhanden ist. politik will stumpf politischen willen aufzwingen ohne d. richtigen schritte initiieren",1,missing charging infrastructure
"@davidch56889323 @kricke1905 erst nur politik, dann erst wissenschaft funktioniert nicht! sieht man jetzt am e-auto! man hätte zuerst mit wissenschaftlern ingenieuren aufbau einer ladeinfrastruktur aufbauen müssen! dann hätte politik des e-auto viel besser durchsetzen können, reine 1/2",1,missing charging infrastructure
"@teslaclubat ich probier‘s diese woche beim @oeamtc klosterneuburg. ich war mal dort, scheinwerfer beim model 3 justieren: dass über display geht, war damals dort neu. aber @kralmarcella team taucht da ja toll mit e-auto-skills, ladeinfrastruktur, etc. update folgt …",1,other
"@bmarwell teilweise kann man bei stadt oder lokalen energieversorger beantragen, eine öffentliche ladesäule nähe zur wohnung installieren. vielleicht mal schauen, welcher anbieter im ort schon ladesäulen aufgebaut hat dort mal fragen.",1,charging station location
wird mein account jetzt auf strombetrieb umgestellt brauche ich dafür eine ladesäule? ??#twitter #elonmusk,1,other
nirgends ne ladesäule aber auf'm akku klebt ein gütesiegel. #umweltengel,1,missing charging infrastructure
@schupunkt @kkklawitter man kann ne ladesäule aber auch zwischen parkplätze auf fahrbahn bauen.,1,charging station location
wer ladeinfrastruktur auf gehweg installiert wird vom blitz beim scheißen getroffen! #elektromobilität #verkehrswende #eauto #autokorrektur @bmwk,1,charging station location
so sieht ladeinfrastruktur zukunft aus. damit nimmt man auch #laternenparker wieder mit ins boot! #elektromobilität https://t.co/nuxgigbgsu,1,potential solution
@nikitheblogger was passiert wohl wenn elon musk twitter auf elektroantrieb umstellt? gibt dann free speech jeder link(isch)en ladesäule? #elonmuskbuytwitter,1,other
"@ropietsch @yeaccount1 @radiermann genau, wenn ladesäule im boden ist stellt sich da bestimmt keiner drauf ??",1,charging station location
"@djsmokey_z geht halt nicht immer. aber ist halt meinung, dass wir geld statt ladeinfrastruktur steck lieber öpnv stecken sollen. ich finde ist quatsch eine gegen andere auszuspielen. ging um ac ladesäulen. sind halt echt nicht soo teuer.",1,missing charging infrastructure
@sternen__himmel aber #elektroauto darf immer noch gehasst werden! ich will meine ruhe ladesäule! ??,1,other
"wir zementieren parken im öffentlichen raum städte, zugestellt mit kraftfahrzeugen. denn eauto parkt nicht, lädt. auch @essen_ruhr denkt nicht zukunft, sondern stellt eifrig ladeinfrastruktur auf flächen auf, bislang menschen vorbehalten waren ??",1,charging station location
@derdienstreiser @die20er_innen @kkklawitter baumscheibe hätte aber einen mehrwert fusswegbenutzer. ladesäule nicht.,1,charging station location
@ki_in_med wenn du als ladesäule besser straße abgegrenzt bist als als radfahrer.,1,other
"@joschtl @kkklawitter aber ich glaube dir, wenn nächste öffentliche ladesäule so weit entfernt ist. gibt eine große studie kfw berechtigt kritisiert, dass ladeinfastruktur ineffizient gestaltet wurde.",1,missing charging infrastructure
@qualityofdeath @kkklawitter mir hause hab ich eine tankstelle 800 metern entfernung. nächste öffentliche ladesäule ist ca. 5 km weg – etwa 800 m hinter zweitnächsten tankstelle.,1,missing charging infrastructure
@lyllithb ab 500.000 ne ladesäule…,1,other
"@kkklawitter wir brauchen deutlich weniger parkraum, aber parkplätze dann noch gibt mit ladeinfrastruktur auszustatten finde ich sinnvoll. rund um mein haus sind viele ladesäulen, ich bisher als ??????? nicht als störend empfinde. gibt doch auch stromkästen, laternen etc.",1,charging station location
@moritzschwaa @mackel_eu @kkklawitter ich glaube du unterschätzt preise öpnv unterschätzt preis einer ac ladesäule.,1,other
#vw vereinheitlicht ladetarife volumenmarken. https://t.co/jcar26xgii #emobility #elektromobilität #ladeinfrastruktur #roaming https://t.co/22o4mnyh7v,1,charging cost
#vw vereinheitlicht ladetarife volumenmarken. https://t.co/8rujs7mpji #emobility #elektromobilität #ladeinfrastruktur #roaming https://t.co/paauweapyi,1,charging cost
"wer am @zrh_airport im #thecircle 11 kw einer stunde ladesäule #swisscharge laden möchte zahlt nebst parkgebühr mit @enbw 4.50 chf, @vwgroup #wechargego (2021) 6.30 chf beim betreiber @swisscharge_ch ganze 7.90 chf (mit 3 franken startgebühr eingerechnet)",1,charging cost
@ulimolter im ernst? ich finde umsetzung überragend... sonst gibt nächsten 100 jahre keine ausreichende ladeinfrastruktur,1,potential solution
"@kkklawitter @ptniswarcrmnl naja wenn gehweg breit genug ist? dann wirkt ladesäule wenigstens wie ein poller autos können nicht mehr auf sondern nur vor gehweg parken ??. aber ja, man sollte kritisch hinterfragen.",1,charging station location
"@kkklawitter dein punkt ist doch scheinbar garnicht laden, sondern generell auto stadt. liege ich richtig? strategie muss man doch vom ende her betrachten. autofreie stadt heißt konsequent auch gar keine ladeinfrastruktur autos bordsteinkante stadt.",1,charging station location
"@einrobert1 @larsfrohmueller @ottostadt dieses ding würde ja ermöglichen ladeinfrastruktur komplett parkflächen integrieren. denn solange geladen wird, stört adapter niemanden. selbst autofahrer*innen sonst alles umnieten. #srmd",1,charging station location
"diesem bild finde ich ladeinfrastruktur kleinste thema. mich stören überdimensionierte fahrzeuge, nicht ladestationen ????? https://t.co/hmsfszugmm",1,other
"@cixio ja, same here. ich hoffe nur, dass unsere verwaltung ein angebot steckdosen tiefgarage eingeholt hat bevor unser verbrenner kaputt geht. nächste auto sollte schon elektrisch sein. aber ohne ladesäule hause müsste ich tatsächlich nochmal schauen...",1,missing charging infrastructure
"@kkklawitter @helgethomas wenn wir unbedingt am individuellen auto festhalten wollen fußwegen radwegen runterbekommen wollen, brauchen wir große parkhäuser mit entsprechender ladeinfrastruktur eigens zweck, dass anwohner dort ihre fahrzeuge abstellen können.",1,charging station location
"@verkehrswendeb2 maßnahmen, überall funktionieren. insbesondere, wenn kleinteilig nur ein verkehrsmittel gedacht wird. auto-ladeinfrastruktur auf fußweg lehne ich allem fällen ab solange keine flächengerechtigkeit gibt.",1,charging station location
"@verkehrswendeb2 deshalb ladeinfrastruktur allen parkhäusern, tiefgaragen, auf supermarkt- arbeitgeber-parkplätzen. auch escooter pedelecs. aber nicht einfach undifferenziert fahrbahnrand plädieren. gilt viele vorhaben: gibt selten absolute, allgemeingültige",1,charging station location
"@kkklawitter dafür parken autos nicht mehr auf bürgersteig, weil sie dann ggf eine ladesäule blockieren abgeschleppt werden ¯\_(?)_/¯",1,other
"@ulimolter reicht aber nicht, konventionelle pkw verbieten ladeinfrastruktur aus öffentl. raum verbannen. diese abneigung hat ein paar jahre auf weg zur mobilitätswende gekostet, da sich wohnungsmieter keinen parkplatz im parkhaus leisten wollen/können, um laden.",1,missing charging infrastructure
@kkklawitter eine tankstelle mit ganzen gefahrgut usw. braucht einfach mehr platz als eine ladesäule neben einem stromkasten.,1,other
"@ptniswarcrmnl @optimis98160023 @kkklawitter niederlanden hat auch schon ein urteil gegeben, dass man ein parkknöllchen (95€) bekommen kann, wenn man ladesäule blockiert nachdem ladevorgang abgeschlossen ist. quelle (niederländisch): https://t.co/aue0y43axz",1,other
"@kkklawitter aber wo entstehen denn ladesäulen? hauptsächlich doch parkplätzen parkhäusern. kein anbieter wird irgendwo eine nebenstraße eine ladesäule stellen, lohnt sich kosten gar nicht.",1,charging station location
"verstehe diskussion nicht! wenn wir autos aus innenstädten raus haben wollen, warum wird dann über ladeinfrastruktur städten nachgedacht? sollte p&amp;r-plätze mit ladeinfrastruktur stadträndern geben. ich steige gern auf öffis um, wenn sie funktionieren! #autokorrektur https://t.co/k6ajz6skyg",1,charging station location
"@verkehrswendeb2 grundsätzlich theoretisch hast du recht. realen umsetzung jedoch kann ladeinfrastruktur parkplätze erhalten, weil budgets oder fördergelder reingeflossen sind. also sofern sie konkret infrage gestellt abgeschafft werden könnten. lies meinen thread.",1,other
"@bottlekeeper @ichdochnoch ist immer eine frage des fahrprofils. profil ist halt bei e- oder hybrid noch viel wichtiger beachten als bei nem verbrenner. sonst stehst irgendwann halt nur noch ladesäule, weil büchse mit kleinen akku nur 200km kommt.",1,other
@wikirogi stehe gerade ladesäule mit meinem neuen auto prokrastiniere.,1,other
@die20er_innen @kkklawitter bild wo wenig platz auf gehweg ist wurde ladeinfrastruktur auf bereich des parkplatz gesetzt. schilder hätte man tatsächlich als platzmarkierung auf asphalt machen können oder ladesäule selber anbringen können. da hat nur jmd. nicht nachgedacht.,1,charging station location
"@rudifussi wer nen suv stadt braucht, braucht wohl eher ne therapie als eine ladesäule,..",1,other
@ingoheinscher @140bpm @sixtus ladeinfrastruktur e-bikes andere elektrische fahrzeuge wäre dort auch super.,1,missing charging infrastructure
"@die20er_innen @kkklawitter auf ersten bild nimmt baumscheibe mehr platz vom gehweg weg als ladesäule. aber halteverbotsschilder hätten echt näher fahrbahn gesetzt werden können, da hat jemand nicht aufgepasst. platzbedarf ladesäulen finde ich überschaubar.",1,charging station location
"@rudifussi nein, sowas gehört überhaupt nicht öffentlichen raum, sondern private garagen oder parkflächen. mit ladeinfrastruktur gehen normalerweise langfristige verträge einher, eine sinnvollere nutzung dieser flächen auf jahre verunmöglichen.",1,charging station location
"@rudifussi e-auto ladeinfrastruktur nö: oh, du bist nicht im zentrum stadt, dann hast du pech gehabt.",1,missing charging infrastructure
"ist ja nett, aber: ladeinfrastruktur straßenfahrzeuge gehört nicht auf bürgersteig, sondern auf straße! https://t.co/os8kcblyfm",1,charging station location
"@ingoheinscher @ludkethomas @sixtus wir diskutieren im kreis. du bist (öffentliche) stellplätze am straßenrand mit ladeinfrastruktur? ich bin einen parkhausnetz (öffentlich oder privat) abseits straßen, gewonnenen öffentlichen raum lebenswerter gestalten. https://t.co/rmrbpfp5f9",1,charging station location
"@geekodernerd @ingoheinscher @sixtus was interessiert mich ladeinfrastruktur? soll doch depp, job macht, mit sackkarre straße runter laufen. ich hole mir mein tofu sowieso im bioladen.",1,other
"@ingoheinscher @ludkethomas @sixtus um wege straßen als lebensraum menschen (wieder) gewinnen, müssen parkende autos da raus. ladeinfrastruktur am straßenrand zementiert autostellplätze, im öffentlichen raum sinnvoller positioniert werden sollten.",1,charging station location
@tileja @kkklawitter @sixtus aber warum nicht ladesaeule zwischen parkplätze statt auf gehweg?,1,charging station location
"@bhnnkmp @designmobility geht nicht um resourcen im auto sondern ladeinfrastruktur. kann bmw-fahrer gleiche sein, wie mit renault zoe. aber warum muss immer teuerste ineffizienteste idee sein, am meisten gefeiert wird?",1,other
"@sixtus @geekodernerd einverstanden, stellen wir autos eben auf private flächen, man dann eben kaufen oder mieten muss. aber auch dann braucht man dort ladeinfrastruktur wie obige.",1,charging station location
"@0xdeef @kkklawitter uff, unterschätztes thema. mit ladeinfrastruktur manifestieren wir nutzen des öffentlichen raumes ""unumkehrbar"". denn ohne ladeinfrastruktur keine energiewende mobilität. was heute aufgebaut wird, wird morgen nicht ""verschoben"".",1,missing charging infrastructure
"@pvmagazine_de derweil gibt am @phantasialand leider noch immer keine ladesäule, um sein elektroauto aufladen können.",1,missing charging infrastructure
"@kkklawitter ladeinfrastruktur ist dort gut, wo öpnv noch nicht ausreichend ausgebaut ist. dort wo ladeinfrastruktur nötig ist, bitte nicht zulasten fußgängerinnen.",1,charging station location
"@bikezebub @designmobility ja vllt nicht am nächst-besten aber besser als diesel besser als übliche ladesäule, 30x so groß ist unendlich viel größer, sobald hier nur noch aus anschluss im boden besteht.",1,charging station location
"@bhnnkmp @designmobility zumal ich mir nicht vorstellen kann, dass viele wirklich scharf drauf sind, ganze zeit ihre eigene ladesäule mit sich rumzukutschieren. zusätzlich ladekabeln man herkömmliche ladesäulen braucht.",1,other
"@bhnnkmp @designmobility am nächsten besten wäre aber nicht diese. gibt genügend parkhäuser öffentliche parkplätze man mit ladeinfrastruktur versehen kann, bevor man ganze stadt damit pflastert.",1,charging station location
"@kkklawitter unterstützt solche lösungen! hier werden schon wieder dogmatisch lösungen bereitstellung ladeinfrastruktur mit scheinargumenten kaputt gemacht, dann auch nicht belegt werden.(""""""experten"""""" wurden befragt)",1,other
"straßen sind vielfach frei bespielbare flächen, schnell umgewidmet werden können. sobald jedoch bäume gepflanzt oder investiert wird, zb ladeinfrastruktur oder bushaltestellen, werden möglichkeiten eingeschränkt. zustand wird so bewahrt.",1,other
"@perowinger94 @sixtus realität ist eher: mit jeder e ladesäule, nicht gebaut wird werden 5 zusätzliche verbrenner gebaut. wegen schlechter e auto infrastruktur wechselt niemand zum öpnv, sondern man bleibt einfach beim verbrenner.",1,missing charging infrastructure
"@kkklawitter dass man autofahrern auch extra schwer machen kann. ladesäule ist unauffällig, kaum eine barriere. nicht größer als ein poller. ja, bewegungsraum gehört fahrzeugen, auch e-rädern, e-rollern. gern auch als bodensteckdose auf parkplatz statt auf gehweg.",1,charging station location
"@ingoheinscher @sixtus wieso? autos werden ja nicht 24/7 gefahren, sie brauchen stellplätze wo sie aufgeräumt aus weg sind. nah genug einkaufs-/arbeits-/wohnplätze, aber nicht verkehrsbehindernd. quartiersparkhäuser/-plätze mit ladeinfrastruktur, z.b.",1,charging station location
@halleverkehrt @kkklawitter ...wenn wir (bzw ihr. als landbewohner suche ich städte i.d.r. mit öffentlichen verkehr auf) mit #autokorrektur ernst meinen radikal statt halbherzig angehen - gibt's städten einfach mal 80% weniger pkw. wo keine pkw sind braucht's keine ladeinfrastruktur.,1,charging station location
"@ropietsch @radiermann ins parkhaus! öffentliche raum gehört allen mit ladeinfrastruktur spezifiziert man flächen so, dass sie kfz reserviert bleiben. einfache parkplätze kann man schnell umwidmen. wenn allerdings ladeinfra investiert bzw gefördert wurde, ist nicht so einfach.",1,charging station location
@kkklawitter @sixtus gerade städten wie london sind autos sowas unnötig. wir brauchen mehr ladeinfrastruktur aber müssen auch dieses strassenparken beenden. wer sich auto leisten kann/will soll auch platz parkhaus/tiefgarage mit steckdose bezahlen. einfahrt verbrenner verbieten.,1,charging station location
"@kkklawitter fände bereiche als parkflächen ausgewiesen sind gut. flächen müssen aber bev reserviert sein, sonst wird ladeinfrastruktur durch verbrenner blockiert bringt nix. mir aus geht auch klassische ""säule"". mir gleich. hauptsache mehr ac-lader.",1,potential solution
@sixtus was ist denn 'ne ladesäule. so eine habe ich noch nie gesehen. schön klein! stolperfalle?,1,other
@tomueko @drjab97 @ropietsch @radiermann ihr vergleicht eine platzverschwendung wie da mit etwas nützlichen wie einem mülleimer oder einem baum? ich rede nicht ladestation sondern scheiß autos. großparkplatz mit ladeinfrastruktur am stadtrand mit guter anbindung öffis.,1,charging station location
"@kkklawitter jede elektro-ladesäule (so wichtig sie auch sind!) legt mindestens ""parkplatz"" daneben immer als solchen fest. einer solchen stelle kann z.b. niemals ein getrennter fahrstreifen fahrrader gebaut werden, weil ladesäule ja ""schon da"" ist nicht abgebaut wird.",1,charging station location
was ausbau ladeinfrastruktur stadt junge verbietet einfach autos unsere scheiss welt geht unter,1,other
"@bafmw verschandelt straßenbild!1!! diese unordentlichen kabel, da so undekorativ rumhängen! außerdem kommt man nicht mehr mit kinderwagen zwischen ladesäule bordsteinkante vorbei! was ist, wenn da kinder mit ihren kleinrädern... ja, denkt denn niemand k",1,other
"@dienussecke @miamormormia @tjalf17 4. ""keine ladeinfrastruktur"": keine ahnung wo du wohnst. aber ich bin bislang noch überall hingekommen, wo ich hin wollte mit e-auto. ladesäule ist sogar näher als nächste tankstelle zur not gibt millionen schuko-steckdosen deutschland.",1,missing charging infrastructure
"@dienussecke @miamormormia @tjalf17 3. nirgendwo erhältst du einer öffentlichen ladesäule etwas anderes als 100% ökostrom. auch meisten, privat zuhause laden, nutzen das. man *kann* aber sicherlich auch absichtlich extra dreckigen strom reinladen, wenn man drauf absieht. ist aber ein randphänomen.",1,other
"@lesedas @radiermann eine ac ladesäule wie diese lädt mit 230 v idr 11 kw (3-phasig 16 ampere). ist selbe spannung (""voltzahl"") wie deine nachtischlampe ugf. gleich viel leistung wie dein gesamter herd, idr auch 3-phasig angeschlossen ist.",1,other
@radiermann hej @rollendermeter - ich finde diese lösung im öffentlichen raum weiterhin nicht gut. aber sachen barrierefreiheit: ist besser als eine ladesäule? was meinst du?,1,other
"@radiermann wie sie jetzt alle ""stolperfalle"" brüllen. ist ja klar, man geht ja auch immer 25 ... 40 cm zwischen säule pkw spazieren statt auf breiteren, freien teil. normale absperrbaken sind kein problem, wieso ladesäule?",1,charging station location
"@ulimolter ist ja nicht so, als würde dort keine pkw parken, wenn dort keine #ladesäule wäre. parken da trotzdem. ist ein instrument #antriebswende keines verkehrswende! #verkehrswende kann man dennoch planen machen. nicht immer schwarz/weiß denken!",1,charging station location
wahnsinnig klimafreundlich! batterie eines e-autos brennt ladesäule – stundenlang! https://t.co/fufyl4bajj,1,other
"@radiermann warum keinem stromzähler im fahrzeug verbauen. ich könnte überall laden, ladeinfrastruktur ist nur noch ein stromanschluss ohne zähler ich rechne individuell online mit meinem stromanbieter ab.",1,potential solution
"@erpunktbepunkt @radiermann ja genau - auto muss nur einen tick geschickter parken. zwischen parkenden autos kommt eh niemand durch. zwischen ladesäule auto ist auch wenig platz. wäre gut, würde ein kabel geben, nur so weit geht, wie nötig.",1,other
"@christophhorst3 @v_goller @kkklawitter @elonmusk ich sehe da mehr ein verzetteln. mit solardächern ladeinfrastruktur macht ja am meisten sinn bei kleineren fahrzeugen, schnell geladen werden können oder wechselakkusysteme nutzen.",1,other
"@juergen_kaiser @v_goller @kkklawitter @elonmusk da bin ich echt zuversichtlich. versicherungen, solardächer, heimspeicher, ladeinfrastruktur, autos usw. bauen gerade im grund ein universum auf. da ist noch genug geld mit machen.",1,other
"einen nachteil hat e-auto im #carsharing ja. wenn man relativ leer fährt wie ich gestern (60 km reichweite blieben), dann braucht eine ganze weile bis wieder komplett einsatzfähig ist. mit ladesäule des betreibers dauert (lt ladezeitenrechner) über 5 //",1,other
@elnida_3 @nioswitzerland @radiermann selbst befürworte ich. lässt er doch auch möglichkeit offen sogar gegen neuere bessere akkus tauschen anderen recyceln. dieses konzept ist außerdem schneller als jede ladesäule einfach umzusetzen.,1,other
"@peelonsus @radiermann falscher ansatz. wir brauchen ein konzept ladeinfrastruktur. ich: vorort, reihenhaus, carport 30m weg, 2ladesäulen vor aldi (1std. kostenlos), 1ls vor bäcker (1kw/h 46ct). solange so bleibt, weder ich nur im leben ein eauto kaufen.",1,missing charging infrastructure
"@k3vk4 @makeratschool @unixb0y @psycon @karl_lauterbach @marcobuschmann bevs sind halt deutlich effizienter gibt auch akkus ohne lithium. mit laden stimmt leider, aber ich würde nicht überbewerten, weil man vielleicht dann eher über nacht lädt anstatt bei einer ladesäule (geht natürlich auch nicht immer).",1,other
@detlef_hoepfner @radiermann ich denke ist im boden eingelassen obere teil samt griff wurde aufgesetzt so ladesäule aus boden gezogen.,1,other
"@radiermann obere teil ist schlüssel, mit untere herausgezogen wird. nur würde ich eine auffälligere farbe vorschlagen (auch kabel) nachts eine beleuchtung. #ladeinfrastruktur 230v-ac kostenlos.",1,charging cost
"so etwa stelle ich mir #ladeinfrastruktur städten vor. dichtbesiedelten wohnvierteln überall wo (dann viel weniger) parkplätze gibt. unsichtbar kein hindernis, wenn nicht gebrauch. gern noch auf fahrbahn… https://t.co/iulkccey5e",1,charging station location
osterferien enden heute damit werden ab morgen öffentlichen ladesäulen wieder stärker frequentiert sein carsharingfahrzeugen. heute noch mal luxus freien ladesäule. https://t.co/lzauw06dtp,1,missing charging infrastructure
"blockiert säule... ich gehe einkaufen ca. 45 min. dame steht schnelladelsäule mit typ2 1phasig. sitzt im auto mit laptop, telefoniert. gibt mir ein thumbs up. als sie aussteigt, versteht sie gar nicht, dass ich ihr vorwerfe, dass sie ladesäule selbst 3/x",1,charging station problems
"sommerreifen drauf, fahre zur ladesäule, immer noch gleicher pkw abgesteckt. aus einem mercedes phev steigt eine dame aus, spricht mich (business kostüm, airpods, parallel am telefon): ich warte schon seit 7:30h, habe fahrer des ev, lädt, schon gesucht. 2/x",1,charging station problems
"hi, muss jetzt mal meinen erlebnissen nbg. aldi ladesäule berichten. mo. 7:30 h. bin bei atu reifenwechseln. wartezeit zum spaziergang genutzt. nahegelegen aldi mit kostenloser ladesäule. 30 min vor ladenöffnung bereits ein ev angesteckt. 8:30 1/2 #ladesäulengespräche",1,charging station problems
"@krustinaut am besten du wendest dich direkt @enbw support via app, ich kann deine daten nicht einsehen ;) ich kann technisch beurteilen ob eine ladesäule richtig tut, wie ob abgerechnet wurde weiß support besser als ich ??",1,charging station problems
@ju_ysb günstig - hier bist mal schnell bei 150 oder auch mehr wenn vor ladesäule parkst.,1,charging station problems
"(1/3)die @polizei_nh dein freund helfer, solange du ein rücksichtsloser autofahrer bist. ich meldete beim revier süd-west dass ein verbrenner-pkw ladesäule blockiert, ich mein fahrzeug nicht laden kann. man entgegnete mir gleich: ,,also wir kommen schreiben.. https://t.co/tnncbxnvrw",1,charging station problems
"@schenklklopfer @reckter mein e-tron hat knapp über 300km reichweite ich hatte noch nie reichweitenangst oder probleme, eine ladesäule finden.",1,other
@florientes75 ich habe eine öffentliche ladesäule vor tür ??,1,missing charging infrastructure
@elitiker @shelly_pond @heikolbe wenn gut läuft 4-5 mal. ladeinfrastruktur ist mittlerweile hervorragend. vor allem außerhalb deutschland. ???????,1,other
@t_rpunk @vquaschning was mich effektiv vom e-auto abhält keine ladeinfra am zielort. eine ladesäule auf autobahn oder abseits ort wo auto am ende des tages sowieso steht ist einfach nur unpraktisch im alltag,1,missing charging infrastructure
"@eloopcarsharing (same shit unten krottenbachstraße, dabei gäbe kurz nach glanzinggasse hinter taxistand sogar eine ladesäule, so dass man fahrt im sinne anderer nutzer:innen ebendieser beenden könnte, wenn homezone nicht 150 m - ehemals 50 m davor - endete ...)",1,charging station location
"@hannoklausmeier @patrickhanft @v_goller @kkklawitter ja tesla supercharger richtig dann müssen wir uns auf eine breiter gestaltete ladeinfrastruktur einigen dann geh ich mit. mich brauchst du bev eh nicht überzeugen, ich sehe aber argumente derer sich gegen technologiewandel stellen.",1,missing charging infrastructure
"@bolli3097 @dokuunserplanet @gomore @sharenow_global ausgerechnet auf autobahn ???? aber ich wusste, dass noch 7km bis zur ladesäule bei mir um ecke wären... was ein thriller. hab's kiste bei 4% angeschlossen. weiß ja nicht, wann tesla wie vorwarnt, aber 0%!?! ?????? nerven wie drahtseile?",1,missing charging infrastructure
"@der_kolja_ @herrrain @doeliger toller vergleich - nur durchschnittlichen tankstelle 30 min ca. 50 fahrzeuge tanken, ladesäule eins.",1,other
"@der_kolja_ @herrrain @doeliger wenn denn dann eine frei ladesäule existiert? sonst werden aus 30 min schnell 2 h. zudem habe ich nichts gegen vollelektrisch, ich sehe nur realistisch. wird nicht passieren, dass wenigen jahre alle elektrisch fahren - dann eben besser hybrid als reine verbrenner.",1,missing charging infrastructure
"@ssl_sm @doeliger @c_lindner ohne frage besteht enwtickljngabedarf ladeinfrastruktur, aber welche physikalischen grenzen meinen sie? jedes einfamilienhaus ist heute über 40 kw abgesichert. größere häuser entsprechend mehr genannten 30 km pro tag erfordern ca. 6-8 kwh pro tag....",1,missing charging infrastructure
"@der_kolja_ @doeliger @c_lindner mir gehts um ladeinfrastruktur, nicht verbrauch. da gibt schlichtweg physikalische grenzen stromstärken benötigter kabelstärke.",1,missing charging infrastructure
"@bolli3097 @gomore wow, was eine punktlandung ?? vielleicht hatte sie schwierigkeiten mit bedienung ladesäule oder sc? ?????",1,other
"chapeau. habe ich nur einmal (vorsätzlich) geschafft. dafür (wenig mutig) mit letzten prozent um eine ladesäule rumgefahren, um testen https://t.co/zqjakiwgf3",1,other
@heinzschutze @realtombohn richtig: „wäre“. weil realität ist eine ladesäule defekt eine andere erkennt fzg. nicht. ??,1,charging station problems
"@autotestsonline @happel nach erwartenden bedarf planen ist auch schwer. baue ich ladeinfrastruktur entsprechend des exponentiellen wachstums auf? oder gehe ich lieber langsamer an, weil so jeweilige stadt/gemeinde evtl. nicht eintrifft?",1,other
@_i_am_random @hubertaiwanger wer dich ein eauto leisten kann kann sich strompreise ladesäule bezahlen,1,charging cost
erstmal öffentliche ladeinfrastruktur genutzt. ich muss sagen. einfach. sehr einfach. #emobility #charge #auto https://t.co/rawclsnms7,1,other
"@rbraunmueller @hubertaiwanger klar, jeder bundesbürger hat ca. 30.000€ + nur ein e-auto zur verfügung (jeder möchte diese antriebsart nutzen), natürlich mit eigener ladesäule vor eigenheim damit noch günstiger wird, darf eine photovoltaikanlage nicht fehlen. lösung jedermann ??",1,other
@herrkrise tesla mit zulassung ukraine..... blabla alles gut.... bis erste beim lidl ladesäule vor mir.... (achtung tweet arbeitet mit stilmittel ironie),1,other
studie: fast 22 e-autos kommen auf eine ladesäule https://t.co/9qakz11j8o,1,missing charging infrastructure
wieviel wäre nach brennwerttabelle ??? -batterie eines e-autos brennt ladesäule – stundenlang! https://t.co/zb1ntbrjua,1,other
"@doeliger @c_lindner nur physikalischen grenzen einer ladeinfrastruktur ca. 45 mio fahrzeuge allein de komplett vergessen. ist ja auch nicht sein problem, wie dann geladen werden müssen. hauptsache verkauft.",1,missing charging infrastructure
"@kizito5 ""zur ladesäule"" oder ""zur tankstelle"" oder ""zum supermarkt"". jedoch ist nichts davon entsprechenden straße.",1,other
"würde gerne wissen, wieviele eautos im verhältnis zum verbrenner beim laden/tanken abbrennen. b.z. – stimme berlins: batterie eines e-autos brennt ladesäule – stundenlang!. https://t.co/projplfnqq über @googlenews",1,other
"@growthms wenn ich nempitz ladesäule stehe mir eine cola kaufe, tuckert auch immer irgendwer mit einem dodge ram durch tankstelle. kenne ich so aus pfalz nicht.",1,other
"@vongberg dann bin ich wortwörtlich dir vorbeigelaufen insofern du da noch vor etwa 1,5h warst. hab da sogar ladesäule (200m oder so weg vom haupteingang) geparkt. wir müssen nachholen. ??",1,other
"@stang2k schade! mich hätte unsere lokalpolitik (ausbau ladeinfrastruktur) sehr interessiert, wieviele elektroautos hier stadt/im kreis existieren.",1,other
2 stunden maximaldauer #ladesäule ist echt eine schlechter witz. besser: strafgebühren werden erst 30 minuten nachdem auto fertig ist fällig. säule weiß ja wann strom fließt wann nicht.,1,charging station problems
e- ladesäule auf dorf... https://t.co/yr4oytum6x,1,missing charging infrastructure
"@maxfichtner @twittlik @uwerggaertner nicht wirklich, was dachten sie denn. strom wird eingespeist aus allen quellen. schild ladesäule ist veralberung. hört sich aber gut an.",1,other
https://t.co/upwg0pmkvk bzberlin hat eine headline geändert. batterie eines e-autos brennt ladesäule – stundenlang! alle änderungen auf https://t.co/yrbslyxevi https://t.co/vcj84xtcni,1,other
"wir sind unterwegs haben uns ein hotel mit ladestation ausgesucht ??. surprise: ladestation lädt nicht. war's dann mit entspannt über nacht laden - wir hängen jetzt 1h ner ladesäule, damit wir morgen einem stück mit kids zurück können ?? #elektromobilitaet https://t.co/hqw3b8g4yz",1,charging station problems
"nenne ich mal eine ordentliche ""reichweite"" ?????? b.z. – stimme berlins: batterie eines e-autos brennt ladesäule – vier stunden lang!. https://t.co/5swvsr4ztr über @googlenews",1,other
"@schafkopfpokal2 biokraftwachen wäre besser! ?? bitte nach nl liefern, hier hab ich ne ladesäule ums eck. hier wäre echt ideal. gern auch als cabrio! :d",1,other
batterie eines e-autos brennt ladesäule – vier stunden lang! https://t.co/uzi00k9bgc,1,other
@jmbeuter @kkklawitter ladeinfrastruktur: 1. ausbau wie wann? 2. transparenz: preisaushang/-auszeichnung bezahlung jeder ladesäule so einfach wie fossil-tankstellen mit maestro- u./o. kreditkarte statt wie heute mit dutzenden verschiedenen ladekarten preisen (!) wann?,1,missing charging infrastructure
gerade mit auto ladesäule hingerollt ??,1,other
@ulid000 @stevefi04457564 rechtsprechung dazu ist klar durch... gibt berlin entscheidungen spätis mit steckdose supermärkten mit ladesäule... reicht alles nicht... ???????,1,missing charging infrastructure
batterie eines e-autos brennt ladesäule – vier stunden lang! https://t.co/oi5d0tzbmb umwelt spass zur liebe - silvester wäre ein geeignet tag,1,other
wenn dann noch zeit ist kann man sich smart ladeinfrastruktur contracts anschauen mit einem manipulierten ladekabel parkraumbewirtschaftung cryptowallet leerraeumen :d,1,other
batterie eines e-autos brennt ladesäule – vier stunden lang! https://t.co/kjhauvhvqb,1,other
"ist erst anfang, werden noch viele e-autos brennen ?? batterie eines e-autos brennt ladesäule – vier stunden lang! https://t.co/mmrt7kmxi1",1,other
"löschen unmöglich ?????? batterie eines e-autos brennt ladesäule – vier stunden lang!! ?? na, sind ja aussichten ?? ?@bzberlin? https://t.co/fxibw3o8wz",1,other
@luwinenseeger @rechawarburg dafür gibt noch 2te auto. ?? wenn kaputt ist bleibt bei einem. sehe aber nicht wie man mit einem elektroauto sommerurlaub usw. fahren kann. alle 300km dann um ladesäule prügeln?,1,other
"auf einem parkplatz #charlottenburg`er chaussee #spandau brannte am donnerstagabend ein #elektroauto einer ladesäule. batterie geriet #eauto brand. feuerwehr musste wagen auf seite kippen, um batterie kommen. https://t.co/b6woqhepzz",1,other
e-auto brennt stundenlang spandauer ladesäule https://t.co/oq0ucsxgda https://t.co/qfinenyrpd,1,other
@mopo dann passiert ladesäule https://t.co/ue1upf1q4v,1,other
"@qualityofdeath @hithomasfranke @saki_umwelt ich bin e autos, muss aber sagen bei uns auf land nutzen sehr eingeschränkt ist. bsp. eine strecke dorf- stadt ohne umwege zwischen ca. 15-25 km. hier ne ladesäule suche ist quatsch, da meine ich alle gebiete nicht einer bundesstraße liegen.",1,missing charging infrastructure
"@fatalys @fichtenelch85 @saki_umwelt weil ladesäule so weit weg ist, kann kein gebrauchter verbrenner sein?",1,other
"@tz167 @saki_umwelt funktioniert bei entsprechender öffentlicher ladeinfrastruktur wunderbar, bin seit 1,5 jahren genau so unterwegs dazu noch mit einem kleinen 32 kwh akku.",1,other
reicht das? so viele elektro-autos gibt pro ladesäule hamburg https://t.co/wlefm8x5gf https://t.co/8o6bv1fp30,1,missing charging infrastructure
batterie eines e-autos brennt ladesäule – vier stunden lang! https://t.co/je2doa3ujg,1,other
"@tenebrisobortis @gemuesesuppe78 wende dich unternehmen on charge. deren standardlösung wird dich vielleicht nicht funktionieren, aber eventuell haben sie ein angebot machen. oder frage deinen bürgermeister, wieso keine ladesäule bei euch gibt.",1,missing charging infrastructure
batterie eines e-autos brennt ladesäule – vier stunden lang! https://t.co/duujvt6jh4 https://t.co/yi9k5v5vjz,1,other
batterie eines e-autos brennt ladesäule – vier stunden lang! https://t.co/8nh21hbwak,1,other
spandau: mini brennt ladesäule lichterloh https://t.co/x4vifbckzp https://t.co/tcffbnd34u,1,other
"zugleich erreichen mich berichte gbr-unternehmen - auch bürgerenergie - über extrem restriktive bonitätsprüfungen bei förderung öff. ladeinfrastruktur. was ist da los? ?? was macht gbr weniger bonitär, als einzelunternehmer? ?? 2/2",1,other
"@ingoheinscher @gemuesesuppe78 günstig ich bekomme alles was ich brauche. bei meinem ag gibt auch keine ladesäule, anfragen dazu sind gescheitert. auf meiner strecke zur arbeit gibt keine ladesäule, dörfer sind teilweise noch kleiner als mein heimatort. elektro wäre cool, geht nur nicht.",1,missing charging infrastructure
"@ingoheinscher @gemuesesuppe78 hier im ort gibt keine ladesäule. laden über normale steckdose geht nicht. selbst wenn vermieter mitmachen würde, ist ein kabel quer über straße nicht zulässig, wenn ich denn überhaupt vor haus parken kann. da wo ich einkaufe, gibt keine ladesäule, dafür ist",1,missing charging infrastructure
"@19flipper92 @scarlettdream42 @flo_rian @saki_umwelt bevor ich zur arbeit fahre, müsste ich einen 20 km umweg zur ladesäule nehmen. auch auf land gibt mfh ohne lademöglichkeit. glaub nicht, dass einer zwei eigenheimbesitzer mit wallbox bei uns aufm dorf erfreut ist, wenn ich meinen dacia bei ihm über nacht auflade.",1,missing charging infrastructure
"@ingoheinscher @gemuesesuppe78 ja ingo. du weißt bescheid. nicht. ich wohne einem großen dorf m-v mit perfekter infrastruktur. aber: nächste ladesäule ist ca. 20 km stadt. ja, auch ich habe mich über diverse möglichkeiten informiert. ergebnis: kein elektroauto.",1,missing charging infrastructure
"@ingoheinscher @bubblejoel unserem kh gibt's keine ladesäule. wir haben hier original 3 ladesäulen im ort, davon 2 außer betrieb. um zur ladesäule kommen brauch ich innerorts 3 km. hast du mal kleinstädte angeguckt fläche her? fläche groß wie berlin, einwohner wie alaska. ist realität",1,missing charging infrastructure
"@gemuesesuppe78 @bubblejoel wie du dann logistisch im einzelnen löst, hängt logischerweise gegebenheiten ab. wo ein krankenhaus ist, wird sich irgendwo da auch eine ladesäule finden. wo du einkaufen gehst ebenfalls. so weiter.",1,missing charging infrastructure
"@sam10200416 @elektroautomeme @quizles2 ja, wenn ladesäule drin ist. zum beispiel bottrop.",1,other
kfw-studie: niedersachsen gibt’s 22 e-autos nur eine ladesäule https://t.co/fm6yipr6kz,1,missing charging infrastructure
"@haebae niemand baut ladeinfrastruktur 100 prozent auf kosten des staats. du wirst lachen, aber renault hängt bei diversen projekten mit drin, wo fördergelder fließen ;)",1,other
@fl0h0ff diese miles-autos stehen aber überall. hamburg haben auch parkplätze elektroautos mit ladesäule zugeparkt. war doof uns unser e-auto...,1,other
"@stang2k ich denke mal, dass renault ladeinfrastruktur auch gerne vom staat gebaut haben möchte…",1,other
"@scr00ge1 @martinruff1 @micha_bloss gibt deutschland noch gebiete ohne stromversorgung? man braucht keine ladesäule, eine steckdose reicht völlig.",1,other
studie: fast 22 e-autos kommen auf eine ladesäule https://t.co/goxh4kapxw,1,missing charging infrastructure
mit einer einfachen schaltung lassen sich jeder ladesäule #waffeln backen. https://t.co/crkqkrrjkw,1,other
@giantatomic du meinst mit keiner infrastruktur ladeinfrastruktur? ein phev nicht laden können ist ne ziemlich schlechte option ;),1,other
@frank_thelen du machst ja auch grandiose werbung laden??. ich bin total ein fan elektromobilität hab aber immernoch zweifel ladeinfrastruktur jedermann. deswegen tu ich mich persönlich noch schwer. wohnungsmieter fehlen mir da irgendwie nachhaltige konzepte. ideen?,1,other
@vquaschning wie schon öfter gesagt ist momentane hauptproblem nicht vorhandene ladeinfrastruktur. bei uns im ort umgebung gibts nur bei aldi eine ladesäule. also kann kein eauto einziehen.,1,missing charging infrastructure
"zuerst ging nach norddeutschland. mehrmals 700km zum verwandtschaftsbesuch. ja...anfangs war aufregend, weil ladeinfrastruktur nicht immer zuverlässig ist. wegen ""neu"" so. aber nach ein paar fahrten kannten wir tücken, wussten wo gut läuft. 4/x",1,missing charging infrastructure
@alexko80l @vquaschning dann können sie sich ja gebrauchte verbrenner kaufen. bei mir ist nächste ladesäule auch 600 meter haustür entfernt geht gut.,1,other
"@martinruff1 @micha_bloss ich habe zwar eine apotheke um ecke könnte wie frau benz da benzin kaufen, mit einer ladesäule sieht aber bescheiden aus. rate, wie neue betrieben wird.",1,other
@abendblatt na dann viel spass. ostsee bei hohwacht ist keine ladesäule vorhanden. kein baden gleichzeitig laden! ostseeslogen: no laden beim baden??,1,missing charging infrastructure
"@th_g @sommerfrau20 @saki_umwelt ansonsten gleiche e-modell kostet &gt; 6.000,00 € mehr. reichweite ist überhaupt nicht problem, sondern fehlende ladeinfrastruktur wohnorten (miete).",1,missing charging infrastructure
@stadtkindd @sommerfrau20 @saki_umwelt „fehlende ladeinfrastruktur“ *lol* jede andere ausrede hätte ich gelten lassen…,1,other
"@saki_umwelt anforderungen oder lebenssituationen, denen e noch nicht gerecht wird. ich habe zb 10km keine einzige ladesäule brauche auto fast nur 50+ km strecken oder festivals/larps etc wo ein e auto gar nicht mit klar käme. aber ich habe auch gebraucht gekauft ???????",1,other
"@klimareport @vquaschning @cquaschning solange keine konzepte zur ladeinfrastruktur gibt, bin ich dagegen. mich im vorort, reihenhaus, carport 30m weg 2 ladesäulen bei aldi wäre ein verbot katastrophal. innenstädten will ich gar nicht anfangen.",1,other
"@markus306 @ladefuchs @kaystrobach @simsullen @cleanelectrcast @plugsurfing @adac guter hinweis, aber ja, unsere „evie“ wird wohl kaum so lange ladesäule stehen.",1,other
hier auf land gibt weder öpnv noch ladeinfrastruktur. außerdem macht auto mehr spaß weil ich flexibler bin ich kann große mengen material einkäufe bewegen. also uns hier bringt dieses ticket gar nichts. aber wir bezahlen mit. danke nichts https://t.co/lmf49pgk5b,1,missing charging infrastructure
"@sommerfrau20 @saki_umwelt da hilft grundsätzlich alles. - teilauto kostet 57,00! pro tag = mind. 228,00 € mo - dazu kommen noch 48,00 € db we um zur familie kommen - elektroauto teurer anschaffung fehlende ladeinfrastruktur -",1,other
@fichtenelch85 @saki_umwelt nächste ladesäule ist sogar nur 8 kilometer zuhause entfernt. wenn ich da nachhause gelaufen bin kann ich direkt wieder umdrehen zur arbeit fahren. spart sogar miete,1,missing charging infrastructure
@chargemap klar habe auf einer ladesäule mir preis anzeigen wollen zwar auf verschiedenen hier bludenz at,1,other
@chrischle @christechloupe betrieb aufhalten. ich habe noch nie einen phev eine ladesäule 1h blockieren sehen.,1,other
elektroautos: ladesäulen bevorzugt ballungsgebieten bauen https://t.co/6a23apqwrv #elektroautos #ladeinfrastruktur,1,missing charging infrastructure
entspannteste ladesäule deutschlands ?? #emobility https://t.co/pf1tmpzaep,1,other
verkehr: studie: thüringen steht bei ladepunkten e-autos gut da bundesweit hinkt ladeinfrastruktur verkaufszahlen elektro-autos deutlich hinterher. thüringen gibt jedoch einen gegensätzlichen trend. versorgung m ... https://t.co/lqes0rpffu,1,other
arbeitskollege seinen phev nie öffentlichen ladesäule nähe vom arbeitgeber geladen hat lädt seit benzinpreissteigerung „kurioserweise“ immer öfter ??,1,other
@vquaschning bewohner mietshäusern ohne ladeinfrastruktur quasi unmöglich. außerdem kann industrie wohl kaum soviele e autos liefern.,1,other
"@schupunkt @mrsmarrypoppins ich hätte mir gerne ein e-auto gekauft. aber im ländlichen raum gibt manchen orten nicht mal eine ladesäule ich habe kein eigenes haus. mehrere karten apps zum laden haben zeit auch nicht attraktiv gemacht. auch preis schreckt ab, trotz förderung.",1,missing charging infrastructure
"@chrischle @gillyberlin tja, so ist aktuell eben noch. nicht jeder kommt sofort eine ladesäule. da muss man auch mal warten können ?????",1,missing charging infrastructure
@vquaschning was wir brauchen ist eine ladeinfrastruktur bidirektional! damit wären einige probleme gelöst - 100% einspeisung wka pv! https://t.co/wwqcyqjecf,1,potential solution
@morgenpost wer sich ladeinfrastruktur ansieht weiß auch warum! https://t.co/4rnilqjdzp,1,missing charging infrastructure
studie: fast 22 e-autos kommen auf eine ladesäule https://t.co/mqlvpducuy https://t.co/mjlhvx1p4u,1,missing charging infrastructure
"@vquaschning wir brauchen erst einmal genügend bezahlbare lieferbare autos eine ladeinfrastruktur, noch viel besser komfortabler werden muss. masse hat sicher keine lust mit 5 ladekarten, 5 apps rumzulaufen dann wird jede ladesäule noch anders bedient.",1,missing charging infrastructure
"@kairuhsert @ee_fakten wer weiß, ob eine batterie niemals hinbekommt. fragen sind dann: 1. wie lange hält dann 2. wie teuer ist so ein auto 3. wie teuer ist so eine ladeinfrastruktur 4. wo kommt strom dafür her (netzstrom) 5. kann auch privates laden 6. welcher netzausbau ist nötig",1,other
"@vquaschning ich kann aktuell aus rein technischen gründen vor ort kein e-auto fahren, da welterbestatus, gestaltungssatzung ladeinfrastruktur aktuell nicht kompatibel sind. :( auch hier braucht klare vorgaben/regelungen",1,other
"@morgenpost wen wundert bei ladeinfrastruktur, äh, welche struktur???",1,missing charging infrastructure
"u wie sollen 40.000.000 eautos dann mit strom geladen werden, wenn ladeinfrastruktur völlig unzureichend ist? mir ist schon klar, dass allerspätestens 100.000 jahren alles erdöl u erdgas verbraucht ist … solange man akkus bei eautos nicht wechseln kann, …m https://t.co/u4uxaiyggq",1,missing charging infrastructure
"@martinsoechting @naturschuetzen h2 efuels werden einen platz haben einer modernen welt ohne fossile energien. im kfz aber eher nicht. schlechte effizienz, komplizierte technik sehr teure ladeinfrastruktur. da ist ein einfaches bev besser. verbrenner nur einer kleinen nische sinnvoll.",1,other
"@mahrko also bei anderer app ladesäule hab ich eher so erlebt, dass station als belegt angezeigt wurden, sobald ladevorgang gestartet wurde bis ausgesteckt wurde. wenn er nicht gestartet wurde, zeigte app ""unbekannt"". finde ich auch sinnvoller, dann steh ich doof davor",1,other
"@m_hundhausen beneidenswert. ich wohne einem reihenhaus, carport 30 m weg, 1 ladesäule vor fleischer, 2 vor aldi (1 stunde kostenlos). konzept vorstädte wie unsere kenne ich keine.",1,other
@herrpfarrerin bei euch gibt's nen aldi mit kostenloser ladesäule? unserer sennfeld hat nicht. muss ich doch mal rüberfahren. ;-),1,other
@rolanddor ah dieses nette argument. deswegen hat tesla auch seine eigene ladeinfrastruktur aus boden gestampft. hoffe besagter spitzenkandidat performt nicht ganz so spitze.,1,other
@rolanddor naja wäre wenigstens konsequent: erst subventioniert man gutverdienern mit steuergeld ihren zweitwagen dann bekommen sie noch ladesäule hingestellt.,1,other
ich möchte taycan nicht einer staatlichen ladesäule laden.,1,other
"@micha_bloss warum macht ihr unterschiede zwischen stadt land? wenn ich auf land erstmal 60 km fahren muss, um eine e ladesäule kommen kann ich besser mit nem verbrenner fahren. tankstellen haben wir im überfluss.",1,missing charging infrastructure
@micha_bloss ist eine ladesäule nicht viel wenig? auch bereits kleineren ortschaften? schliesslich haben wir schon heute bei normalen zapfsäulen warteschlangen.,1,missing charging infrastructure
@vquaschning crux ist ladeinfrastruktur. bei uns im ort umgebung wär da nur aldi.,1,missing charging infrastructure
#berlin ist ja sachen #ladeinfrastruktur auch tiefste provinz. ganz im gegensatz #hamburg. https://t.co/6lz3xsrq9l,1,missing charging infrastructure
"@fabianlaasch @c_engeline @eozwei mein fresse, was hab ich da ein mist geschrieben. sorry. twitter, wo ist ""ändern"" button. ""wenn mein hotel keine ladesäule hat"" ""habe gehört dass ac lader hh oft belegt sein sollen."" ich hoffe ihr versteht es.",1,missing charging infrastructure
"@hamburg397 bev wird sich nicht durchsetzen, denn niemand wird freiwillig ne halbe stunde ladesäule warten. moment, ich fahre mal kurz zum münchner flughafen, tanken.",1,other
"@ppget59 @chri_gru @wkoe @aukehoekstra nehmen wir tesla als golden standard? aktuell c=3 beim model 3/y - bei batterien bms samt kühlung diesen modellen gehe ich eher c=2 aus. macht auch viel sinn, da großteil normalen ac ladeinfrastruktur 22kw bietet. ich sehe bei einem 17,5kwh akku kein dc laden.",1,other
#japan: #porsche #audi gründen lade-allianz. https://t.co/5qfdyf62a8 #emobility #elektromobilität #ladeinfrastruktur,1,other
"tag 25: fahrt zum felsenmeer lief gut. dort gabs nur 1 ladesäule mit 1 anschluss zwei andere haben im laufe unseres aufenthaltes geschafft da stehen. ok hatten genug strom, also kein problem. übrigens fährt ne zoe 139km/h hat, oh wunder, dann ordentlich verbrauch.",1,missing charging infrastructure
"@hjfell ist aber konzerne billiger, eigene thg zertifikate generieren, indem sie ladeinfrastruktur bauen, als zertifikate kaufen. bitte mal recherchieren wieviel thg quote errichtung einer ladesäule bringt. spoiler: 5-stellig",1,other
@globalistyt @m_hundhausen da war wahrscheinlich eine ladesäule darauf lud einer seinen tesla,1,other
"@vquaschning was wäre denn, wenn jetzt auf einmal 1 millionen e-autos extra auf straße fuhren, bei ladeinfrastruktur? wenn e-autos zum günstigen preis lieferbar wären. wenn, dann kommen diese fahrzeuge sowieso aus china, da d nur premium macht. bin e-auto-fan aber auch realist.",1,missing charging infrastructure
@mcpomhh @cheeky38466727 @kkklawitter @hochbahn sind aber nicht allein fahrzeuge. müssen flotten auch ladeinfrastruktur aufgebaut werkstatt wartungs betriebe angepasst werden. daher kann mancherorts nicht fahrzeug by fahrzeug geswitched werden.,1,other
wann wird endlich ein absolutes halteverbot e-autos auf allen parkplätzen ohne ladesäule ausgesprochen? längst überfällig! #e-stupidity,1,other
@_hemmschuh @niklas_net jetzt will sein e-bike ladesäule e-autos laden! ????,1,other
@rbb24 was ist mit städten bei thema ladeinfrastruktur? gibt da pläne?,1,missing charging infrastructure
"@artikel1bis20 @con_statin @oliverheim ich bin bspw. viel brandenburg beruflich unterwegs. hause, im wohngebiet berlin, gibt 1 ladesäule mit 1 anschluss. hier müssten mind. 20 säulen mit doppelanschlüssen stehen",1,missing charging infrastructure
@fluglehrer @elektrixerbln da haben wir ein problem. hier ist nächste funktionsfähige ladesäule (langsam) 1 km weg immer belegt.,1,missing charging infrastructure
"@oliverheim mann sohn als ich neben ladesäule stand ""alles quatsch, lieber 2min volltanken"". ich ""ihr sohn wird nix mehr zum volltanken haben""",1,other
"@cmdrarchadder problem sind 10 vor dir, macht 200 min. bei 200 parkenden fahrzeugen im shopping center einer ladesäule seh ich da ein kleines problem.",1,missing charging infrastructure
