Mention,Count
glsbank,6
"EWS_Schoenau,",4
NATURSTROM_AG,3
GdWWohnen,2
Total,2
EnBW,2
VDA_online,2
news_nowgmbh,2
"greenpeace_nrg,",2
naheimst,2
TOTAL_DE,2
"E_WALD_GmbH,",2
BMVI,2
Andreas_Rimkus,1
StadtwerkBerlin,1
BelitOnay,1
mainovaAG,1
Hessen_Agentur,1
Solarserver,1
smatrics_com,1
unsereOEBB,1
WepkeKingma,1
trendresearchDE,1
technikblog_ch,1
solaranzeige,1
_geekjournal_,1
BFEenergeia,1
PresseBox,1
SaarowElectric,1
bdew_ev,1
argonerd,1
ronnyassange,1
DrHansPeter1,1
BMWi_Bund,1
has_to_be,1
UmweltBW,1
oeamtc,1
studiodenley,1
OEAMTC,1
lgewessler:,1
WFBBrandenburg,1
OVGUpresse,1
Brabant,1
Viessmann,1
DESGmbH,1
limburg,1
LinksfraktionB,1
GrueneFraktionB,1
spdfraktionbln,1
compete101,1
UmweltTH,1
ENGIEgroup,1
HendrikLippold,1
hotellerie_de,1
"energiekongress,",1
greenpeace_de,1
GreenpeaceNorge,1
BSI_Bund,1
handelsblatt.,1
Elektro_Robin,1
dew21,1
Michael_Kunz,1
DudenhofferAUTO,1
stadtzuerich,1
MateuszWojdylo,1
Opel,1
OpelDE,1
consentec_de,1
agoraverkehr,1
"GreenPlanet_nrg,",1
coworkland.,1
"BSWSolareV,",1
DanielaKluckert,1
"ChargeUpEurope,",1
"VWGroup,",1
TechnagonG,1
FENECON,1
JenaBatteries,1
UniPassau,1
BMDV_bund-geförderten,1
HawLandshut,1
BMWK,1
Hornschild,1
Wissing,1
BVESeV,1
EANRW,1
"glsbank,",1
BVES-Positionspapier,1
YouTube,1
TEAG_info-Tochter,1
bernmobil.🔋🚌,1
markusdd5,1
Tophotel,1
Karl_Lauterbach,1
ABB_EVCharging,1
wiwo,1
EmobilityEast,1
Heideldruck,1
Sparkasse_KBN,1
getgridX,1
EON_de,1
thestanceman1,1
SVGZentrale,1
NFOSiGW,1
KfW,1
"BMVI,",1
welt,1
OlafGersemann,1
philippvetter,1
Siemens_Schweiz,1
