,Mention,Count
62,BMVI,16
37,glsbank,14
109,peteraltmaier,13
36,NATURSTROM_AG,7
1,bdew_ev,7
8,EnBW,6
127,ElectriveNet:,5
15,VDA_online,5
72,news_nowgmbh,5
288,BAFA_Bund,4
228,greenpeace_nrg,4
102,EON_de,4
14,AllegoCharging,4
34,"EWS_Schoenau,",4
124,bmu,4
87,BMWi_Bund,3
267,RamonaPop,3
230,"greenpeace_nrg,",3
148,YouTube,3
178,JuiceTechnology,3
85,Kartellamt,3
13,getgridX,3
101,Tesla,3
123,DonBarbone,3
121,JPRuehmann,3
75,kkklawitter,2
122,MaAhl5,2
70,"BMVI,",2
194,smatrics_com,2
195,unsereOEBB,2
234,AndiScheuer,2
244,TOTAL_DE,2
54,dcs_global,2
55,naheimst,2
237,ubitricity,2
249,"E_WALD_GmbH,",2
76,Elektro_Robin,2
66,CompleoS,2
128,Heideldruck,2
3,agoraverkehr,2
2,BMWK,2
133,UmweltTH,2
88,vzbv,2
42,OpelDE,2
277,presseunikassel,2
286,GdWWohnen,2
161,ENGIEgroup,2
16,klimaaktiv,2
216,IONITY_EU,2
215,StadtwerkBerlin,2
174,Total,2
281,badenovaAG,2
175,TEAG_info,2
6,Fastned,2
103,eMobilitaet_BEM,2
33,energiezukunft_,2
90,VKUonline,2
105,evbox,2
5,FraunhoferIFAM,2
271,euref,2
239,hubject,2
207,Hessen_Agentur,1
206,Knobelsdorff,1
205,EVBox,1
210,sz,1
204,RadioWuppertal,1
214,BMWDeutschland,1
209,SZ,1
213,BentheimBad,1
212,innogy_emob,1
208,mainovaAG,1
203,senec_gmbh,1
211,has_to_be,1
0,RND_de,1
202,mobility_house,1
201,BVES,1
169,Andr_Jahn,1
170,Ingrid_Nestle,1
171,MpStephanWeil,1
172,HeikeRibke,1
173,germanenginee10,1
176,CKemfert,1
177,fr,1
179,"_emarke,",1
180,Artur67209483,1
181,FischwaffeI,1
182,SaarowElectric,1
183,rolandweigert,1
184,Bayernwerk,1
185,AudiOfficial.,1
186,EW_Redaktion,1
187,BFEenergeia,1
188,_geekjournal_,1
189,solaranzeige,1
190,technikblog_ch,1
191,EVTECfastcharge,1
192,Helion_ch,1
193,WepkeKingma,1
217,wallboxchargers,1
197,handelsblatt,1
198,amazonDE,1
199,swdag,1
200,Solarserver,1
196,igembb,1
231,EWS_Schoenau,1
218,UmweltBW,1
256,pkerchner,1
258,staedtetag,1
259,SvenjaSchulze68,1
260,coop_ch,1
261,Energie360AG,1
262,PresseTrend,1
263,mino_leviosa,1
264,ennolenze,1
265,WFBBrandenburg,1
266,constanze_wo,1
268,heiseonline,1
269,MOIAmobility,1
270,feldafinger,1
272,RobertBoni6,1
273,OVGUpresse,1
274,mobilityacademy,1
275,Brabant,1
276,limburg,1
278,mattium,1
279,hotellerie_de,1
280,energyloadEU,1
282,dussmann_group,1
283,BelitOnay,1
284,trendresearchDE,1
285,PresseBox,1
287,MarkusR97977778,1
289,chaase1337,1
290,axel_hag,1
257,Die_Gruenen,1
255,zeitung_energie,1
219,studiodenley,1
254,EcoLibro,1
220,Siemens:,1
221,SiemensDE,1
222,flatterweib,1
223,VonLowi,1
224,abendfarben,1
225,golem:,1
226,GreenpeaceNorge,1
227,greenpeace_de,1
229,"NATURSTROM_AG,",1
167,AudiOfficial,1
232,"energiekongress,",1
233,NewMotionDE,1
235,KerstinAndreae,1
236,SWM_Muenchen,1
238,TUBerlin,1
240,compete101,1
241,spdfraktionbln,1
242,GrueneFraktionB,1
243,LinksfraktionB,1
245,DESGmbH,1
246,na_presseportal,1
247,swtue,1
248,Viessmann,1
250,lgewessler:,1
251,oeamtc,1
252,Andreas_Rimkus,1
253,OEAMTC,1
168,HeinerSommer,1
146,RegierungBW,1
166,FCBayern,1
63,DanielaKluckert,1
47,DudenhofferAUTO,1
48,Michael_Kunz,1
49,Wissing,1
50,ModelX2016,1
51,martinruff1,1
52,Architects4F,1
53,HERE,1
56,DB_Presse,1
57,EU_Kommission,1
58,MercedesBenz,1
59,ecrossgermany,1
60,GLS_Germany,1
61,viebrockhaus,1
64,BVESeV,1
84,EVclicks,1
65,Sparkasse_KBN,1
67,philippvetter,1
68,OlafGersemann,1
69,welt,1
71,KfW,1
73,andreasscheuer,1
74,ecomento_de,1
77,rollendermeter,1
78,NFOSiGW,1
79,GM,1
80,CityPossible-Netzwerks.,1
81,PolitManu,1
82,iaostuttgart,1
46,stadtzuerich,1
45,MateuszWojdylo,1
44,LokalKlick.eu,1
43,Opel,1
4,handelsblatt.,1
7,Pfalzwerke,1
9,araldeutschland,1
10,BVES-Positionspapier,1
11,ZVEIorg,1
12,Hornschild,1
17,aengelhorn,1
18,Knarf_Sier,1
19,hansulrich,1
20,handelsverband,1
21,Nik_HDE,1
22,HawLandshut,1
23,BMDV_bund-geförderten,1
24,UniPassau,1
25,JenaBatteries,1
26,FENECON,1
27,TechnagonG,1
28,"VWGroup,",1
29,"ChargeUpEurope,",1
30,"BSWSolareV,",1
31,dew21,1
32,coworkland.,1
35,"GreenPlanet_nrg,",1
38,consentec_de,1
39,maurerchr,1
40,larsReimann2,1
41,th_kiel,1
83,SVGZentrale,1
86,bnetza,1
165,argonerd,1
149,HMitterwald,1
134,bauhaus_uni:,1
135,MarcWilli2,1
136,shurdriia,1
137,tho__hug,1
138,NalaRubi,1
139,voba1,1
140,ABB_EVCharging,1
141,Karl_Lauterbach,1
142,Tophotel,1
143,ChargeUpEurope,1
144,markusdd5,1
145,bernmobil.🔋🚌,1
147,TEAG_info-Tochter,1
150,Greenfluxinfo,1
89,bne_news,1
151,Siemens_Schweiz,1
152,The_Commenting,1
153,EANRW,1
154,HendrikLippold,1
155,wobe,1
156,Nobuddy83807461,1
157,gebhardm5,1
158,convl0,1
159,VQuaschning,1
160,Siemens,1
162,BSI_Bund,1
163,DrHansPeter1,1
164,ronnyassange,1
132,wiwo,1
131,Radisson,1
130,EmobilityEast,1
129,"glsbank,",1
91,TspBackgroundEK,1
92,energate_news,1
93,bv_elektromobil,1
94,RL_Institut,1
95,polarstern_nrgi,1
96,thestanceman1,1
97,ladenetz_de,1
98,ITAS_KIT,1
99,et_fullhd,1
100,nextmove_de,1
104,telefonica_de,1
106,DtLuftfahrt,1
107,DB_Bahn,1
108,kimomed1988,1
110,SecGranholm,1
111,RolingSandra,1
112,ClimateGroup.,1
113,ITAS_KIT.,1
114,QwelloCharge,1
115,kfzgewerbe,1
116,GrandpreWWF,1
117,koehler_fdp,1
118,eautonews,1
119,KroegerOve,1
120,abbdeutschland,1
125,AnonNewsDE,1
126,PhilippLitz,1
291,Solarfighter,1
