Hashtag,Count
Ladeinfrastruktur,1655
Elektromobilität,977
eMobility,551
emobility,329
ladeinfrastruktur,304
elektroauto,280
elektromobilität,227
Elektroauto,194
Ladesäule,181
emobicon,174
Elektromobilitaet,137
Elektroautos,131
Ladeinfrastruktur.,120
emobilität,117
energie,98
Verkehrswende,95
ladesäule,91
energiewirtschaft,72
EMobilität,68
energiepolitik,65
Berlin,64
Elektrofahrzeuge,64
Energiewende,64
Ladesäulen,62
Energie,55
eauto,54
Förderung,54
Klimaschutz,53
Tesla,53
EnBW,52
Ladestationen,50
Deutschland,48
energiemanagement,46
Elektromobilität.,44
verkehrswende,42
elektrofahrzeuge,41
Mobilitätswende,41
"Ladeinfrastruktur,",40
Elektromobilität:,40
EAutos,38
Wallbox,36
Ladeinfrastruktur:,36
Mobilität,35
Ladepunkte,34
Emobilität,33
unternehmen,33
ladestation,32
energiewende,32
mobilitätswende,31
ladesäulen,29
eMobilität,29
Elektroauto-Ladeinfrastruktur,28
wallbox,28
VW,27
energieverdichter,27
Unternehmen,26
förderung,26
EMobilitaet,25
solar,25
Wasserstoff,24
EAuto,23
ÖPNV,23
BEV,23
Digitalisierung,22
Roaming,22
Strom,21
solarenergy,21
Shell,21
Ökostrom,21
jobs,21
Fastned,20
Nachhaltigkeit,20
Förderprogramm,19
NRW,19
elektromobilitaet,19
ev,19
kommunal_eu,19
Ladestation,19
Niedersachsen,19
solarpv,18
KfW,18
ABB,18
Volkswagen,17
Ausbau,17
mobilität,17
Autogipfel,17
Autoindustrie,17
EU,17
Bundesregierung,17
Startup,17
Europa,16
Auto,16
Emobility,16
eAutos,16
laden,15
EV,15
Frankreich,15
Schnellladegesetz,15
BMW,15
Ladesäule|n,15
BMVI,15
CO2,15
Köln,15
Allego,14
Kommunen,14
lade,14
Stadtwerke,14
HPC,14
strom,14
Ladeinfrastruktur!,14
Wallboxen,14
Klima,14
Sachsen,14
Bayern,14
Lkw,14
EMobility,13
beratung,13
LadeInfrastruktur,13
Österreich,13
Job:,13
energieiwirtschaft,13
Hamburg,13
Aral,13
BDEW,12
Ionity,12
Ladesäulenverordnung,12
Förderungen,12
mobility,12
tesla,12
Siemens,12
Mobilitaetswende,11
Niederlande,11
E-Autos,11
SchnellLG,11
Nutzfahrzeuge,11
Supercharger,11
Ladesäule.,11
energiemarkt,11
Cloud,10
innovation,10
VDA,10
YouChargeMe,10
München,10
elektrofahrzeug,10
Energiespeicher,10
Koalitionsvertrag,10
einfachladen,10
Schweiz,10
SaaS,9
MachineLearning,9
elektrisch,9
Compleo,9
Stromkosten,9
Elektroauto|s,9
ADAC,9
frankfurtammain,9
EnergieEuropa,9
Power2Drive,9
"energiemanagement""",9
Elektroauto-Ladeinfrastruktur:,9
elektroautos,9
enerson,9
Automobilindustrie,9
Mobility,9
Infrastruktur,9
Klimaziele,9
Frankfurt,9
GEIG,9
Hyundai,9
PV,9
Verkehr,9
nachhaltigkeit,9
Wuppertal,8
Dortmund,8
EnBWHyperNetz,8
E-Auto,8
Verkehrswende.,8
Elektrofahrzeuge.,8
"energie""",8
Zwickau,8
Dresden,8
Fitfor55,8
MENNEKES,8
Audi,8
E-Mobilität,8
Schnelllader,8
Innovation,8
Braunschweig,8
elektro,8
energieBerlin,8
charging,8
Ubitricity,8
Logistik,8
e…,7
Batteriespeicher,7
Stromspeicher,7
Norwegen,7
Ampel,7
Bund,7
Mobilität.,7
Job,7
bayerninnovativ,7
"Ladesäule,",7
Ladesäule?,7
stromer,7
Strompreis,7
BadenWürttemberg,7
news,7
umfrage,7
Wolfsburg,7
dasdigitaleauto,7
Bundestag,7
Youtube:,7
"Elektromobilität,",7
Spanien,7
podcast,7
China,7
Hubject,7
Stuttgart,7
Verbrenner,6
Schnellladesäulen,6
Diesel,6
Masterplan,6
Innovationsprämie,6
Umwelt,6
Wasserkraft,6
ladepunkt,6
USA,6
Energieversorger,6
opdiPark,6
ErneuerbareEnergien,6
Reichweite,6
Batterien,6
NetzeBW,6
Total,6
Deutschlandnetz,6
surveycircle,6
Ladenetz,6
Verbrennerausstieg,6
ThesmarterE,6
jurisMagazin,6
Bundesrat,6
vw,6
Taxi,6
Thüringen,6
Studie,6
emobilitaet,6
austankenwirdladen,6
eFuels,6
Berlin.,6
,6
Elektroauto.,6
Transformation,6
innovationleben,6
"Klimaschutz,",6
Wallbox-Förderung,6
Elektrofahrzeug,6
yesauto,6
Laden,6
EFuels,6
Porsche,6
Wohnungswirtschaft,5
Rüsselsheim,5
klimaschutz,5
eAuto,5
Ladeinfrastruktur?,5
Scheuer,5
Bundeskartellamt,5
Aldi,5
London,5
EE,5
b2b,5
Iberdrola,5
EWE,5
TÜV,5
Aufbau,5
Daimler,5
Initiative,5
KMU,5
auto,5
investment,5
kompetenz,5
Baerbock,5
Eauto,5
sustainability,5
COP26,5
MarkE,5
ZahlderWoche,5
mittelhessen,5
Sicharge,5
Klimawandel,5
SmartMeter,5
FKEM21:,5
ChargeX,5
dienstwagen,5
Flotten,5
ladenetz,5
Laternenparker,5
NOW,5
Dienstwagen,5
VDAZahlderWoche,5
Energiewende.,5
Erneuerbaren,5
autohaus,5
Ladestationen.,5
co2,5
Mobilitaet,5
Potsdam,5
Wirtschaft,5
Berlin:,5
Chargemaker,5
IAA21,5
Vattenfall,5
Jobs,5
Renault,4
Kaufprämie,4
v2g,4
Förderrichtlinie,4
nationaleleitstelle,4
Veolia,4
Wien,4
EMobilität:,4
decarbonization,4
electric,4
flotte,4
Nio,4
Elektroauto-Boom,4
ENBW,4
Brennstoffzelle,4
Automotive,4
VWID3,4
Elektrobus,4
NewMobility,4
ene…,4
Livestream,4
HBAutogipfel,4
FridaysForFuture,4
Elektromobilität?,4
Einzelhandel,4
verkehr,4
deutschland,4
Ladevorgänge,4
Sharing,4
vde,4
Klimaschutz.,4
Stromnetz,4
FrankfurtAmMain,4
ElektroMobilität,4
Parkplätze,4
Großbritannien,4
Batterie,4
Volvo,4
volkswagen,4
Fuhrpark,4
Elektrofahrzeuge?,4
enbw,4
ionity,4
Mietrecht,4
Karlsruhe,4
EnelX,4
App,4
Leitstelle,4
Antriebswende,4
Ladegipfel,4
Bundesnetzagentur,4
Kiel,4
Ladetechnologie,4
WEG-Reform:,4
KI,4
ZVEIimDialog,4
ots,4
Eichrecht,4
Tankstellen,4
Schnellladesäule,4
Elektroautos:,4
Pfalzwerke,4
Nissan,4
Elektrofahrzeugen,4
EOn,4
emove360,4
srmd,4
Normung,4
iMSys,4
Webinar,4
Ladesystem,4
Speicher,4
ElectricVehicles,4
foed,4
klimaneutral,4
Hypercharger,4
MobilityMover,4
Brandenburg,4
energi…,4
EON,4
PHEV,4
nachhaltiginvestieren,4
Ladekarte,4
RLP,4
Wettbewerb,4
verhindern.,4
YouTube,4
AbgasnormEuro7,4
Milliarden,4
Wissing,4
elektropraktiker,4
BP,4
Österreich:,4
EEG,4
ebike,4
ladesaeule,4
Leipzig,4
Zukunft,4
Italien,4
Solar,4
Hessen,4
FlächenTOOL,4
förderprogramm,4
Benzinkosten,4
Deutschland.,4
Energiesteuer,4
id3,4
Elektrofahrzeuge:,4
Ladepunkt,4
stadtwerk,4
Transport,4
Elektro,4
eautos,4
Polen,4
Neufahrzeuge2025!,4
Ladepunkten,4
Magdeburg,3
DeutschlandAG,3
grüne,3
SPIE,3
Whitepaper,3
Industrie,3
Handwerk,3
echtneubewegt,3
Stromtanken,3
akzeptanz,3
autofahrer,3
McDonalds,3
MaingauEnergie,3
Ladekurve,3
hotellerie,3
cars,3
technologie,3
ITjobs,3
nachhaltig,3
Unwetter,3
Elektroautos.,3
2020in20,3
Wohnen,3
emobilityeast,3
e-mobility,3
Börse,3
tankstelle,3
Fahrrad,3
Software,3
Akku,3
GreenDeal,3
eaddicted,3
Ladestandorte,3
P3,3
Städte,3
LadeInfrastruktur.,3
Ladesäulen.,3
WELMO,3
Mannheim,3
PSA,3
BW,3
SAP,3
Holstein,3
Blackrock,3
Heilbronn,3
"Berlin,",3
Bremen,3
Autohandel,3
REWE,3
SchneiderElectric,3
Servicetweet,3
Ladepark,3
Klimakrise,3
EU-Kommission,3
E-Fahrzeuge,3
Energieeffizienz,3
Gebäude,3
IoT,3
electriclife,3
LSV,3
"energiewirtschaft""",3
Elektroauto|s.,3
Lademanagement,3
Wiesbaden,3
fplus,3
AfD,3
MVV,3
klimawandel,3
Elektroauto!,3
zukunft,3
ener…,3
nachgefragt,3
b2charge,3
"Supercharger,",3
Klimaschutz:,3
Ladeinfrastruktur-Ausbau,3
RenaultZoe,3
RheinEnergie,3
Mieter,3
Kretschmann,3
ESWE,3
hospitality,3
Toom,3
EnWG,3
UK,3
nachhaltiganlegen,3
mobilität.,3
E-Mobilität:,3
TESLA,3
Omexom,3
Ebee,3
CCS,3
Förderaufruf,3
Blackout,3
"ABB,",3
Aachen,3
Düsseldorf,3
Duesseldorf,3
Elektroantrieb,3
"energiepolitik""",3
Smartlab:,3
Eon,3
Ladesaeule,3
Energiemanagement,3
Kreditkarte,3
Umweltbonus,3
"emobility,",3
autonomesfahren,3
EY,3
photovoltaik,3
futuremobility,3
ebikes,3
iaa21,3
eAutos.,3
SharingCommunity,3
Kauf,3
Stromanbieter,3
Lilium,3
Arbeitsplatz,3
cosmix,3
"Hagen,",3
2021isNOW,3
Deutschland?,3
"Deutschland,",3
Mietverhältnis,3
DEKRA,3
Bochum,3
contentautomation,3
news-stream,3
SmartGrids-Gespräche,3
Ladesäulen?,3
Stromnetze,3
Stellenausschreibung:,3
A3,3
SachsenAnhalt,3
Stromtankstellen,3
EU:,3
"Energiewirtschaft,",3
Regensburg,3
"Elektroautos,",3
Elektrobusse,3
SmartCity,3
Strompreise,3
innogy,3
TankE,3
Keine,3
Bundeskabinett,3
Handel,3
Bezahlen,3
job,3
"Ladeinfrastuktur,",3
Emobilitaet,3
Netzintegration«,3
bmvi,3
ladestationen,3
Anträge,3
infrastruktur,3
ZahlEinfachPerHandyrechnung,3
chargingsolutions,3
Schnellladenetz,3
erneuerbare,3
Wahl,3
ID3,3
Dekarbonisierung,3
keine,3
"Energieeffizienz,",3
Kooperation,3
"Konkurrenz,",3
Europa.,3
Durlach,3
eliso,3
ElectrifyAmerica,3
bev,3
Paris,3
elektrischesLaden,3
Habeck,3
Wallbox.,3
…,3
Südkorea.,3
thgquote,3
vehicletogrid,3
ZVEH,3
kosten,3
Energieversorgung,3
kundesnpräferenzen,3
Photovoltaik,3
energiepoliti…,3
climate,3
bidirektional,3
123INFO,3
IAA,3
car,3
Elli,3
AFIR,3
EnergieIT,3
Ladekommunikation,3
MasterplanLIS,3
EMobilität.,3
Bielefeld,3
smartmobility,3
BaWü,3
energiewirts…,3
ADSTEC,3
PKW,3
Photovoltaik-Anlage,3
Energiekrise,3
WirLadenDeutschland,3
Schnellladeinfrastruktur,3
publishindustry,2
123energie,2
Autokorrektur,2
Tax,2
Elexon,2
CDU,2
Lankwitz.,2
Ladeinfrastruktur“,2
staatlicheFörderungen,2
energiemanag…,2
"Elektroinstallation,",2
"Gebäudetechnik,",2
energiemana…,2
WaltherWerke,2
ladelösung,2
oberursel,2
H2-Tankstellen,2
FacilitiesMgmt,2
"Chargemaker,",2
Sauerland.,2
Germany,2
V2G,2
Energy40,2
energ…,2
energiem…,2
WEMoG,2
Elektrobussen,2
btw21,2
ladenistüberall,2
Bußgeldkatalog,2
ecb21,2
emobnrw,2
Strommix,2
TransnetBW,2
Ladestrom.,2
Facts,2
FunFacts,2
SZGipfel,2
Wasserstofftechnologie,2
Elektromobilität«,2
Website,2
südschwarzwald,2
Testsystem,2
Monopol,2
Zuschüsse,2
BorderlessCharging,2
Brand,2
maischberger,2
carsharing,2
Maischberger,2
Batterie-,2
"Veolia-Unternehmen,",2
Commodities,2
Essen,2
Ökozid,2
"Photovoltaikanlage,",2
FHBielefeld,2
A7,2
emobilityrevolution,2
NPM,2
Triell,2
Bundesverkehrsminister,2
Lindner:,2
FDP,2
Skoda,2
dm,2
Wirelane,2
Großbritannien.,2
Faktencheck,2
automotive,2
evcharging,2
"Ladeinfrastruktur""",2
Mahle,2
sustainablemobility,2
futureofmobility,2
Ladeinfrastruktur-Ziele,2
Automobilwirtschaft,2
fraunhofer,2
"Ladesäulenverordnung,",2
Elektromobilitaet:,2
BMVi,2
Enyaq,2
EVlink,2
Brennstoffzellen,2
akkuvoll,2
Hybrid,2
Ladepunkte!,2
business,2
Kartenzahlung,2
mobilitaetsberatung,2
Mer,2
Carrefour,2
Schwerin,2
BTW21,2
nrwfaehrtvor,2
hondae,2
Ladeinfrastruktur...,2
eMobilitaet,2
FörderungenfürElektroautos,2
Alpitronic,2
Schnellladeparks,2
Zuschuss,2
emobility:,2
Polizei,2
StartUp,2
Utrecht,2
Förderanträge,2
bidirektionalesladen,2
Schwerlastverkehr,2
Nikola,2
Region,2
VW-Zuliefereinheit,2
Wallbe,2
NRW.,2
Wahlfreiheit,2
LADEINFRASTRUKTUR,2
"ÖPNV,",2
Monopolkommission,2
benzin,2
trend,2
ABB.,2
viral,2
Livestream:,2
Eni,2
MobilityServices,2
unaice,2
Installation,2
AFCEnergy,2
Mitarbeiterparkplätzen,2
Erneuerbare,2
Biden,2
Klimaschutzkonferenz,2
vwid3,2
id3marathon,2
"SIHK,",2
Heliox,2
Epilot,2
energy,2
...,2
Parkstrom,2
GläserneManufaktur,2
Stellantis,2
Rewe-Filialen,2
Berlin?,2
erneuerbareenergie,2
Porträt,2
kontaktlos,2
Elektrifizierung,2
SDGs,2
Glasfaser,2
Preise,2
Schnellladen,2
EnBW.,2
BWfürMorgen,2
Reutlingen,2
TotalEnergies,2
Belgien,2
NIO,2
blueskycoming,2
ABOWind,2
NLStBV,2
PropertyManagement,2
Hornbach,2
Immobilienmanagement,2
Ladepunkt.,2
crowdinvesting,2
crowdfunding,2
impactinvesting,2
Unterwegs,2
wiesbaden,2
wirgestaltenenergie,2
osnabrück,2
SocialIntelligence,2
GoodNews,2
wireless,2
Kaiserslautern,2
Plugin,2
ebikestation,2
efahrrad,2
GM,2
pedelec,2
invest,2
biketowork,2
Wachstumsmarkt,2
ladepark,2
energievertrieb,2
Coneva,2
BreakthroughAward2021,2
RT,2
DEW21,2
Förderung.,2
Selbstversuch,2
Immobilienwirtschat,2
ladeinfrastruktur.,2
Supercharger-Netzwerk,2
eBike,2
nachrichten,2
autokorrektur,2
"Kumulierung,",2
"ladeinfrastruktur,",2
Verbraucherreport,2
VDAZahlderWoche:,2
Langmatz,2
Portugal,2
ENERVIE,2
EIB,2
Pkw,2
"Ampelkoalition,",2
BadenWuerttemberg,2
Mehrfamilienhäuser​n,2
Bürgerenergie,2
Rewe,2
Verbraucherzentrale,2
innovativehochschule,2
VernetzteMobilität,2
DigitalChargingSolutions,2
CoCreationLab,2
Smart,2
Immobilie,2
Digital,2
SmartCities,2
Meeresenergie,2
CO2-Ziele,2
ZOE,2
Immobilienverwaltung,2
Wohnungseigentümer,2
Supermarkt,2
Wenea,2
schnellladen,2
Taunusstein,2
Supercharger-Standorte,2
Elektroauto:,2
coaching,2
Fraunhofer-Institute,2
"Rewe,",2
Berlin|er,2
Krefeld,2
Hotel,2
MaaS.,2
Corona-Pandemie,2
Smatrics,2
Obi.,2
"Rossmann,",2
"Aldi,",2
"Penny,",2
"Lidl,",2
"Edeka,",2
"Netto,",2
Förderantrag,2
1,2
"Kaufland,",2
NaturEnergie.,2
greendeal,2
Abrechnung,2
NRGkick,2
mobil,2
Kommunikation,2
evalley,2
Alfen,2
BEÖ,2
Gewinnspiel,2
EAFO-Studie:,2
Ladepunkte.,2
BNetzA,2
Car2Flex:,2
Netzsicherheit.,2
Elektroauto-Neuzulassungen,2
Perun,2
Blockchain,2
Schwedt,2
thg,2
Ekoen,2
"Photovoltaik,",2
!/bin/bash,2
ladeInfrastruktur,2
kfw,2
"KlimaVest,",2
Fonds,2
Windparks,2
"SchnellLG,",2
fossilfrei,2
"Ladepunkte,",2
Statkraft,2
RheinlandPfalz,2
klimakriseISTjetzt,2
RRF,2
NextGenerationEU,2
klimakrise,2
ausbau,2
gastronomie,2
live,2
SMGw,2
Thailand,2
BadenWürttemberg.,2
Stellenangebot,2
Tritium,2
Treptow-#Köpenick,2
SchnellLG.,2
NLGERMobility,2
TheMobilityHouse,2
MOIA,2
EnWiPo:,2
NRWfährtvor,2
E_Mobilität,2
GPJoule,2
CHAdeMO-Schnellladestandards,2
BDEW-Ladesäulenregisters,2
kostad,2
BilanzBilder,2
Wiedergrün,2
EVSE,2
Ladenetzes,2
efahrzeuge,2
KIT,2
EMPower,2
wirelane,2
Pressemeldung,2
bmwi,2
Forschung,2
Solarstrom,2
autogipfel,2
ScheuerRuecktritt,2
Energiesysteme,2
charginginfrastructure,2
madeinaustria,2
dccharger,2
accharger,2
berlin,2
Benzin-,2
Elektroauto​s,2
Oldenburg,2
Charger,2
geig,2
Digitalisierun…,2
Interview,2
TeamVDE,2
BundesratKOMPAKT,2
Finanzierung,2
Grünheide,2
TMZ,2
"EnBW,",2
Münster:,2
CLS-Kanal,2
ABL,2
PoweringProgress,2
Elektromobile,2
SeiDabei,2
EVBox,2
WIRSINDDABEI,2
ErneuerbarenEnergien,2
Ausschreibung,2
Energiewirtschaft,2
Parkplatz,2
VDA.,2
"Förderung,",2
WEG-Reform,2
"Ladesäulen,",2
Socialimpact,2
Sundern,2
EAuto-Markt,2
JoltEnergy,2
Hannover,2
Ratingen,2
Basel,2
Italien:,2
Kopp,2
Hamburg:,2
Energien,2
pv,2
E-Ladesäule,2
eMobilisten,2
Stromer?,2
IONITY,2
"GdW,",2
supercharger,2
"ZVEI,",2
Fördertöpfe,2
CO2-Emissionen,2
Lünendonk-Fokusseite.,2
reichweite,2
Energiepodcast,2
BMWi,2
Telekom,2
EAM,2
EEG-Umlage,2
Stromnetz?,2
Plugsurfing,2
emobilitätskompass,2
Sachsens,2
VW-Standorten,2
mobilitycarsharing,2
Reallabor,2
ChargeConstruct,2
volvo,2
hastobe,2
Elektroauto-Zulassungen,2
Laderoboter,2
Elektromobiliät,2
Energiewend,2
Deutschlandnetz.,2
Ladestrom,2
FFF,2
Schnellladefähigkeit,2
CCSLadestandards,2
ClimateAction,2
Magnetbeton,2
Chemnitz,2
Stromnetz.,2
CarbonZero,2
enPowerpod,2
29),2
Vorgaben,2
Verbrennerverbot,2
deutsche,2
goingelectric,2
energate,2
Elektromobilität!,2
Fitfor55.,2
EUGreenDeal,2
Stromkonzerne,2
Webkonferenz,2
Technik,2
Ladezeit,2
Ladeleistung,2
Solarpflicht,2
Ukraine,2
AFID,2
Luxemburg,2
VW-Strategie,2
Handwerksbetriebe,2
MaaS,2
SchleswigHolstein,2
e208,2
Binnenland,2
climatechange,2
Dortelweil,2
HPC-Netz,2
Pforzheim,2
GEIG:,2
kaulsdorf,2
PtL,2
Clever,2
FacilityManagement,2
mahlsdorf,2
mahe.,2
Dussmann,2
SecondLife,2
"Unternehmen,",2
Walle,2
Netzbetreiber,2
Verkehrswende:,2
Kohleausstieg,2
Landesregierung,2
Dresden.,2
Zwickau:,2
ICE,2
enviaM,2
Energiezahl:,2
ElonMusk,2
fail,2
Stromtankstelle,2
Hochwasser,2
Flutkatastrophe,2
schnellladegesetz,2
Kommunen.,2
eLadestationen,2
EAuto?,2
luenendonk,2
Gridserve,2
ladelösungen,2
erfahrung,2
efuels,2
investieren,2
sustainable,2
Tanken,2
ChargePoint,2
Iserlohn,2
ehighway,2
"Politik,",2
Straßenlaterne,2
ELadesäulen,2
Ladeinfrastruktur-Startup,2
TeslaModel3,2
Bremen.,2
Ludwigsburg,2
ElektroAuto,2
barrierefrei,2
Gigafactory,2
THG,2
SUISSE,2
electromobility,2
"Köln,",2
Hybrid.,2
egas,2
Scholz,2
Kommunales,2
E-Auto-Ladesäule?,2
Kartellamt,2
Cottbus,2
Verkehrsministerium,2
Bonn,2
Schweiz.,2
Förderservice,2
SuperCharger,2
Elektroauto-Fahrer,2
IT,2
Ladelösungen,2
gesetz,2
alwaysbecharging,2
Beschwerden,2
Wärmespeicher,2
LIS,2
BUS2BUS,2
öpnv,2
Klimawende,2
SWK2020:,2
Investitionen,2
Gemeinden,2
Ladesäuleninfrastruktur,2
Zukunftgestalten,2
"Fuhrpark,",2
Duisburg,2
Stadtverkehr:,2
Mainz,2
"eBussen,",2
CupraBorn,2
Lastenrad,2
Barrierefreiheit,2
Rostock,2
"Energiewende,",2
Luftfahrt,2
Eworld2022,2
vielzutun,2
VW-Tochter,2
Lkw-Schnellladern,2
Podcast,2
"Chemnitz,",2
Elektroauto-#Ladesäule|n,2
USA.,2
Spritpreisbremse,2
FunkoLiveTour,2
Medienmitteilung,2
Energiepreis,2
"Elektrofahrzeuge,",2
fuhrparkflotten,2
Coaching:,2
fuhrpark,2
Fahrzeuge,2
wasunsdiezukunftbringt,2
SCHWEIZ,2
Schleswig,2
mg,2
eMobilität:,2
Hirschaid,2
VerkehrÖPNV,2
InnovativeHochschule,2
Dehner,2
EnBW-CEO,2
Wasserstoff.,2
Citywatt,2
Masterplans,2
Bauen,2
Bundeswirtschaftsministerium,2
immobilien,2
Volkswagen:,2
Standardpreis,2
BDEW-Informationstag,2
LüWo,2
CutPower,2
Wohnungsunternehmen,2
enerix,2
Parkhaus,2
Jena,2
smartparking,2
interview,2
Renault-Ladedienst,2
eLKW,2
E-Mobility,2
FünfKurze,2
Aufladen,2
Schweiz:,2
Infation,2
Usbekistan,2
eActros,2
AudiQ4,2
Ladesäule:,2
relaunch#gestaltung,1
Staatskanzlei,1
Frankreich:,1
Tankstellen.,1
Niedersachen:,1
nachwachsenderohstoffe,1
Mittelstandsland,1
internet,1
emobilitiät,1
E-Ladeinfrastruktur:,1
Strand,1
programmierung,1
Innovation.,1
BoostedtRickling,1
"Elektro-PKW,",1
klimaziele2030,1
Atomkraftwerke,1
BEV🚘,1
ID5,1
website,1
Elektroauto-Fahrer:innen,1
COVID19,1
SKALE,1
Kfz,1
Lithium-Ionen,1
Mittelspannung-,1
Netzanschluss.,1
EBusse,1
hallonachbar.de,1
SmartCharging,1
Brunnencenter,1
Wohnungsanlagen,1
eBikes,1
grünwirkt,1
InZukunftGrün,1
Ressourcen,1
Neufahrzeuge,1
graphic,1
Verkehr:,1
NeunkirchenamBrand,1
Neuzulassungen,1
GISA,1
Verbrennerfahrzeuge,1
Stellungnahme,1
Go,1
kurzinformiert,1
Köln|s,1
Standorte?,1
GoingElectric,1
grafikdesign,1
WirSindOmexom,1
FCEV),1
WeAreOmexom,1
Ultraschnellladung,1
bundestag,1
stromausfall,1
ChargingRadar,1
CHEMPARK-Partner,1
HWK,1
Energiespeicher.,1
RWI-Studie,1
kurzInformiertByHeiseOnline,1
"Solarcarports,",1
HBEnergie,1
Vattenfall-CEO,1
Heidkate,1
Stein,1
Ökologie,1
"Schönberg,",1
Tesla?,1
KreisPlön,1
print,1
ELEKTROAUTOS,1
STEUERZAHLER,1
IINDUSTRIE,1
grafik,1
ostalb,1
gmünd,1
belektroberlin,1
earthday2022,1
tanken,1
Quickest_Rts,1
Roaming-Netz,1
BDEW-Broschüre.,1
WallboxSharing,1
Energieversorgungskonzepten,1
circulareconomy,1
INUAS2021,1
Digitalkompetenz,1
Ultraschnellladesäule,1
Bayernwerk,1
Geheimnis,1
ja2ley,1
wnplus,1
ReacT_Irish,1
SurvivalPiraten,1
NeoVac,1
Audi-Batterien,1
anpaus,1
Berlin-Friedrichshain,1
Elektrobooms?,1
Elektromotor,1
gambit,1
Energiespeicher!,1
klimawandelstoppen,1
klimaneutraljetzt,1
konzeption,1
Ladeinfrastruktur-Anbieter,1
co2neutral,1
bestof2020,1
klima,1
klimafreundlich,1
Hybride,1
Lade-#Infrastruktur,1
YouChargeMe.,1
fossil,1
energie…,1
"Website,",1
bullshitbingo,1
hotels,1
Prag,1
AlternativeAntriebe:,1
werbeagentur,1
PlugIn,1
Strombedarf,1
webseite,1
germantwitchsup,1
twitchstreamer,1
streamer,1
Innovationsnetzwerk:,1
CO2GesetzJa,1
twitch,1
Schnellladegestz,1
Speicher.,1
Treibhausgase,1
"PolyCrypt,",1
E-Autos.,1
Eberswalde,1
Bals,1
Tankstelle,1
proklima,1
Energieberatung,1
Gleichspannungs-#Ladeinfrastruktur,1
fleets,1
corporatedesign,1
SupportSmallStreamers,1
Schnellladern,1
Metro-Filiale,1
PKW-#Neuzulassungen,1
Tankstellenbetreiber,1
aral,1
wolfsburgdigital,1
ytgaintrain,1
hpc,1
ladenfuerlau,1
richtigwaslos,1
Autohersteller,1
Gruene,1
Köln!,1
THDeggendorf,1
wetzlar,1
germanmediart,1
Energietechnik,1
youtubesupport,1
emobil,1
stromtanken,1
Wallbox-#Förderung,1
Verkehrsvermeidung.,1
KfW-Förderung,1
ChargInGermany,1
Südkorea,1
"Bender,",1
SilverAtena,1
Gebäudemanagement,1
A11,1
iONiX,1
Apps,1
fossilfreie,1
StiftungWarentest:,1
Jedlix,1
Ladeinfrastruktur-,1
staytuned,1
SocialCredit,1
Seoul,1
Radverkehr,1
ReflexVerlag,1
ladenetzde,1
Backendsystem,1
Schellladen.,1
TESLA.,1
Ladeinsfrastruktur,1
Europe20xx,1
Sustainability,1
startup,1
fördermittel,1
Ladeinfrastruktur-Tag,1
hensel,1
TakeoverKN.,1
Individualverkehr,1
Batterietechnologie,1
Japan.,1
Winkelhaid.,1
automotorsport,1
moove,1
Batterie-elektrische,1
NLL,1
DIN,1
biesdorf,1
autoindustrie,1
Innovationen,1
Planung,1
Bechtle:,1
1stEVtravel,1
ATZlive-Tagungen,1
Klimaschutzgesetz,1
SolarpflichtNeubauten,1
Beteiligung,1
JohannesPallasch,1
Detmold,1
LAden,1
smartcity,1
Aral-Tankstellen,1
Antrieb,1
gruene,1
ATZlive-Tagung,1
Warstein,1
Verwaltungsgemeinschaft,1
Weidmüller,1
Gerolzhofen,1
Ladepunktdichte,1
Elektronikspezialist,1
Beschilderung,1
Fahrradabstellanlagen,1
stadtwerkeschwabach,1
Bundesumweltministerium,1
Grünen,1
eGolf),1
E-mobilität,1
schnorren,1
Airbus,1
A350,1
Ecocoach:,1
ATZlive,1
"Nutzerfreundlichkeit,",1
EKZ,1
Berlin-#Spandau,1
elonmusk,1
Rahmenbedingungen:,1
"Batteriezellfertigung),",1
01,1
Wagniskapital.,1
supermarkt,1
Kommentar,1
ABZ,1
"Ladegrün,",1
Pegnitz,1
Immobilien,1
evpass,1
vwID3,1
vwID4,1
Elektroauto-Experte,1
hallonachbar-Interview:,1
zahlderwoche,1
Frankfurt:,1
fossilfrei|e,1
JederBeitragZählt,1
ElektroFahrzeuge,1
SchnellesLaden,1
eboat,1
Carvolution,1
Ansmann,1
Amazon,1
48V,1
emobilityRevolution,1
EVerybodyIn,1
Genehmigungsverfahren,1
HeuteImKabinett,1
Companies,1
erneuerbareenergien,1
fastcharge,1
Gießen.,1
"Pfeiffer,",1
Schnell-Lade-Gesetz,1
VolksbankMittelhessen,1
Rücktritt,1
Arbeitsrecht,1
Siegerland.,1
Schnellladegesetzes,1
Ladeinfrastruktur.Um,1
chargingstation,1
Elektrolieferwagen,1
Verteilzentrum,1
security,1
sicherheit,1
Ruhrgebiet,1
BeeChargingSolutions,1
IP,1
Handwerk|sunternehmen,1
Energiedienstleister,1
Frankreich.,1
eCannonball,1
Kaufland-Ladesäule,1
eMobility-Partnerschaften,1
Markthochlauf,1
Firmenflotte.,1
ECom,1
politik,1
Ladeinfrastruktur-Investoren,1
Starterset-Elektromobilität,1
Verkehrspolitik,1
ModalSplit,1
TechnikTalk,1
Wallbox-Produktion.,1
PBL,1
Carsharing“,1
gera,1
EFlotte.,1
Ebelingstraße,1
DRK,1
erneuerbaren,1
YouChargeMe🙂▶️,1
"Onlineseminar,",1
Liegenschaften,1
Automobilhandel,1
"TechnikTalk,",1
InCharge,1
Disrupt:,1
Europe2021,1
Niedersachsens,1
Freundlichkeit,1
Ekoenergetyka.,1
ÖPNV-Betreiber,1
Unimi,1
Karriere,1
AKEMO,1
RENplus,1
Brandenburg.,1
DataScientist,1
Elektroladestationen,1
eMobility-Unternehmen,1
Informationsplattform,1
BMW-Chef,1
Förderangebot,1
ElektroSpicker,1
Telekom.,1
scheuer,1
Ladestation-Anbieter,1
Wasserstoffnetz,1
VDIV-Deutschland-Geschäftsführer,1
Student,1
Schildbürgerstreich,1
eStation,1
id4,1
chargeBIG,1
VDE,1
Zukunftstaxi,1
WEG-Reform.,1
EZB?🤡,1
energiepolit…,1
ChargeNow,1
Ridepooling,1
Willingen,1
Efteling,1
Dessau-Roßlau,1
Immobilienverwalter.,1
VDIV,1
Forderung,1
ladegerät,1
Leaf,1
AGBRecht,1
joebiden,1
Hotellerie,1
farasis,1
GrStR,1
Ostern,1
Ostereier,1
Strom-Ladesäulen,1
Ostern2021,1
Osterhase,1
Feiertage,1
6:,1
Mobilitätsanbieter,1
energiei…,1
Verkehrswendebüro,1
usa,1
energieiwir…,1
Digitalisieru…,1
DAI),1
mercedes,1
wirtschaft,1
industrie,1
EnBW-Ladesäule.,1
Elektromobilität|s-,1
Ionity-Stationen,1
Energienetz,1
Electrive,1
Elektromobilisten,1
"Arbeitslosigkeit,",1
Autogipfels:,1
Stadtfeld-Ost,1
Bern,1
Elektroplanung,1
Elexent.,1
"Lastmanagement,",1
Markt,1
servicetweet,1
Countdown,1
fkk24,1
energiepo…,1
Zielgerade,1
SeiPionier,1
InfraStruktur,1
Wasserstofftankstellen,1
landkreisnortheim,1
Harzweserland,1
vorankommenNRW,1
teamlewe,1
wirinmünster,1
Stromkompass,1
Schweiz-Kooperation.,1
DISA,1
Migration,1
Freiheitsgefühl,1
Oppeln,1
Solaris,1
Forschung:,1
THLübeck,1
bft,1
"Stromnutzung,",1
MyZoe,1
renault,1
zoe,1
umweltbundesamt,1
ScheuerBox,1
CO2-Grenzen,1
"Ladenetze.""",1
echarge,1
induktion,1
infofreitag,1
Sozialstaat?,1
hydrogen,1
Enercity-Tochter,1
NPM-Vorsitzender,1
Wirtschaftskrise.,1
PioneerFund,1
Retro-Look,1
Weidmueller,1
E-Fahrzeug,1
ZahlderWoche.,1
compane,1
Landkreis,1
Wohnquartiere,1
Erding,1
Ladesäule-n,1
Kombination,1
NRW:,1
EMEA-Region,1
Lithium-Batterien,1
Lithium-Ionen-Batterien,1
Bietigheim-Bissingen,1
"Bus,",1
"Bahn,",1
Rad,1
ÖPNV-Lösungen,1
Photovoltaik-Batteriespeicher,1
SchwäbischHall.,1
19,1
Hotelgewerbe,1
HPC-Station,1
THG-Quote:,1
002,1
hondaelectric,1
RGCfragtnach,1
Versorger,1
WallboxChargers,1
Lkw-Bereich,1
Garagenhöfe,1
Virta,1
landkreispeine,1
wito,1
Bankentag,1
Supercharger-Standorts,1
top,1
grps,1
va,1
Ihlower,1
Aufbruch,1
Ladeinfrastruktur-Lösung,1
HPC-Netzes,1
FCEV,1
Deal“,1
Ziel,1
Durchbruch,1
förderungen##eMobilität,1
betreiber,1
Kreditkarten,1
Gastronomie,1
FestUndFlauschig,1
SMS,1
R2G,1
Umweltschutz,1
EMobility-Markt,1
Strompreis.,1
LISvorOrt,1
Elektroaouto,1
bem,1
EVCharging,1
LadeStation,1
Ladepreise,1
Ladesäulennetz,1
ACEA,1
Oberhausen:,1
AKKA:,1
mitarbeitermobilität,1
Netzkapazität,1
Ingelheim,1
MYPOWERCONNECTION,1
KfWFörderung,1
"19""",1
Ladeinfrastruktur-Konzepte,1
Discovere,1
eautoladen,1
Seevetal,1
SPD-Fraktion,1
Autobatterie,1
"YouChargeMe,",1
EU-Rechnungshof,1
energieautark,1
Smarthome-System,1
Energiemanagement-Funktionen,1
Delta,1
E_Auto,1
Stromqualität,1
Brüssel,1
LadeinfrastrukturfürElektrofahrzeuge,1
Netzanschluss,1
Zielorten,1
Wohnquartieren,1
Alltags.,1
Förderpaket,1
Showroom,1
Taycan,1
Kona,1
I3,1
Zwinkersmiley,1
Smartcharge,1
Politik,1
Elektroauto-Ladeinfrastruktur-Förderprogramm,1
"Halver,",1
Kriminalität,1
QPark,1
NewMotion,1
Ladeinfrastruktur-Partnerschaft,1
chargecloud,1
Gewerbetreibende,1
Standortpartner-Produkt,1
"Bezahlvorgänge,",1
ILB,1
DeutscheTelekom,1
Antriebswechsel,1
EAuto-Nachfrage.,1
Praemien,1
NI,1
EnBW-Chef,1
Ladepunkt​en,1
online,1
ZeroEmissions,1
EmissionsFrei,1
ElektroFahrzeug,1
ElektroMobilitaet,1
GoCardsAg,1
AnwaltsKarte,1
okai,1
thedrivery,1
motionshow,1
EVBox-Ladepunkte,1
GOFAST:,1
en…,1
Efuels=extrem,1
Efuels,1
Elektromobilisten.,1
Tesla-Herausforderer,1
energiemanagem…,1
EAuto-Kauf.,1
Frankenau,1
"Ladesäule,https://t.co/x82nT52gDu",1
DOGEWO21,1
Eletkromobilität,1
Hessen:,1
"Ladeinfrastruktur.""",1
SH,1
Windräder,1
Blockhütten,1
Trafostation,1
"Ladesäule,https://t.co/Dx6aymkhiv",1
Konverter,1
Backend,1
AnwaltInDerTasche,1
Versorgungssicherheit,1
Potsdam|s,1
SWDMagazin,1
Kommunalrichtlinie,1
Straße,1
Schiene,1
Elektroantriebe,1
ezug,1
HiFi,1
HySolutions,1
Hamburg.,1
ReallaborAnwohnerladen,1
Klimaneutralität2035,1
Berlin“,1
Kia,1
Eisenmann,1
Mieterstrom-Projekte,1
MärkischerKreis,1
Clubhouse-Talk,1
"automobil,",1
"VoxTV,",1
E-Auto|s.,1
Wallbox-Installation,1
Futuremobility,1
Herdecke,1
Synfuel,1
HLT,1
"Verbrennerlobby,",1
BDEW.,1
Ladeinfrastruktur-Partner,1
Mainmetropole,1
Kanada,1
eBussen,1
Milliardenpaket,1
"Tourismus,",1
Bundesrat|s,1
Bedarfsanalyse,1
Guben:,1
eLoaded,1
fahrtaxi,1
HPCLader,1
Ladebedarf,1
Mieterstrom,1
Emobility:,1
Ladeinfrastruktur»,1
Leasing,1
WirMitIhr,1
LTWRP2021,1
Evlomo,1
Zipse,1
Elektroinstallation,1
Ladeinfrastruktur-Netz,1
Ladeinfrastruktur🔋.,1
FastFinder,1
EMobility.,1
Kobalt,1
tvtriell,1
Teilhabe,1
österreich,1
juicebooster2,1
chargingsolution,1
umweltfoerderung,1
klimaundenergiefonds,1
FKEM21,1
Swissbau,1
Volkswagen-Konzern,1
InvestinIndia,1
Hinweis,1
Herstellung,1
elektronischeKomponenten,1
MakeinIndia,1
alternativeAntriebe,1
Mobilität?,1
14,1
futuretech,1
smartcharge,1
Prüfungen,1
SUV,1
KarenOfTheDay,1
Ariya,1
"Schalksmühle,",1
"Kierspe,",1
Meinerzhagen,1
Herscheid.,1
Varta,1
energiep…,1
OEMs,1
plugin-Hybride,1
Elektrobonus,1
ladeinfrastruktur!,1
wohnungswirtschaft,1
SmartQuartier,1
Förderprogramm.,1
"Wohnungswirtschaft,",1
ltwsh22,1
Mehrfamilienhäusern,1
"Elektromobilität⚡️,",1
GdWWohnen,1
VerbrennerVerbot,1
OGD,1
GdW:,1
Jobs:,1
Arbeitsplätze,1
energiemanagement…,1
PaulGroup,1
Länder,1
Deutschland!,1
AusstiegsDatum,1
Verkauf,1
Immobilien.,1
Diesel-#Autos!,1
VerbrennungsMotor,1
Passau-Sperrwies,1
KlimaZiele,1
Jaguar,1
detoxyourmobility,1
Volkswagen-#Konzern,1
electricvehicles,1
mission2030,1
Schneckentempo,1
Köln:,1
WeißeFlecken,1
Ionity:,1
EU-Staaten,1
CO2-Standards,1
Bundesverkehrsministerium,1
Elektroauto/s,1
A2,1
"Ladesäule​n-Typen,",1
digitaltalk,1
Bürgerbeteiligung,1
Prüfungen.,1
VDEJobs,1
kooperation,1
Webcast,1
akkuzellen,1
MFG,1
ChargeUpEurope,1
EU-Verordnung,1
verordnung,1
neubau,1
sanierung,1
Partizipation,1
Velbert,1
EV-Ladesäulen,1
VWPowerday,1
Aralpulse,1
PowerDay,1
Elektrobuskonferenz,1
elekbu,1
elektrobus,1
car2flex,1
Ladesäule|nverordnung“,1
VWeup,1
Synfuels,1
Ursachen,1
Dienstleistungsprogramm.,1
SparteDienstleistungen:,1
Rutesheim,1
Hanau:,1
acea,1
Autobauer:,1
energiepol…,1
"Elektroauto,",1
Kundenorientierung,1
Ladevorgang,1
E-Auto:,1
"LadeInfrastruktur,",1
tarif,1
Ladesäulencheck:,1
vzbv,1
eAuto-Technik,1
SensorManufaktur,1
MehrPlatzfürsRad,1
autofreie,1
saxony5,1
icharging,1
Radfahrern,1
DESIGNETZ,1
SINTEG,1
Rover,1
UrbanMobility,1
Energiedienst-#Wasserkraftwerken,1
Hochrhein.,1
myecar,1
FormelE,1
Instagram,1
Kanal,1
FEV,1
Uniper,1
Hilpoltstein,1
baerenbern,1
Gen3:,1
appentwicklung,1
silis,1
MotorPresseStuttgart,1
Werkstatt,1
EnBWir,1
ladeverzeichnisse,1
chargemap,1
klimaneutral2050,1
Dräxlmaier,1
MOQOSummit2020,1
"Coaching,",1
"Greifswald,",1
Lademöglichkeit:,1
Treibhausgas,1
Lastmanagement,1
Energieinfrastruktur,1
Lastmanagement:,1
eMove360°Magazin,1
neueMobilität,1
Kunst,1
Ladepunkt!,1
Wallbox?,1
BMU,1
Zukunftbeginntzusammen,1
"Salzwedel,",1
"Uckermark,",1
OWL,1
Freising,1
Bremerhaven,1
bittewendenrichtungzukunft,1
HPC-Ladepunkte,1
RolandSchüren,1
RecoveryFund,1
Innovationsplattform:,1
Kunden,1
Luitpoldanlage,1
Mobilitätsmonitor2020,1
"Klimawandel,",1
StadtWolfsburg.,1
Altmark,1
Welmo,1
Potsdam.,1
Wohnungseigentumsgesetz,1
"Förderprogramme,",1
eDiesel,1
Flottennutzern,1
WeAreSPIE,1
Plattform,1
Industriestrategie,1
Nikola.,1
SPD,1
CSU,1
linke,1
COVID__19,1
COVID19de,1
erderwärmung,1
preischaos_an_der_ladesäule,1
kohleausstieg,1
Lidl,1
LIDL,1
Halver,1
Wittnau!,1
FormulaE,1
Kompetenzteam,1
Mitarbeitermobilität,1
"GIZS,",1
ehipayment,1
Verkehrsinfrastruktur,1
"EMobilität,",1
McDonald’s-Filialen.,1
EAuto:,1
Instagram-Kanal,1
NachhaltigeMobilität,1
"Solar,",1
Produktion,1
DialogDays,1
SiC-Bauelemente,1
stayincontact,1
Messe,1
Akkuauto/#Ladesäule/#Elektrobus,1
powerelectronics,1
Subventionen,1
Steuerzahler.,1
PTB,1
Mobility.,1
Brennstoffzellentechnologie:,1
Software-Lösungen,1
paydirekt,1
NRWähltKlima!,1
*Diesel.,1
"Tesla,",1
Gelsenkirchen,1
Partner,1
HildegardMüller,1
Emobile,1
Fahrradkaufprämie.,1
WeMoG,1
Everon,1
Langenaltheim,1
GroKo,1
CarlaCargo,1
"Zipse,",1
CO2-Zielen,1
EU-Kommission.,1
Kunde,1
Obelis,1
eMobilität.,1
renting,1
Services,1
Liebeskummer,1
Radkutsche,1
Teslamodel3,1
Radwege,1
Mobilitätsprämie.,1
ABBFormulaE,1
Rittal,1
kuenstlicheintelligenz,1
blaueflotte,1
vwfs,1
"Antriebstechnologie,",1
Burk:,1
SparteDienstleistungen,1
SmartCityWerkstatt,1
Mietrestrommodell,1
NOYSEE,1
Energiesektor,1
Cybersicherheit,1
SPD-Wirtschaftspolitikern.,1
THUESAC,1
Altenburg,1
MAN-Vertragspartner*in,1
Gemeinderat,1
NeueMobilitaet,1
Elektromobillität,1
"Ladeinfrastruktur"":",1
KatjasAutokorrektur,1
Hybrid-PKW,1
Belgien.,1
Verkaufsprämie,1
AIaaS,1
Technologien,1
Standard,1
JobmotorEE,1
"aufladen,",1
nachladen.,1
Möhnesee,1
teslaModel3,1
Mobilitätsgipfel,1
Flotte.,1
Autostrom:,1
tecnewsTuesday!,1
orle,1
automobilbranche,1
Hamborn,1
Nordbayern.,1
chargeBIG:,1
elektroauto/s,1
LBBW.,1
Balkonkraftwerke,1
Parkfläche,1
Wasserstoffspeicher,1
Wasserstoffbusse,1
Spalten.,1
Vertrauen,1
Praxiswissen,1
Seelze,1
opelamperae,1
energyhack2020,1
RegenerativeEnergie,1
"Charge4Europe,",1
eBus👇,1
Hagen,1
audietron,1
bmwi3,1
jaguaripace,1
hyundaykona,1
mercedeseqc,1
teslamodel3,1
Fernbus,1
teslamodels,1
teslamodelx,1
nissanleaf,1
SIHK,1
KaiLücke,1
nissanenv200,1
renaultzoe,1
induktive,1
vwegolf,1
ladestationsbedarfsschätzer,1
Erlebniszentrum,1
"Salzburg,",1
Vienna,1
Mooncity,1
ID3VW,1
Gadget,1
Wissen,1
RWTH,1
Schilda!,1
Ortschaftsrat,1
risiko-reiches,1
EAutos.,1
Stickoxidbelastung:,1
Immobilienwirtschaft,1
LINOxBW,1
Bauministerkonferenz,1
Holz,1
Wohnungseigentümern,1
Mietern,1
Elektroauto.s,1
Wohnraumförderung!,1
kostengünstigenWohnraumschaffen,1
KerstinSchreyer,1
bauenbauenbauen,1
sda2020,1
NowYouCan,1
Schwegenheim,1
bm,1
Recht,1
AnschubUmbauAntrieb,1
Diesel-Trucks,1
TheNextBigThing!,1
DLR,1
LDK,1
GläserneManufaktur.,1
Frankenthal,1
Eppstein,1
WEGReform,1
FAS,1
Landsberg,1
komplexität,1
EVs,1
GlobalStrike,1
hybrid,1
e-auto,1
ikea,1
bmw,1
eidiots,1
Pluginhybrid,1
asi,1
idioten,1
jobsearch,1
E-Fly,1
derjobchecker,1
"ABB-Ladeinfrastruktur,",1
Schifferstadt,1
Kressbronn,1
agility,1
Wechselstrom,1
agile,1
"Aral,",1
batteryday,1
ZEITfürKlima,1
enspired,1
ElektroAutos:,1
scaledscrum,1
Gesetz,1
Lader,1
wohnung,1
eigentümer,1
safe,1
wohnungseigentümer,1
eigentümergemeinschaft,1
rechtsanspruch,1
glasfaseranschluss,1
KeinGradWeiter,1
Tech,1
VWElektro,1
workshops,1
MobilityHub,1
Ladeinfrastruktur),1
Batterierecycling,1
JOLTEnergy,1
Crowdfunding,1
"Wärmewende,",1
Autohof_Strohofer_Geiselwind,1
MINI,1
gutfürösterreich,1
Energieunternehmen,1
"Energiewende...""",1
Laden.,1
Dogern,1
Niederspannungshauptverteilung,1
Delmenhorst,1
Café,1
Fotovoltaik-Dach:,1
rbb,1
bockaufbochum,1
"Software,",1
BestPractice,1
ltrlp,1
NeueWege,1
SchnellLaden,1
Ladeparks,1
Hilden,1
Autobahnkreuz,1
praxis,1
001:,1
Neubrandenburg,1
Greifswald.,1
Energieeffizienznetzwerke,1
Automobilmarkt,1
Weinheim,1
Teilefertigung,1
Daimler-Werken,1
Länderkammer,1
Steuerbefreiung,1
EFahrzeugen,1
Lastenmanagement.,1
Stadtwerke.,1
id3deutschlandtour,1
Dettelbach,1
mobilitätswoche,1
Daseinsvorsorge.,1
SIRI,1
ALEXA,1
fastned,1
EFahrzeuge,1
Energiedienst.,1
Lifestyle,1
SmartParking,1
"Marburg,",1
noLNG,1
GenH2,1
Klima2050,1
Lastmanagements,1
AMTRON,1
Elektropanzer,1
Fahrzeugbatterie,1
PowerSwap.,1
LoRaWAN,1
Getec,1
OnlineWorkshops,1
LoRaWAN®-gestützte,1
Südbayern,1
Ladeinfrastrukturen,1
driveelectric,1
Bochum.,1
Giroe,1
Klimabilanz:,1
Unsinn,1
Schummelei,1
Stromer,1
Bensberg,1
Infraschall,1
Ladesäulengespräche,1
DieZeit,1
TDI2020:,1
eGovernment,1
sccon20,1
neuemobilität,1
"Eauto,",1
Elektroautos🚗zugelassen.,1
Weltauto?,1
StromSharing-#Community,1
Einfachladen,1
privateladeinfrastruktur,1
Stadt,1
Land.“,1
Interview.,1
innovativ,1
evse,1
eautos?,1
EU-Projekts,1
Intercharge,1
connectedhome,1
Elektroauto-Ladeinfrastruktur?,1
InDenKöpfen,1
"Wallbox,",1
Wasserkraftanlage,1
fahrdochelektrisch,1
ebus,1
Vehicletohome,1
OEM,1
ZVEIimDialog:,1
eMobility-Entwicklungszentrum,1
Delft,1
VehicletoGrid,1
ChargeUp,1
springerprofessional.de,1
Leun,1
BidirektionalesLaden,1
Globus,1
"Arbeitsplätze,",1
Dänemark,1
Schweden,1
partizipation,1
Energieatlas,1
KMU.,1
eMobility.,1
Internet.,1
Ladeatlas,1
Windrad,1
KWK-Anlage,1
V2H,1
WohnWirklichkeit,1
Klimavor8.,1
Wilmersdorf.,1
urbanmobility,1
amazon,1
SWB,1
ShapingMobility,1
VWNutzfahrzeuge,1
dxbemanagement,1
GebauerElektrotechnik,1
A6,1
smopi,1
Normalladesäulen,1
FDI,1
Ottawa:,1
"5G-Netz,",1
"Cybersecurity,",1
emobility.,1
Thüringen:,1
zukunftbeginntzusammen,1
Belzig,1
ZVEIimDialog.,1
"Technologieoffenheit.""",1
EIektromobilität,1
SaubereLuft?,1
VDIV-#Newsletter:,1
UtaBurghard,1
Heute,1
stadtwerke,1
Klimaschutz-Programm,1
ELBE.,1
SchneiderElectric.,1
Elektrobomilität,1
AutomotiveNds,1
Foerderung,1
"Standards,",1
Strategiedialog,1
Ladeinfrastrukturgipfel:,1
Stammtisch...,1
"Mietendeckel,",1
…https://t.co/6Jj8gVPeHJ,1
eLadenetzIndex,1
EAuto|s:,1
SocialScoring,1
Landeshauptstadt,1
klimaneutral.,1
"MecklenburgVorpommern,",1
Elektroantrieb.,1
Energiedienstleisters,1
WEMAG,1
"emobilitylab,",1
LucidAir,1
MeineKraftVorOrt,1
Süwag-Ladesäule,1
"EEG-Novelle,",1
Corona,1
cleanenergy,1
Wirtschaftsminister,1
Altmaier,1
Ladeinfrastruktur-Woche!,1
Klimabilanz,1
Stromlieferanten,1
SpringerProfessional,1
edeutschland,1
Wertheim,1
Ladesäulenregister:,1
Aerodynamik-Optimierungen.,1
ladeinfrastrukturgipfel,1
Ladegipfel:,1
Ladevorgangstarten:,1
CustomerExperience,1
plugandcharge,1
Ladenetzranking,1
Steinbach,1
V2X-Ambitionen,1
eCommerce,1
podcast!,1
CNG,1
PROVITA,1
elektrischfahren,1
VWSachsen,1
VW-Planer,1
Arnsberg,1
LadeStrom,1
roaming,1
synfuel,1
Fürth,1
marketing,1
socialMedia,1
bessermachen,1
OBELIS,1
Pflegedienst,1
Teamarbeit,1
Weitblick,1
Ladegrün,1
VDA:,1
ElektroTalk,1
umweltfreundlich,1
Wuhlheide,1
nachLADEN,1
Kempower,1
agro,1
autonews,1
Analyse:,1
Microgrids.,1
electrifiedwomen,1
emobilisieren,1
polestar,1
Doctesla,1
ovekroeger,1
badenova.,1
google,1
Probefahrt,1
blog,1
autovlog,1
Merzhausen,1
emsland,1
emobicon!,1
Energiespiecher,1
Caritas,1
aufeinneues,1
Ladeinfrastuktur,1
Indien,1
Erneuerbaren.,1
"Zwickau,",1
Diakonie,1
Tesla:,1
Enel,1
Falschparker,1
batterie,1
Niemcy,1
Alemania,1
Musk,1
Elektrofahrzeug.,1
elektrifizie,1
zukunftinvest,1
Vogtlandkreis,1
battery,1
TEAG-Netztochter,1
ThüringerEnergienetze,1
HM21,1
GasSchutzStrom,1
HannoverMesse,1
EnergySolutions,1
Vestas,1
Gießen,1
Rewe-Supermarkt,1
Oberasbach,1
Tiefgarage,1
charger,1
eBus,1
follow,1
Konzepte,1
zweiJahre,1
150MilliardenEuro,1
Ausgründung,1
"Inselwerke,",1
Beckum,1
A2-Ausfahrt,1
einfachladen.,1
Saemes,1
ESSO-Tankstellen,1
JuicePass,1
workshop,1
officecharging,1
homecharging,1
Nachhaltigkeitsstrategie,1
"Verkehrswende,",1
McDrive,1
BigOil,1
Energiekonzernen,1
Xcharge,1
Hertz,1
Korsika,1
Video,1
Weltenrettern,1
Tankstellenbetreibern,1
Emissionsfrei,1
KlimaKonstruktiv,1
Verteilnetzbetreiber,1
BAFA,1
Innogy,1
Ladeservice,1
Touristen,1
Bayern:,1
"Neuzulassungen,",1
"Hypercharger,",1
Abtei,1
"Autogipfel,",1
Gadertal,1
AutoGipfel,1
energiepoli…,1
Gigafabriken,1
BDEW-Umfrage,1
5G,1
Autolobby,1
umdenken,1
lobbyismus,1
schieneninfrastruktur,1
öv,1
ZahlderWoche:,1
EBikes,1
Radinfrastruktur.,1
"Umweltbonus,",1
VisionZero,1
PVAnlagen,1
radverkehr,1
failedstate,1
Eautos,1
Ladesaeulen,1
Autolib,1
Belib,1
"Hannover,",1
EnBWHypernetz,1
NettoNull,1
Drehmoment,1
Wirsinddabei,1
NaKoMo-Jahreskonferenz,1
Sanieren,1
PlugIn-Fahrzeugen.,1
Standpunkt:,1
Dieselskandals,1
Renovieren,1
Energiedichte,1
JetztZukunft-Talk,1
Dobrindt,1
Automobilgipfel,1
Autoland,1
schienenlogistik,1
Autogipfel:,1
eAuto-Ladepunkte,1
Service4Charger,1
elekroautos,1
LKWMaut,1
WolfsburgDigital,1
Niederlanden,1
Elekroautos,1
NurMalSo,1
Volkswagen-E-Mobilitäts-Vorstand,1
ThomasUlbrich,1
HorváthPartners,1
eScooter-Verleiher,1
toom,1
ad,1
CO2-Ausstoß,1
Bussen,1
Charger.,1
Flächen-Tool,1
HPC-Säulen,1
Innovative,1
E-#Ladesäule,1
Alfeld,1
Nutzfahrzeuggipfel,1
LNG,1
EMobilität🔌🚗,1
EU-Ratspräsidentschaft,1
NewbornAcquisition,1
Nuvve,1
Radfahren,1
"KMU,",1
ePKW,1
InnovationForEveryone,1
Elektromobilitätsgipfel.,1
BeScheuert,1
Corona-Hilfen,1
Abwrackprämie,1
"Endinstallation,",1
Ramschutz,1
"Ladepunkte.""",1
Soest.,1
ablemobility,1
Ladetarif,1
denakongress,1
SanktEgidien,1
Grünstrom.,1
VWSachsen!,1
Automobilindustrie:,1
Ladesäulengipfel🔌,1
Technologiespezifität.,1
eeg,1
eScooter,1
mikromobiltät,1
Elektromobilitaet-Projekte,1
Skigebiet,1
400,1
elektroautoladen,1
Alpitronic.,1
Stromladesäule,1
springerprofessional.de:,1
Eisenach.,1
Energiespeichern,1
"Photovoltaik-Anlagen,",1
Elektromobiltät,1
Bechtle,1
Hellweg,1
EU.,1
Bundesregierung.,1
Heppenheim,1
cologne,1
Premiere:,1
Trafo,1
Volkswagen-Ladesäule,1
Burggriesbach,1
Freystadt),1
EURO7,1
Breitband-Internet,1
Mittelstandsförderungsprogramm,1
Wirtschaftvor8,1
Compleo-#Ladegeräte.,1
Südstadt,1
Doppeldeckerbusse,1
Schnelladern,1
Digitalisier…,1
einvoicing,1
invoicing,1
Bautagebuch,1
KW49,1
bauerkirch,1
wirbauenan,1
Digitalis…,1
energieiwirtschaft…,1
Kammerstein:,1
Breitband,1
Realität,1
Reker,1
SWK,1
solaris,1
evergabe,1
EFahrzeug,1
Stadion,1
Eworld2021,1
Internationalen,1
"Renault,",1
Fuhrparks,1
Partikularinteressen,1
technologieoffen,1
InductInfra.,1
volt,1
ltw2020,1
ltwbw,1
Verkehrswende-Projekt,1
Elektroau,1
Gruenstrom,1
Ladesäulenregister,1
DC,1
Schaffhausen,1
elektroweltrekordflug,1
Irizar,1
dhdl,1
VBSH,1
Kernen,1
Tulpenstraße,1
"EnelX,",1
"Enel,",1
China.,1
Mobilitätssektors.,1
Nord,1
Kraftfahrzeughersteller,1
vorwärts,1
Potenzial,1
PlantItForward,1
weMove,1
Wolfsburg.,1
Neubauten,1
Der_VDIK,1
EU-Mindestanforderungen,1
Bergfest,1
Elektroauto/#Verbrenner:,1
id3Marathon:,1
Adhoc,1
EC,1
foerderantraege,1
juicecharger2,1
juicechargereasy,1
foerderfaehig.,1
juiceworld,1
"Kartenwirrwars,",1
KlimaneutraleMobilität,1
"intransparenz,",1
framing,1
CharIN-Projekt,1
VWID4,1
Mastercard,1
Carsharing,1
mRnS,1
kontaktlosbezahlen,1
kreditkarte,1
debit,1
lesegerät,1
Gigabitstrategie,1
ClimateCrisis,1
ClimateJustice,1
ClimateEmergency,1
Monopolstellung,1
EMobilitaet.,1
CarSharing-Anbieter,1
Gera,1
Ökostrom.,1
hbautogipfel.,1
100Tage,1
Hybridantrieb,1
PrivacyShield,1
GdW,1
Elektrofahrzeuge!,1
"NordrheinWestfalen,",1
parking,1
Wohnquartiere​n,1
autogipfel2021,1
EGG,1
Gastkommentar.,1
EMobilität-Technolgien,1
öffentliche,1
Betrieben:,1
GrosserRatBS,1
Eliso,1
EMobility-Pionier,1
CHEMPARK,1
Grünstrom!,1
CURRENTA,1
"SachsenEnergie,",1
Ladeinfrastrukt…https://t.co/EdCXyyGDzh,1
Frequentum:,1
Frequentum,1
Fördermittelberatung,1
VINCI,1
Edeka,1
Porträt.,1
Springerprofessional,1
ATZelektronik,1
Feldversuch,1
Osnabrück,1
DannyAuerswald,1
Lkw-Ladens,1
DigitalDachstrategie,1
eMove,1
weareomexom,1
hbautogipfel,1
Elektrombilität.,1
Electric,1
eAuto-Ladesäule,1
Strafzinsen,1
Negativzinsen,1
Niedrigzinsen,1
digitaleinfrastruktur,1
oepnv,1
"Pfalzwerke,",1
ESTFH,1
Neckarsulm,1
rrzh,1
Wirtschaft:,1
CarSharing,1
LieferVerkehr,1
Kiri,1
Induktion,1
Wechselakku,1
Sonstnochwas?,1
"Mobilität""",1
DankeUnion,1
EMobilityLAB,1
connected,1
Elektromobilist,1
"Straßenlaterne,",1
"Arbeitgeber,",1
Schwimmbad.,1
Impact,1
"Balkonkraftwerk,",1
Wachstumsmarkt:,1
Geely,1
Wohnungswirtschaft.,1
E-Auto-Zulassungen,1
elekro,1
induktiv,1
REWE-,1
Penny-Supermärkten,1
ConnectedKerb,1
2030,1
AC,1
Ladeinfrastruktur-Go↗️🔝👏,1
Klimafreundlich|er,1
Zero,1
quersenken,1
EcoInsel,1
Griechenland,1
E-Ladeinfrastruktur,1
transportCH,1
neovac,1
COP26Glasgow,1
Magenetbeton,1
InduktivesLaden,1
BerichtausBerlin,1
Fuhrpark's:,1
IHK_FFM,1
genauso,1
NaKoMo,1
bidirectional,1
"Hamburg,",1
oeamtc,1
Easelink,1
matrixcharging,1
eswe,1
FAQ,1
BMVI-Förderung,1
"Altenkirchen,",1
Neuwied,1
Westerwald.,1
noz,1
HamburgEnergie.,1
WasserkraftMussBleiben,1
Mobilitätswende:,1
DABEI.,1
LoveMagenta,1
Telekomwall,1
WeWontStop,1
werkstolz,1
eFluencer,1
movegreen,1
"Schiene,",1
niopower,1
benzinpreis,1
grünerstrom,1
NieWiederBeScheuert,1
"Technologieoffenheit,",1
airport,1
Lindner,1
EMMAs,1
Reev,1
Expertise,1
Elektromobilitätsmanagern,1
EZEnetwork,1
Siemens.,1
Österreich.,1
Wind.👍,1
Bushwalk,1
HZJ79,1
Gamedrive,1
Radfahrer:innen,1
Hitachi,1
Radwege?,1
Strategie,1
Elektrofahrzeige,1
Digitalvertrieb,1
"EVU,",1
Müller:,1
Koalitionsvertrag:,1
Ziele,1
vollelektrische,1
transparente,1
BVG,1
Zeiss-Zentrale,1
hdtjournal,1
staedtetag21,1
Energiegeld,1
Parkhäusern,1
Wasserstoff-Brennstoffzellensysteme,1
Mobilitätsmanagement,1
EnerCharge,1
Weiterbildung,1
Elektromobilität-Expertise,1
fkfs,1
EconComic,1
WirtschaftsregionBergstrasse.,1
Wallbox),1
Ravensburg,1
Bundesregierung|en,1
Schülerlotsen,1
Kommunen“,1
Cupra,1
Born-Kunden,1
EAuto!,1
UnionInvestment,1
Wirelane.,1
SMA,1
mobilityBB,1
not,1
einfacher,1
Ladesäulenverordnung.,1
Schulweg,1
sexualisierteGewalt,1
hdt,1
EVChargingInfrastructure,1
Straßenraum.,1
Rollfeld:,1
foerderung,1
"Carsharing,",1
23,1
electic,1
dmco21,1
AmpelKoalition,1
ADACTalk,1
"MobilitätsHubs,",1
Radnetzwerke,1
EVChargingstation,1
nachtsam,1
o2,1
vodafonebusiness,1
vodafone,1
telekom,1
Passau.,1
MobilitySolutions,1
BlackRock,1
Landshut,1
DStGB,1
Anfragen📜:,1
Landesinitiative:,1
schnellladesäulen,1
Digitalsession,1
Elektromobilität🚗,1
Strompreisflexibilisierung?,1
neu,1
japan,1
Bunderegierung,1
GoodGovernance,1
MasterplanLadeinfrastruktur:,1
Elektroauto|s:,1
Ladeproblem,1
Ladesoftware,1
Ladesäule-VO,1
öpnv.,1
Kartenchaos,1
THELAEND,1
ifoDresden,1
funfacts,1
Klimaneutralität2045.,1
Payment,1
EAuto.,1
blzopensource,1
squidapp,1
Rekord,1
Kassel,1
Stadtgrün,1
DekaImmobilien,1
Mennekes,1
Elektroflugzeug,1
Versicherungspflicht,1
Sayda.😍,1
Neuland.,1
EON-Ladetarif,1
Kartellamt:,1
Diesel-Generator:,1
kostenloserLeitfaden,1
wi:,1
ITSHamburg2021,1
Sanierungsfall,1
Sondierungen:,1
EMIL,1
Taunusstein.👇,1
CleverSnapshots,1
parkhaus,1
Steuern,1
china,1
u5,1
Blockchain-Projekt,1
borntrotransform,1
Fujitsu,1
aiways,1
Lesetipp:,1
FDPunter5Prozent,1
Entlastungspaket,1
ifoDresdenberichtet,1
Rentenreform,1
Herausforderungen,1
Arnheim,1
HORNBACH,1
deutschlandnetz,1
parkstrom,1
cake,1
Gastgewerbe.,1
tourismus,1
WELMO-,1
Fastned:,1
Etransporter#Ladestationen,1
mythen,1
faktencheck,1
checkliste,1
leitfaden,1
HajeksHighVoltage,1
gigafactory,1
Börsenkandidat,1
"Ladesäule""",1
Stadtrat,1
Weimar,1
"Weimarhalle,",1
Transparenz,1
ChargingStationPlatform,1
Projekten,1
DaimlerTSS,1
iLaPark,1
Monopolbildung,1
grünheide,1
stallantis,1
Lösung.,1
erkehrswende,1
Heroldsberg,1
nachhaltiges,1
Grünstrom,1
neueslogo,1
newlogo,1
ci,1
corperateidentity,1
GridX,1
emobkompetenz,1
Falschparken,1
Autokonzernen,1
Neukölln,1
opel,1
Ladeinfrastruktur-Report,1
BesserWeiter,1
Hydrogen,1
blauelösungenschaffen,1
osthessen,1
fulda,1
deutsch­es,1
Parkverbot­sschild,1
Ehre­n.,1
VDAHörtipp,1
rollsroyce,1
Ekoenergetyka,1
instantnews24de,1
Spanien:,1
energiewirtsch…,1
EAutos🚘,1
Wachstumssektor,1
ecar,1
Panion,1
AWS,1
Elektrofahrzeug|flotten,1
Ladeinfrastruktur|en,1
audi,1
Umfrage,1
COP26Glasgow.,1
"Diesel-Generatoren,",1
alternative,1
vdwgoesfuture,1
Antriebe,1
Ladesäulen-Wettbewerb,1
Autobahn.,1
energiewirt…,1
Ampelkoalition,1
fdp,1
Grüne,1
sPD,1
AnneWill,1
Monopol.,1
CNG-Waldmobil,1
Lkw-Hersteller,1
MUNiedersachsen,1
Anreize,1
Niedersachsen:,1
Baustelle,1
cef21,1
Hamburg-Bergedorf,1
DigitalDienstag:,1
Wertschöpfung,1
Logistikzentren,1
CO2-Minderungsziele,1
transportlogistik,1
Bürgerwindpark,1
"Ladesäulen""",1
Wangen,1
Ladeinfrastruktur-Aufbau.,1
vdw,1
Galp,1
Laboe,1
stromfahrer,1
stromfahrerapp,1
germanenergysolutions,1
Future,1
vollstrom,1
Netzausbau,1
"Stromnetz,",1
grid,1
Kehl,1
Mobilitätswende?“,1
OnCharge,1
Mobilitätsgeld,1
InterSolar,1
Klimaneutrale,1
"Gesundheitsregion,",1
regionale,1
RTLDirekt,1
mobilitätstage,1
HeidelbergerDruck,1
Audidome:,1
ladeninfrastruktur,1
schelllaer,1
Zoe,1
update,1
"Installationskapazitäten,",1
SchleswigHolstein/@metroregionHH,1
"Modulversorgung,",1
Elektroauto-#Ladeinfrastruktur,1
"teslaM3LR,",1
"porscheTaycan,",1
mercedesEQS.,1
Infradianba,1
MGMotor,1
Polestar,1
Magdeburg.,1
aktuell,1
einesäule4parkplätze,1
Europas,1
Projektgebiet,1
Blockkade??:,1
Verbrenner-Hersteller,1
Ladesäulenbetreiber,1
Fremdmarken,1
Oberhausen,1
Dialog,1
Supercharger-Netz,1
"Essen,",1
"Mobilitätswende,",1
AMPEL,1
heute,1
maybritillner,1
Illner,1
ElektroAutos,1
"Vision2030,",1
Straßenverkehr.,1
Straßen|#verkehr,1
"Bahn|strecken,",1
Nichts,1
stellantis,1
Elektroauto-Fuhrpark,1
investments,1
LED,1
Nachhaltiganlegen,1
Superbrand,1
Infrastrukturprojekt:,1
Solarstrom.,1
Förderungen:,1
eFahrzeuge,1
Lkw-Ladeinfrastruktur,1
Softwareorientierung,1
"Steuerungssysteme,",1
OvertheAir-Updates,1
Cyberangriffe-n,1
herausforderung,1
Projekt_ELEMENT,1
energiema…,1
magdeburg,1
CyberSecurity,1
e_mobilität,1
GründenLohntSich,1
THGQuote:,1
Cybersecurity,1
Ostbevern|er,1
AllElectricSociety:,1
"Energie,",1
StarkeNetze,1
IntelligenteGebaeude,1
Mobilitätswandel,1
Schweizer,1
EmoG,1
moblität,1
zukunftskonferenz,1
dieLinke,1
Angriffsziel,1
Steuerungs­s…https://t.co/8cyBz1at7s,1
NaturUmwelt,1
wirrwarr,1
AutomatedDriving,1
Robotertaxi,1
Dienstfahrzeuge,1
Autonomesfahren,1
82,1
RWTHAachen,1
SachsenEnergie!,1
Autos,1
dbdk22,1
Paxos,1
Elekromobilitaet,1
schilder,1
OTSECURITY,1
SWPPlus,1
ProjektELEMENT,1
Aldi-#Ladesäule,1
Bahnhof.,1
Radtaschen,1
Energiewende?,1
Technologieoffenheit.,1
Hansewerk,1
bundesnetzagentur,1
Benzinpreise,1
Sassanfahrt,1
swae,1
Forchheim,1
DieGruenen,1
Delek,1
OpRussia,1
High,1
strompreise,1
Wasserstoff-,1
ernergieversorger,1
Lieferdienste,1
baeckerhandwerk,1
Pflege-/,1
fossilen,1
Energiegipfel,1
winningGreen,1
Qualiconsult,1
Erneuerbare|n,1
Mobilize,1
BEVs,1
RoadshowElektromobilität,1
FreeNow-Taxis,1
Ladeinfrastruktur=Unabhängigkeit,1
sprit,1
kennzeichnung,1
richtlinie,1
efuel,1
Dossenheim,1
eu,1
automotives,1
Zoll|vorteilen,1
Solarspeicher:,1
"unielektro,",1
Immofinanz,1
Photovoltaikanlagen.,1
GeneralMotors,1
Google,1
kartenzahlung,1
Ettlingen,1
E-Möbilität,1
SmartGrid,1
Fahrradstrasse,1
ladestruktur,1
Service,1
"veg,",1
Steuer,1
"Elektrogroßhandel,",1
"würth,",1
"emobilität,",1
SBB-Flotte.,1
Kooperationspartner.,1
ParkraumderZukunft,1
VKU,1
Photovoltaik-Anlagen.,1
HPCSäulen,1
Kopenhagen,1
Schottland,1
JuiceTechnology,1
Ladeinfrastruktur-Ausbau?,1
niocars,1
fiat500,1
RaschauMarkersbach,1
Erzgebirge,1
KEBA,1
"BEV,",1
Zapreva,1
"PluginHybrid,",1
Emobil,1
"Ronnenberg,",1
solarinitiativen,1
"Langenzenn,",1
ISO15118.,1
NOXBlock-Projekt:,1
Ethanol,1
Einzelhandels,1
12JahreRLI,1
Erneuerbareenergien,1
Klimaziel,1
Schwerte.,1
Technologieoffenheit,1
Sonepar,1
Leaseplan,1
AgoraVerkehrswende:,1
Neon,1
"Dortmund,",1
Biodiesel,1
LEAG,1
VDA2022,1
SDA,1
"tanken,",1
TU,1
Ladeprozess,1
revolutionieren.,1
"Kommune,",1
Rodgau,1
H2-Tankstelle.,1
Ergebnisse:,1
Meinungsbild,1
Bereitschaft,1
ECarSharing,1
Russland,1
Biomethan,1
neoom,1
zeitzuhandeln,1
radio,1
gründer,1
RhombergsFabrik,1
SWM,1
Laax,1
Elektrokarren,1
Ladegrün!,1
FullElektricConcept,1
eGas,1
KerstinSchreyer:,1
Baerbock:,1
Umsatzsteuer,1
Buchholz,1
ladestandort,1
Ladeprozesse,1
"Hafencity),",1
Powergo,1
Spirii.,1
InfrastructureForum,1
"SmartGrid-Lösungen,",1
SmartCity-Anwendungen,1
GreenWay,1
Entratek,1
NextEraEnergy,1
Lesenswert...,1
Auto-Markt,1
"BEV-,",1
AhlmBadDavstdt,1
Freiheit,1
Druck:,1
Deutsche,1
"Corona,",1
ElektroG,1
Rücknahme,1
"Elektroaltgeräte,",1
Netto-Filiale,1
"Holzbauweise,",1
Steckerfahrzeuge,1
Tourismus,1
Leap24,1
Mastiaux,1
backbone,1
ZSW,1
Atomkraft,1
SVIZZERA🇨🇭Grüezi,1
CarSharing-Förderung.,1
"Nullemissionshubs,",1
Mobilitätspunkte,1
zuhause,1
swb,1
bonn,1
Lankwitz,1
FAZ,1
Fördermittel,1
Benzin,1
Brandenburg​er,1
Wirtschaftsministerium,1
Automobilhersteller​n,1
Vaihingen,1
Dudenhöfer,1
Arsl,1
Esso,1
TankundRast,1
Smartlab,1
EVBox-Schnelllader,1
Elektroauto-Ladeinfrastruktur-#Startup,1
Barnim,1
BReg,1
Listing,1
RatBN,1
Dieselpreise:,1
DasFutterhaus,1
Röblingen,1
Elektromobiltiät,1
BDL,1
Dienstfahrzeug,1
Flotte,1
directtalk🎬🎥:,1
directmarketplus,1
Unternehmensfinanzierung,1
Börsengang,1
flotten,1
seatandgreet,1
bäckereischüren,1
karlsruhe,1
Ökobilanz,1
kanews,1
Megawatt-Laden:,1
Stromladen,1
10,1
Batterien:,1
energiepreis,1
StadtwerkeEnergie.,1
experten,1
Planungen,1
allelectric,1
EAuto|s,1
"Altbausanierung,",1
"Kohlekraftwerke,",1
Nürnberg,1
KlimaWoche,1
Autohaus,1
OpenInnovation,1
AutohausStrategie,1
Workshop,1
AutohausZukunft,1
Vertragsunterzeichnung,1
Weltpremiere,1
Elektoautos,1
teuerer,1
deutschen,1
Mazda,1
etruck,1
elkw,1
speicherlösungen,1
Parken.,1
youtube:,1
Megane,1
Citroen,1
"Daimler,",1
TRATON,1
Nachtragshaushalt,1
bubble,1
HeyCharge,1
SDG9,1
Fuhrparkverband,1
now-gmbh,1
Marienburg,1
Südpark|s,1
"Schnellladesäule,",1
GLG,1
fastcharging,1
Nanodur,1
Pion,1
Dyckerhoff),1
Protergia,1
SDG7,1
"Österreich,",1
Monheim,1
megamonheim,1
Gent,1
telekomwall,1
efluencer,1
Flandern,1
Verkehrsemissionen,1
Energiepolitik.,1
Wasserstoff-Erzeugung.,1
Feneberg,1
Numbat,1
Ladezone,1
VoltaCharging,1
Impact-Investments,1
Tankrabatt.,1
ÖKORENTA,1
KeyRing.,1
mehrphantasie,1
"Urlaubsfahrt,",1
SoC,1
Auffälligkeit,1
Asylpolitik.,1
advent,1
christmas,1
wirgestaltendasnetzvonmorgen,1
stromnetz,1
Spritpreise,1
Balkonkraftwerk,1
9,1
investieren:,1
meeresenergie,1
"Ladesysteme“,",1
"cosmix,",1
SDG,1
nachhaltige,1
UN,1
UNO:,1
SDGs:,1
Nachhaltige,1
GreenEnergy.,1
Wasserstoff-Autos?,1
Batterie?,1
schnelllader,1
Bezahloptionen,1
induktives,1
Antriebstechnologie.,1
Verkehrswende.Das,1
verkehrspolitische,1
Forderungen,1
ACE,1
Verbrennerfahrzeugen,1
Autobranche,1
Sylt,1
Niebüll,1
TagdesTrivialwissens,1
grünen,1
Vielfahrer:,1
StarkeNetze⚡️–,1
OctaviaiV,1
DKVcharge,1
Unique,1
RGFStaffing,1
Klimaneutralität!,1
Arbeitsort,1
POI,1
Mobilstation,1
Wien.,1
id4gtx,1
AntriebswendeistkeineVerkehrswende,1
Klimaschutz?,1
EAuto-Fahrer*innen?,1
API,1
zeroemissions,1
decarbonisation,1
Ultraschnellladen,1
emarine,1
DieboldNixdorf,1
electricboats,1
ConnectedCommerce,1
Ladeleistungen,1
Wärme,1
Emobility?,1
Ölheizungen,1
Hegelstraße,1
CO2-Differenzbeträge,1
Kreislaufwirtschaft,1
Wärmestrategie,1
Wärmeplanung,1
lueneburg,1
eAuto-Fahrer,1
MOBIpunkte,1
CCV,1
Investment,1
cdu,1
Dienstwagen?,1
"CarSharing,",1
"BikeSharing,",1
"ScooterSharing,",1
BWeSolarGutschein:,1
Ladeinfrastruktur-Bedarf,1
HPC-Ladeinfrastruktur,1
Ladepunkre,1
Elektroauto-Ladesäule,1
EAutoLaden,1
Mönkeberg,1
HadeB,1
Erlkönig,1
VWIDBuzz,1
Dresdens,1
DresdenMarketing,1
PV-Anlage,1
"MopedSharing,",1
Carsharing-Nutzer,1
Schwieberdingen,1
KTV,1
Fraunhofer,1
"Elektromobilität?""",1
Feldversuchen,1
EnergiewendeundSpaßdabei,1
KITJahresrückblick,1
immerfuereuchda,1
Maximaleventualbedarf,1
Elektrofahrzeuge​n,1
Elektroauto-Hochlauf,1
Bibliothek,1
"Schulen,",1
"Feuerwehr,",1
"Taxi,",1
energiewirtschaf…,1
Treffpunkt,1
Begrünung.,1
Nachhaltig,1
Mobilitätswende.,1
Dreirad,1
Versprechen,1
eMobility-,1
Autobahn,1
Erfinder,1
Zoo,1
alltag,1
Klimasekte,1
GrüneKhmer,1
Saarland,1
Failbydesign,1
DontLookUp,1
CNG.,1
E-Fahrzeugen,1
chargingevs,1
Handelsblatt,1
Energiebranche,1
Laschet,1
TO:,1
Jever.,1
Wolf,1
Elektroauto-Parkhaus,1
elektroauto.,1
elektroinstallation,1
PowerMitgliedBNW,1
GrafikderWoche,1
MSR,1
Transmutieren,1
dieselgate,1
allgäu,1
Düsseldorf:,1
Ladeinfrastruktur@Hyatt,1
Ladetechnik,1
trier,1
Verkehr?,1
EAuto-Bestand,1
Ulm,1
Supercharger-Säule,1
Gudensberg,1
"TAG_Wohnen,",1
WohnZukunftsTag,1
EBike,1
jobsinberlin,1
gdw,1
wzt21,1
solarstrom,1
EBikes.,1
AMTRON®,1
BayWa,1
Öl,1
Erdgas,1
Chevron,1
ExxonMobil,1
StrukturierteProdukte,1
Geldanlage,1
Investing,1
Trading,1
Aktien,1
RatDO,1
EQC,1
VN5,1
ERoller,1
eFlugzeugen,1
Daimler-Chef,1
Autoindustrie.,1
Wirtschaftsstandort,1
"BDEW-Hauptgeschäftsführung,",1
BTW2021,1
Startup-Programms,1
Elektromotorräder,1
ökologisch,1
Azubis,1
StadtwerkeTrier,1
zukunftwohnen,1
AMEDIO®,1
busnetz,1
"Rosatom,",1
Amsterdam.,1
Russland|s,1
Energiestrategie,1
LNG-Marktes,1
Wasserstoff-Produktionsstandorte,1
Solarstammtisch,1
unterdenlinden,1
udl,1
stadtbild,1
edgarfranke,1
waldeckfrankenberg,1
Kamaz,1
EMO,1
Rosseti,1
Regionen,1
SPIEF2021,1
BurgerKing,1
Popeyes.,1
etree,1
"Auslandkompensationen,",1
Ladesystemen,1
ELSTA,1
19:,1
Reduktionszielen,1
Deutschlandnetz:,1
Fuhrpark“,1
BTW21:,1
verlassdichdrauf,1
EAuto-Batterie,1
wmf21,1
ShellBoykott,1
Cheeseburger,1
hypernetz,1
wirsindsolidpro,1
onebechtle,1
eKäfer,1
Autobahn2:,1
CHAdeMO,1
SWU,1
ISNM,1
ladeparks,1
isnm,1
Gruenen,1
Haina,1
emobility?,1
VDAPodcasttipp,1
Ladenoeffnung,1
Zielvereinbarungen:,1
Gesundheitswesen,1
Gebäudemodernisierung,1
Elektromobility,1
CEO,1
"CityLogistik,",1
Lambrecht,1
Köln.,1
Taxi-#Innung,1
"Verteilnetze""",1
unrechtsunion,1
steuerverschwendung,1
CDUrausausderRegierung,1
CDUKorruption,1
CDUtötet,1
LaschetVernichtetArbeitsplaetze,1
laschetverhindern,1
Berliner,1
Senat,1
E-#Taxis,1
LösungsvorschlägenLastUpdated,1
erneuerbareEnergie,1
WELMO-Programm,1
Energiewende-Turbo,1
CO2Emissionen,1
aufladen,1
Aiways,1
elektromolilität.,1
Vision,1
variableStromtarife).,1
MULEdirekt,1
Kleinwasserkraft,1
Wallboxsharing,1
unlogisch,1
roadmapmagazine,1
gewerbe,1
automatisiertesauto,1
newmotion,1
Verbrenneraus,1
EMobilität!,1
Bürgerschaftsantrag,1
Vision2030:,1
TÜV-Zertifizierungen,1
EU-Mitgliedsstaaten,1
Weimar!,1
Ai,1
Adas,1
automotiveindustry,1
StellantisEVDay2021,1
pr,1
"Ladeinfrastruktur"".",1
ENGDEN,1
Schnelladepark,1
IAA221,1
München.,1
highpowercharging,1
integrativen,1
analyze,1
optimize,1
economice,1
presse,1
Ladeinfrastruktur-Pilotprojekt,1
Sonderkommission,1
Pfalzakademie,1
heiligenstadt,1
10:,1
hypercharging,1
dc,1
gleichstrom,1
bielefeld,1
ccs,1
chademo,1
ipace,1
schnellladesaeule,1
euGreendeal,1
VDAWatchtipp,1
oberfranken,1
Böblingen,1
alfen,1
unternehmensberatung,1
busblickpunkt,1
fahrradland,1
Radtourismus,1
hofladen,1
Eneuerbaren,1
FWN,1
freeworldnews,1
today,1
eLadesäule,1
Bürgerladenetz,1
Kaufverhalten,1
Kreditkartenpflicht,1
NOVA-Reform,1
BEM,1
eeMobility,1
EWald,1
bundesverband,1
FCEV.,1
Verteilerverkehr,1
BEV.,1
TCO😉,1
Koeln-#Buchforst,1
Mercedes,1
EQS,1
valencia,1
Entwicklung,1
ioniq5,1
Regensburg.,1
Stadtverkehr,1
IVU,1
Daimler_Buses.,1
Mittelsachsen,1
vda,1
klimaschutzziele,1
Kaufpreis,1
Zulassungen,1
Blickpunkt,1
CO2Gesetz:,1
Kempen,1
Ladeinfrastruktur🔌,1
Fahrrad-hersteller?,1
ostern,1
"Wärme,",1
"Strom,",1
Glasfasernetz,1
Braunschweig-Lamme,1
"Veolia,",1
Energieeffizienz-Quartier,1
tatort,1
HierKönntenSieLaden,1
Naturstrom,1
BürgerLadenetz,1
Jobmotor,1
wissenkompaktonline,1
technik,1
Bundesregierung:,1
onlineevent,1
tpaaustria,1
meathacking,1
EUPDResearch,1
consulting,1
Solar-,1
Windenergie,1
deutschlandabernormal,1
Hack,1
Wasnun,1
Netzengpässe.,1
hackers,1
Tochterfirma,1
LadenetzRanking,1
Rhenus,1
Kiel:,1
Wik-Kanal,1
"Schienenverkehr,",1
ladeinfrastrukur,1
OpenTransportMeetup,1
Experteninterview,1
Maximalevenrualbedarf.,1
ladesäuleninfrastruktur,1
osterhase,1
"Ladesäule|n""",1
Wallbox-Förderbudget,1
eladestation,1
Sektorkopplung.,1
thueringen,1
Stadtwerken,1
Regensburg:,1
Avia-Tankstellen.,1
Ingolstadt,1
Rewe-Supermärkten.,1
Fördervolumen,1
ostereier,1
Zertifizierung,1
hacktheplanet,1
hackathon,1
PioneerPark,1
Feststoffakkus,1
Erneuerbare-Ausbau,1
FrankMastiaux,1
Investitionskosten,1
FID_Deutschland,1
mobilitaet,1
Handel:,1
Ostfildern,1
Siegburg,1
Tritium.,1
fakefacts,1
klimaschmutzlobby,1
Sharing-Plattform,1
ai,1
USA:,1
WTS-Experte,1
wirfürdasklima,1
nachLaden,1
Energ…,1
Energieeinsparungen,1
EarthDay2021,1
EarthDay,1
earthdayeveryday,1
happyearthday,1
savetheplanet,1
eresing,1
machinevision,1
handwerk,1
Hacker,1
DSW21,1
"Wuppertal,",1
Vandalen,1
E-Flotte,1
Ladeplätze,1
Pressemitteilung,1
IHKBodenseeOberschwaben,1
Wochenblatt,1
WochenblattMedia,1
WochenblattNews,1
Profi,1
hacken,1
NeuronaleNetze,1
CPMS,1
chargepoint,1
B2B,1
Ladeservices,1
ChargeHere,1
AECOM,1
HPC-Stationen.,1
Webinar:,1
pbw,1
KICamp21,1
BMBF,1
Hanau,1
Plug,1
umwelt,1
SMGW,1
Ladeinfrastruktur|ausbau,1
plugin,1
R2G!,1
Mikromobilität,1
NachhaltigesMobilitätskonzept,1
E-Mobilität.,1
EU-Masterplan,1
Masterplan-Lis,1
EU-Mitglieder,1
Audi-Chef,1
OCPP-Protokoll.,1
Elektroautofahrer,1
psa,1
Ladetarif|s,1
OCPP,1
"TMZ,",1
SmartMeterGateway,1
Swarco,1
ADSTEC.,1
Plug-in-Hybride,1
Kingspan,1
Irland,1
Ladetarife,1
NiewiederCDU,1
peugeot,1
"Vattenfall,",1
Audi:,1
RenewableEnergies,1
Euro7-Abgasnorm,1
CO2-Preis,1
Kaufprämien,1
Betriebskosten,1
TCO.😎,1
Benzinpreis.,1
Bezahlsystem,1
Teamwork,1
"Fahrrad,",1
"Schiene"",",1
BüMoMo,1
CO2-Fußabdruck,1
CocaCola-Standorten.,1
Heidelberg,1
yougov,1
check24,1
Highspeed,1
Finnland,1
Schnellladegesetz.,1
InKoMo-Austausch,1
digitaleTools,1
digitalbw,1
PlugInHybride,1
BananenrepublikDeutschland,1
NiewiederCDUCSU,1
HPC-Parks,1
E,1
avia,1
Elektromoblität,1
hotelerie,1
Steuergeld,1
Datenmarkt,1
Kartenleser,1
plusminus,1
Ladesäulenkarte,1
spontan,1
scheuer).,1
Test,1
reev,1
Rocsys,1
Peine.,1
routedusoleil,1
E-Auto-Boom,1
Ammersee,1
"ki,",1
"automatisierung,",1
eLkw,1
VCÖ-Fachkonferenz,1
zeroemission,1
AktuelleStaatlicheFörderungen,1
erneuerbarer,1
IPCC,1
Comfortcharge,1
Pitch!,1
shapingmobility,1
eHighway,1
Schnelladegesetz.,1
LoveCyclingGoDutch,1
EnergieSpeicher,1
FordF150Lightning,1
StoreDot,1
illner,1
stromladen,1
Bundestag.,1
EMobility:,1
50Hertz-Projektmanager,1
Toyota,1
Elektrotechnik,1
HSK2021,1
ladesäulenverordnung,1
SimBEV,1
OpenData,1
ComfortCharge,1
Elektrolastwagen:,1
Klagenfurt,1
IAM,1
StromnetzHamburg,1
Lkw!,1
Induktivladen,1
ETS.,1
Convenience.,1
ErneuerbareEnergie,1
sustainabledevelopment,1
Schnelladesystemen.,1
"erneuerbareenergien,",1
"digitalisierung,",1
Bender,1
iONiX.,1
ladetechnologien,1
seed,1
hilden.,1
Wasserstoff-Netzen,1
Gas-,1
Wasserstoffnetzen,1
Stromhandel.,1
Energy,1
DieFrau,1
Elektromobilität.“,1
online.,1
Stromausfall,1
remscheid,1
AGVs,1
report,1
magazin,1
automatisierung,1
wirelesscharging,1
induktivesladen,1
Eloaded.,1
Ideologie,1
Bundestagswahl,1
Elektrofahrzeug|e.,1
So,1
Bridgestone,1
Ladesäule-Ausbau?,1
BankenGipfel,1
Anmeldung,1
SVIZZERA,1
Diskussion.,1
IAA2021:,1
"Ladesäule,z.B.",1
Praxisbeispiele,1
"Einführungssvortrag,",1
Luxus-Lounge:,1
Anschluss,1
Bundestagswahl2021,1
EBBlog,1
Energynews,1
mehrbewegen,1
Jena!,1
elektromobilität.,1
meinjena,1
Ludwigsburg-Kornwestheim,1
ACODKongress2021.,1
AkkuRecyling,1
BalkonKraftwerk,1
Wahlkampf,1
btw21🗳️,1
Dietzenbach,1
Schnelladen?,1
hotel,1
Kharkov.,1
Marquardt,1
has·to·be.,1
elektroantrieb,1
Fachdebatte,1
Eulektro,1
unbegrenztmobil,1
Ladesituation,1
"KVB,",1
MWIDE,1
Ford,1
"Solaranlagen,",1
"Odessa,",1
CO2-Budget,1
KVB.,1
Elektromobilität?🔌,1
Mobilfunk,1
lingerie,1
Straubing,1
GrüneStadträte,1
Fördersummen,1
SpecialOlympics,1
ladefrust,1
Verkerswende,1
Keremtschuk,1
"Kiev,",1
Mühlheim,1
Brandenburg/Luckau.,1
NeuIsenburg,1
Obertshausen,1
Egelsbach,1
abb,1
Werkstätten,1
Autohäuser,1
"Deutschland“,",1
Kundenerlebnisse,1
Baunatal,1
100Tage4Climate:,1
MeEnergy,1
Bioethanol.,1
MobilityTalks,1
vdl,1
Weimar:,1
tempo30,1
"Fahrradwege,",1
Elektroautos?,1
"Automobilindustrie,",1
transformation,1
stadtwerkeosnabrueck,1
EWR,1
Vaillant,1
esgehtvoran,1
Antwerpen,1
Deutschlandnetz-Regionenvergleich:,1
environment,1
Straßenlaternen,1
Driivz.,1
Mobilität“,1
Kartenlesegerät|e,1
TeslaModelY,1
ausreichend?,1
Leistung,1
Ladepranger,1
Lobbyminister,1
Ladesäule!,1
Reisen,1
BMWiX3,1
bioethanol,1
Elektrofahrzeuge“,1
meenergy,1
Schnellader,1
brandenburgkapital,1
Elektroladelaternen.,1
BEV-Busse,1
Ladenetz…,1
LappMobility,1
Mobilitätswoche,1
Verden,1
NationalenLeitstelleLadeinfrastruktur,1
WIRFÜRELEKTROMOBILITÄT:,1
Rattenberg,1
Porträt:,1
MOBILITYDOCK,1
Fossilindustrie,1
KA.,1
Königreich,1
Blackouts.,1
Photovoltaikanlagen,1
alpitronic,1
SCCON21:,1
MobilityWeek,1
ClimateProtection,1
co2reduction,1
MaglevTrain,1
Lobbyismus,1
EnergieEuropa…,1
Ladung,1
ElectricVehicle,1
ampere:,1
1:,1
Problem,1
BerlinerRunde:,1
world,1
ecannonball,1
ecannonball2021,1
ecb,1
energiewirtscha…,1
Doppelte,1
eCharging:,1
FrankHubbert,1
PlugCharge,1
"Netzausbau,",1
Europe,1
Bezahlverfahren.,1
IAA2021,1
triell,1
IAA.,1
"Auto-Herstellern,",1
Startup.,1
"App,",1
Karte,1
bar?,1
FDP-Chef,1
Laternenlader,1
SchleswigHolstein.,1
eAuto?,1
IAAMobility2021,1
Foerderprogramme.,1
KFW-Baustein,1
Leonardo,1
Polestar2,1
Snailectric,1
Commeo,1
TOWER185,1
P2DEU,1
"Deutschlandnetz,",1
Solarenergie,1
Einheitsbotschafter,1
"Celle,",1
emissionsfrei,1
"Lüneburg,",1
Uelzen,1
Stade,1
Brennstoffzelle|n-,1
Ultraschnellladesäule​n,1
Bezahlverhalten,1
Marktforschung,1
Debitkarte,1
Regulierung,1
payment,1
Verkehrsektor,1
Bauhaus,1
"Komponente,",1
Befragung,1
Energiewendeforum.,1
BOOMERCRINGE,1
LeonardoHotels,1
Verkerhswende,1
Elektromobile.,1
AralPulse:,1
"Musikschule,",1
"Miteinander,",1
Demokratie,1
"Temme,",1
Koeln-#Bocklemuend.,1
Für,1
Ladeinfrastruktur-Betreiber,1
Waitrose-Filialen.,1
Wasser.,1
Fuhrpark|s,1
Behörden|standorte,1
Netzintegration,1
eAuto-Anteil,1
ID,1
ladesaeulen,1
TÜVSÜD,1
LEVC,1
E-Taxi,1
UK:,1
Mittelabfluss,1
Ladesäule​n,1
Chemnitz.,1
StadtratC,1
TEAG,1
SmartGridsGespräche,1
Verteilnetze?,1
Smart_Grids-Gesprächen,1
energiefahrer,1
Twitter,1
lesetipp:,1
vorteil,1
Finanzminister,1
kochen,1
Rumänien,1
Reichweitenangst.,1
Ladeparks.,1
Singapur,1
Bolloré,1
BlueCharge,1
Dänemark:,1
Schnellladetechnik,1
Ladenetzwerke,1
"Verteilnetz|e""",1
Kenntnisse,1
Normen,1
Elektrotechniker*in,1
Prüfer*in,1
Trafos,1
Hubject-Netzwerk,1
VDEjobs,1
rizar,1
Recycling,1
Digitalisierung.,1
"Energiespeichersysteme,",1
VirtualPowerPlants.,1
eMobilityRevolution,1
HoGaKa,1
camping,1
wohnwagen,1
chargingincities,1
eq,1
Bordlader.,1
Qwello,1
Deal,1
EU-#Klimapaket,1
Erneuerbaren-Ausbau,1
Actemium,1
SmartIndustryDay,1
"Verteilnetze""⚡️🚘",1
fitfor55,1
Colmberg?,1
LastCall:,1
Gewerbeflächen,1
Pandemie,1
ETS,1
Gateway,1
i3,1
Hofdienergarage,1
PBW,1
Stuttgart.,1
Erzeugung,1
Netze,1
Brandschutz-Konzept,1
TÜVHessen,1
KoaVTracker,1
Peugeot,1
BRV,1
"VW-Werk,",1
Wallbox-Zuschuss,1
V2G-Projekt,1
Ladeinfrastruktur-Ausbau!,1
KlimakriseISTjetzt,1
ImpactInvesting,1
Wallbox|en,1
Industrydays.,1
PluginHybrid,1
rrg,1
Verwaltungen.,1
verbrenner,1
"Elektro|#auto|förderung,",1
Ladeinfrastruktur-Aufbau,1
Ersatzdebatte,1
Klimakatastrophe,1
Eifel,1
Fitfor2050:,1
Koblenz,1
Brüssels,1
55,1
Licht,1
Schatten,1
Fortschritt,1
fkem22,1
Ladestaionen,1
Ladeboxen,1
Klimaprogramm,1
Wettbewerbsvorteilen,1
IAA:,1
Supercharger-Öffnung,1
Bürokratie.,1
bürokratischen,1
GESCHWINDIGKEIT,1
Wirtschaftsausschuss,1
Mobilitätsgesetz|es,1
Wirtschaftsverkehr.,1
Solarenergie.,1
WiEnBe,1
"Mobigesetz,",1
logistics,1
Reichweiten,1
Stromer.,1
DebateEnergy,1
Hürden,1
EviiGO,1
chargeIQ,1
EMMA,1
"Musk,",1
"Laschet,",1
klimaschonende,1
Eletromobilität,1
Bürokratie,1
Sektorenkopplung,1
Energiesystemen,1
SaaS-Produkten!,1
klimabewusst,1
reichweitenangst,1
FünfJahresplan,1
mFUND-Projekt,1
gastgewerbe,1
unterhose,1
förderaufruf,1
unterwäsche,1
windeck24,1
windeck,1
Enercity,1
Check24de,1
BundesministeriumfürVerkehrunddigitaleInfrastruktur,1
AndreasScheuer,1
"Lastenräder,",1
Abbiegeassistenten,1
hamburg,1
Akkus,1
thefutureiselectric,1
1!,1
Mobilität“:,1
Nutzerfreundlichkeit,1
Eladesäulen,1
UX,1
"Elektro-Autos,",1
transport,1
ELKW,1
logisitcs,1
Tauschsystem,1
Netzintegration.,1
Brandschutzkonzepte.,1
Energiekonzepte,1
CDU/#CSU/#FDP/#SPD:,1
"Batterie-,",1
brennstoffzellen-,1
"Fahrzeuge,",1
Tank-,1
Machbarkeitsstudien.,1
vielbewegt,1
Servicetweet:,1
Kreislaufhaus:,1
ifeu,1
Mobilitätskonzept.,1
Wirtschaftsministeriums,1
Energiewende:,1
Dezentralisierung,1
Windenergie-Projekt,1
Ökostrom-Tarif,1
Pedelec-Ladesäule,1
Trabi,1
"Berufseinstiegsbegleitung,",1
"Meisterbonus,",1
ladepunkte,1
batterieelektrischer,1
Ladeinstallationen,1
ELEKTROAUTO,1
St.,1
gasterlebnis,1
guestexperience,1
Statistik,1
Photovoltaik-Speichern,1
Klimaadaption,1
elektromobilität!,1
"Corona-Krise,",1
emobility🔋powered,1
machenmachtdenunterschied,1
zukunftholen,1
itjobs,1
mainz,1
remotework,1
FutureMobilitySummit,1
EcologicalTransformation,1
"BePower,",1
BeCharge,1
JoeBiden,1
PolitikUndRecht,1
DestinationCharging,1
aachen,1
foodbrothers,1
stawag,1
Niedersachsen.,1
Rathaus,1
sowieddasnichts,1
trabi,1
DenHaag,1
