Hashtag,Count
Ladeinfrastruktur,666
Elektromobilität,368
emobility,165
eMobility,149
ladeinfrastruktur,135
elektroauto,118
elektromobilität,111
emobicon,91
Elektroauto,76
Ladesäule,74
Ladeinfrastruktur.,67
Elektroautos,62
energie,55
emobilität,53
Elektromobilitaet,50
Verkehrswende,42
energiewirtschaft,39
energiepolitik,38
ladesäule,33
EMobilität,32
Ladesäulen,32
Energiewende,32
Mobilitätswende,31
energiemanagement,31
Förderung,30
Klimaschutz,28
eauto,27
EnBW,26
EAutos,26
Tesla,25
Ladestationen,25
Elektrofahrzeuge,24
Berlin,23
Elektromobilität.,22
elektrofahrzeuge,22
Ladepunkte,21
"Ladeinfrastruktur,",21
unternehmen,20
verkehrswende,20
Elektromobilität:,19
Deutschland,18
Mobilität,17
wallbox,17
eMobilität,16
mobilitätswende,15
Wallbox,15
ladestation,15
solar,13
Ökostrom,13
Digitalisierung,13
Ladeinfrastruktur:,12
Emobilität,12
jobs,12
solarenergy,11
Ladestation,11
Wasserstoff,11
Wallboxen,11
Autogipfel,11
Bundesregierung,11
EAuto,11
ladesäulen,11
BEV,11
Unternehmen,10
Cloud,10
EMobilitaet,10
VW,10
ÖPNV,10
KfW,10
Stromkosten,9
förderung,9
solarpv,9
energieiwirtschaft,9
Autoindustrie,9
EU,9
Kommunen,9
MachineLearning,9
Roaming,9
SaaS,9
Elektroauto-Ladeinfrastruktur:,9
Niedersachsen,9
ev,9
Emobility,8
elektromobilitaet,8
Klimaziele,8
einfachladen,8
Ausbau,8
Strom,8
Schnellladegesetz,8
Förderungen,8
Sachsen,8
Koalitionsvertrag,8
EV,8
energiewende,8
Nachhaltigkeit,8
Köln,8
"energie""",8
mobility,7
Klima,7
Hamburg,7
NRW,7
mobilität,7
ABB,7
lade,7
Elektroauto|s,7
beratung,7
laden,7
Förderprogramm,7
EMobility,7
Energie,7
ADAC,7
CO2,6
Aral,6
Fitfor55,6
Auto,6
Braunschweig,6
eAutos,6
Ladesäule.,6
Ladeinfrastruktur!,6
München,6
elektrofahrzeug,6
Ionity,6
Österreich,6
LadeInfrastruktur,6
Lkw,6
E-Autos,5
Verkehrswende.,5
Reichweite,5
Stadtwerke,5
Diesel,5
YouChargeMe,5
autohaus,5
London,5
Ladesäulenverordnung,5
SchnellLG,5
Zwickau,5
VDA,5
Bayern,5
Frankfurt,5
Ampel,5
Shell,5
e…,5
b2b,5
energiemarkt,5
Volkswagen,5
Verbrennerausstieg,5
Ladegipfel,4
Normung,4
Mobilitaetswende,4
PHEV,4
Kiel,4
HBAutogipfel,4
Umwelt,4
charging,4
Fastned,4
Siemens,4
Jobs,4
Energiesteuer,4
frankfurtammain,4
ladepunkt,4
Wallbox-Förderung,4
"Ladesäule,",4
Pfalzwerke,4
strom,4
Energiespeicher,4
Sicharge,4
Nutzfahrzeuge,4
Dresden,4
Mobility,4
BDEW,4
Schweiz,4
Milliarden,4
Dortmund,4
EnergieEuropa,4
Potsdam,4
E-Auto,4
"energiemanagement""",4
EnBWHyperNetz,4
Neufahrzeuge2025!,4
verhindern.,4
foed,4
AbgasnormEuro7,4
"Elektromobilität,",4
emobilitaet,4
vw,4
bayerninnovativ,4
Benzinkosten,4
elektrisch,3
Ladekurve,3
Power2Drive,3
Wallbox.,3
nationaleleitstelle,3
jurisMagazin,3
Regensburg,3
Italien,3
volkswagen,3
Leitstelle,3
Deutschlandnetz,3
Elektrofahrzeugen,3
stromer,3
MobilityMover,3
Frankreich,3
Bund,3
Dekarbonisierung,3
ElectricVehicles,3
Batteriespeicher,3
Logistik,3
Scheuer,3
Deutschland.,3
"emobility,",3
Hessen,3
SmartMeter,3
Klimawandel,3
Whitepaper,3
Ladeinfrastruktur?,3
Stuttgart,3
innovationleben,3
energi…,3
Europa,3
ene…,3
Ladevorgänge,3
Wuppertal,3
IAA21,3
Hypercharger,3
COP26,3
ladenetz,3
BMVI,3
Handwerk,3
Masterplan,3
Einzelhandel,3
A3,3
bidirektional,3
USA,3
Schnelllader,3
Daimler,3
Keine,3
Schnellladesäulen,3
"Konkurrenz,",3
keine,3
Wahl,3
MENNEKES,3
deutschland,3
Webinar,3
Laden,3
Elektroautos:,3
Unwetter,3
enerson,3
Norwegen,3
Niederlande,3
BMW,3
news,3
Ladesystem,3
emobilityeast,3
tesla,3
Brennstoffzelle,3
E-Mobilität,3
DeutschlandAG,3
Energieversorger,3
Erneuerbaren,3
Strompreise,3
Energieversorgung,3
vehicletogrid,3
v2g,3
RLP,3
eAuto,3
Supercharger,3
Elektrobusse,3
innovation,3
GEIG,3
SmartGrids-Gespräche,3
flotte,3
Elektrofahrzeuge?,3
Energiekrise,3
Wissing,3
futuremobility,3
ener…,3
Mobilität.,3
KI,3
Stellenausschreibung:,3
Strompreis,3
Youtube:,3
HPC,3
Innovation,3
Elektromobilität?,2
mittelhessen,2
SPIE,2
Mobilitaet,2
Elektrobus,2
Scholz,2
Batterien,2
GoodNews,2
PropertyManagement,2
podcast,2
Automobilindustrie,2
Audi,2
AfD,2
innovativehochschule,2
charginginfrastructure,2
dccharger,2
electromobility,2
grüne,2
CCS,2
kostad,2
EIB,2
madeinaustria,2
NetzeBW,2
ESWE,2
accharger,2
Lilium,2
barrierefrei,2
Mieter,2
Volvo,2
infrastruktur,2
Digitalisierun…,2
"energiepolitik""",2
VDAZahlderWoche:,2
E-Mobilität:,2
"Kumulierung,",2
Eichrecht,2
enbw,2
Berlin:,2
id3,2
elektroautos,2
Hubject,2
Baerbock,2
Basel,2
bev,2
Fraunhofer-Institute,2
Polen,2
ABOWind,2
opdiPark,2
blueskycoming,2
NIO,2
Wohnungswirtschaft,2
CoCreationLab,2
VernetzteMobilität,2
Kopp,2
eliso,2
Fördertöpfe,2
pv,2
Kooperation,2
Job,2
Ladesäulen.,2
Ladenetzes,2
MarkE,2
Immobilienmanagement,2
Immobilienverwaltung,2
Jena,2
Immobilienwirtschat,2
Servicetweet,2
Förderrichtlinie,2
chargingsolutions,2
ebike,2
GPJoule,2
ebikes,2
biketowork,2
pedelec,2
KMU,2
efahrrad,2
Elektrifizierung,2
Spanien,2
wiesbaden,2
BilanzBilder,2
ebikestation,2
Landesregierung,2
evalley,2
electriclife,2
Automobilwirtschaft,2
Ladeinfrastruktur-Ziele,2
Aufbau,2
iaa21,2
Deutschland?,2
Ausschreibung,2
Hochwasser,2
Flutkatastrophe,2
Speicher,2
FDP,2
Laderoboter,2
VW-Standorten,2
Sachsens,2
ErneuerbarenEnergien,2
Kreditkarte,2
Netzsicherheit.,2
Elektroauto-Neuzulassungen,2
Plugsurfing,2
Ladepunkt,2
Schwedt,2
kommunal_eu,2
ENBW,2
BTW21,2
Elektromobiliät,2
Energiezahl:,2
Thüringen,2
Blackout,2
Ratingen,2
Hyundai,2
Zukunftgestalten,2
Ladestationen.,2
enviaM,2
fail,2
Durlach,2
CO2-Emissionen,2
bmvi,2
Bundeskabinett,2
b2charge,2
Handwerksbetriebe,2
emobilitätskompass,2
Stromnetz.,2
Kretschmann,2
CCSLadestandards,2
Schnellladefähigkeit,2
EMobilität:,2
Ladesäule|n,2
EVlink,2
Stromanbieter,2
Kohleausstieg,2
Mer,2
Kartenzahlung,2
Fitfor55.,2
emove360,2
Abrechnung,2
nachhaltiginvestieren,2
emobilityrevolution,2
BNetzA,2
zukunft,2
NPM,2
Verkehr,2
Energy40,2
klimaschutz,2
MaaS.,2
Verbraucherreport,2
Statkraft,2
reichweite,2
FlächenTOOL,2
Ladeinfrastruktur“,2
NRGkick,2
Stromnetz,2
Rüsselsheim,2
Zukunft,2
Klimaschutz:,2
mobil,2
eaddicted,2
greendeal,2
Wasserstofftechnologie,2
Webkonferenz,2
EY,2
AFID,2
SharingCommunity,2
EEG,2
SmartCity,2
TÜV,2
Elektroantrieb,2
ZVEIimDialog,2
energiemanag…,2
Umweltbonus,2
Tax,2
Ladepunkte!,2
Elektromobilität«,2
Ladepunkte.,2
emobnrw,2
kompetenz,2
mobilität.,2
Region,2
Heilbronn,2
Corona-Pandemie,2
Brand,2
BW,2
Website,2
WEG-Reform:,2
SZGipfel,2
PoweringProgress,2
Elektrobussen,2
Infrastruktur,2
ElektroMobilität,2
Photovoltaik-Anlage,2
viral,2
Laternenparker,2
srmd,2
e-mobility,2
WirLadenDeutschland,2
Elektroauto-Fahrer,2
Münster:,2
Bundeskartellamt,2
mobilitycarsharing,2
trend,2
interview,2
PV,2
Usbekistan,2
bidirektionalesladen,2
VDA.,2
Studie,2
Eauto,2
Kartellamt,2
FunkoLiveTour,2
EnergieIT,2
MaaS,2
climate,2
Klimakrise,2
Förderservice,2
Ladekarte,2
Aldi,2
Habeck,2
energiewirts…,2
Nissan,2
energieBerlin,2
Bonn,2
Mehrfamilienhäuser​n,2
Bremen,2
EE,2
Klimaschutz.,2
Tankstellen,2
InnovativeHochschule,2
smartparking,2
ZahlderWoche,2
Reutlingen,2
"Köln,",2
TESLA,2
YouTube,2
mg,2
Binnenland,2
Fahrrad,2
Energiewend,2
sustainability,2
Photovoltaik,2
"Politik,",2
EU:,2
FrankfurtAmMain,2
Verkehrsministerium,2
"energiewirtschaft""",2
ErneuerbareEnergien,2
BP,2
Energiewende.,2
Masterplans,2
Standardpreis,2
oberursel,2
"eBussen,",2
Infation,2
Mainz,2
Stadtverkehr:,2
Bundeswirtschaftsministerium,2
Energiepreis,2
LSV,2
nachhaltig,2
Antriebswende,2
Kommunen.,2
Cottbus,2
RheinEnergie,2
Ladesäuleninfrastruktur,2
A11,1
Firmenflotte.,1
fossilfreie,1
Innovationsnetzwerk:,1
gutfürösterreich,1
CO2GesetzJa,1
ElektroFahrzeuge,1
Diakonie,1
Frankreich:,1
Niedersachen:,1
E-Ladeinfrastruktur:,1
Tankstellen.,1
Caritas,1
EBusse,1
ID5,1
BEV🚘,1
energate,1
Merzhausen,1
Gleichspannungs-#Ladeinfrastruktur,1
badenova.,1
Treibhausgase,1
Speicher.,1
Schnellladegestz,1
Handwerk|sunternehmen,1
stadtwerkeschwabach,1
autoindustrie,1
Planung,1
Verteilzentrum,1
E-Auto|s.,1
Amazon,1
"VoxTV,",1
"automobil,",1
Clubhouse-Talk,1
Kommunalrichtlinie,1
Förderangebot,1
HLT,1
Ruhrgebiet,1
"Verbrennerlobby,",1
BDEW.,1
stromtanken,1
LTWRP2021,1
WirMitIhr,1
Essen,1
Elektrolieferwagen,1
Mieterstrom,1
Ladebedarf,1
Siegerland.,1
HPCLader,1
eLoaded,1
VolksbankMittelhessen,1
fraunhofer,1
Japan.,1
Hybride,1
YouChargeMe.,1
emobil,1
Schellladen.,1
TESLA.,1
Stromkonzerne,1
ID3,1
Innovationen,1
Köln!,1
Autohersteller,1
richtigwaslos,1
ladenfuerlau,1
publishindustry,1
aral,1
Tankstellenbetreiber,1
PlugIn,1
INUAS2021,1
circulareconomy,1
Energieversorgungskonzepten,1
Prag,1
bullshitbingo,1
"Website,",1
energie…,1
Microgrids.,1
Rücktritt,1
officecharging,1
Radverkehr,1
Elektroantrieb.,1
2021isNOW,1
Ladeinfrastruktur-,1
Winkelhaid.,1
klimaneutral.,1
"Standards,",1
TakeoverKN.,1
startup,1
Sustainability,1
"Ladegrün,",1
erneuerbaren,1
Förderaufruf,1
PBL,1
ModalSplit,1
Verkehrspolitik,1
Ladeinfrastruktur-Investoren,1
politik,1
ECom,1
SchneiderElectric.,1
eMobility-Partnerschaften,1
"Onlineseminar,",1
Liegenschaften,1
Informationsplattform,1
Seoul,1
Emissionsfrei,1
"Elektro-PKW,",1
Digitalisier…,1
WEG-Reform,1
Bundesumweltministerium,1
400,1
smartcity,1
Warstein,1
Ladepunktdichte,1
Beschilderung,1
solaris,1
Gerolzhofen,1
Verwaltungsgemeinschaft,1
Parkplatz,1
ATZlive-Tagung,1
gruene,1
SWK,1
SeiDabei,1
Reker,1
energieiwirtschaft…,1
Digitalis…,1
eMobilisten,1
Ecocoach:,1
A350,1
Airbus,1
eGolf),1
Elektroladestationen,1
DataScientist,1
Parkplätze,1
Niedersachsens,1
charger,1
batterie,1
EnWG,1
Schnellladegesetzes,1
battery,1
schnellladegesetz,1
Schnellladenetz,1
Gießen.,1
eLadestationen,1
"Pfeiffer,",1
elektrifizie,1
Wallbox-#Förderung,1
bundestag,1
goingelectric,1
Energiespeicher.,1
Verbrenner,1
Ökologie,1
Ressourcen,1
PKW,1
Weltenrettern,1
HWK,1
Neufahrzeuge,1
homecharging,1
BeeChargingSolutions,1
eBus,1
SWB,1
hallonachbar-Interview:,1
Europe2021,1
Disrupt:,1
InCharge,1
Energiedienstleister,1
A7,1
JederBeitragZählt,1
Porsche,1
fossilfrei|e,1
zahlderwoche,1
efuels,1
Elektroauto-Experte,1
chargingstation,1
egas,1
vwID4,1
vwID3,1
WohnWirklichkeit,1
EAM,1
HeuteImKabinett,1
Belzig,1
SchnellesLaden,1
Companies,1
zukunftbeginntzusammen,1
Bundesrat|s,1
Elektroauto​s,1
1stEVtravel,1
wirelane,1
industrie,1
wirtschaft,1
mercedes,1
DAI),1
eMobilitaet,1
6:,1
GrStR,1
farasis,1
Technik,1
EMPower,1
Zielgerade,1
Hotellerie,1
echarge,1
PioneerFund,1
FestUndFlauschig,1
KfWFörderung,1
Leaf,1
wasunsdiezukunftbringt,1
echtneubewegt,1
MYPOWERCONNECTION,1
austankenwirdladen,1
autonomesfahren,1
Strom-Ladesäulen,1
Ingelheim,1
teamlewe,1
Ladestation-Anbieter,1
Wasserstoffnetz,1
Student,1
kontaktlos,1
"Ladenetze.""",1
CO2-Grenzen,1
ScheuerBox,1
Ariya,1
bft,1
THLübeck,1
Forschung:,1
Solaris,1
Oppeln,1
Stromkompass,1
Electrive,1
Energienetz,1
Forderung,1
VDIV,1
Immobilienverwalter.,1
E_Mobilität,1
wirinmünster,1
Zukunftstaxi,1
Telekom.,1
id4,1
eStation,1
Schildbürgerstreich,1
Netzkapazität,1
mitarbeitermobilität,1
Oberhausen:,1
Smarthome-System,1
energieautark,1
"YouChargeMe,",1
Bietigheim-Bissingen,1
Stromqualität,1
Kreditkarten,1
Hotelgewerbe,1
Delta,1
HPC-Station,1
Aachen,1
eautos,1
betreiber,1
Bußgeldkatalog,1
EMEA-Region,1
Wohnquartiere,1
ZahlderWoche.,1
EU-Kommission,1
FCEV,1
Aufbruch,1
Bankentag,1
Wohnen,1
Lkw-Bereich,1
Supercharger-Standorts,1
CharIN-Projekt,1
Wettbewerb,1
Wohnquartieren,1
E-Auto-Ladesäule?,1
Energiemanagement-Funktionen,1
Retro-Look,1
Weidmueller,1
ZahlEinfachPerHandyrechnung,1
SMS,1
LadeStation,1
EVCharging,1
Discovere,1
gesetz,1
bem,1
Elektroaouto,1
LISvorOrt,1
EMobility-Markt,1
R2G,1
ZOE,1
ionity,1
I3,1
Kona,1
eautoladen,1
Seevetal,1
SPD-Fraktion,1
co2,1
Berlin.,1
Taycan,1
wireless,1
induktion,1
"Tourismus,",1
BoostedtRickling,1
Eletkromobilität,1
DOGEWO21,1
Wohnungsunternehmen,1
Tesla-Herausforderer,1
Elektromobilisten.,1
Elektroauto!,1
Efuels,1
Heidkate,1
Efuels=extrem,1
Strand,1
Potsdam|s,1
Ladeinfrastruktur-Netz,1
Kobalt,1
Hybrid.,1
Wohnungsanlagen,1
mission2030,1
electricvehicles,1
SmartCharging,1
car2flex,1
elektrobus,1
elekbu,1
Elektrobuskonferenz,1
PowerDay,1
Aralpulse,1
Hessen:,1
Backend,1
chargecloud,1
Gewerbetreibende,1
Bundesrat,1
Taunusstein,1
Solarpflicht,1
FFF,1
Milliardenpaket,1
eBussen,1
Kanada,1
Mainmetropole,1
GoingElectric,1
Ladeinfrastruktur-Partner,1
Allego,1
Kia,1
online,1
KreisPlön,1
Ladepunkt​en,1
NLL,1
"Schönberg,",1
Antriebswechsel,1
DeutscheTelekom,1
Vattenfall,1
Stein,1
"Bezahlvorgänge,",1
Standortpartner-Produkt,1
VWPowerday,1
EV-Ladesäulen,1
Velbert,1
TeamVDE,1
Prüfungen,1
GdW:,1
VerbrennerVerbot,1
"Wohnungswirtschaft,",1
okai,1
SmartQuartier,1
ladeinfrastruktur!,1
energiep…,1
Politik,1
thedrivery,1
motionshow,1
Elektroauto/s,1
detoxyourmobility,1
Immobilien.,1
digitaltalk,1
Bern,1
Stadtfeld-Ost,1
Treptow-#Köpenick,1
Freiheitsgefühl,1
NLGERMobility,1
NPM-Vorsitzender,1
Schwerlastverkehr,1
infofreitag,1
EMobility.,1
FKEM21,1
akkuzellen,1
FastFinder,1
Webcast,1
Ladesäule?,1
Wasserkraft,1
Digitalkompetenz,1
BDEW-Broschüre.,1
Elektromotor,1
Bremen.,1
kooperation,1
Volkswagen-#Konzern,1
Arbeitsplätze,1
Volkswagen-Konzern,1
Jobs:,1
smartcharge,1
futuretech,1
14,1
Stromnetz?,1
Freundlichkeit,1
Livestream,1
fahrtaxi,1
Guben:,1
Mobilität?,1
LadeInfrastruktur.,1
alternativeAntriebe,1
springerprofessional.de:,1
Hannover,1
DRK,1
Fernbus,1
Verkehrsinfrastruktur,1
ehipayment,1
"GIZS,",1
paydirekt,1
*Diesel.,1
"Tesla,",1
Services,1
renting,1
eMobilität.,1
Kunde,1
EU-Kommission.,1
CO2-Zielen,1
RegenerativeEnergie,1
"Zipse,",1
"ladeinfrastruktur,",1
Langenaltheim,1
ABL,1
REWE,1
Schwegenheim,1
EVBox,1
Everon,1
Schifferstadt,1
Emobile,1
HildegardMüller,1
eBus👇,1
"EMobilität,",1
THUESAC,1
KerstinSchreyer,1
kuenstlicheintelligenz,1
AIaaS,1
…,1
LBBW.,1
chargeBIG:,1
Stickoxidbelastung:,1
LINOxBW,1
Bauministerkonferenz,1
Holz,1
Wohnraumförderung!,1
kostengünstigenWohnraumschaffen,1
bauenbauenbauen,1
DialogDays,1
JobmotorEE,1
SPD-Wirtschaftspolitikern.,1
Mobilitätsprämie.,1
Radwege,1
PTB,1
Steuerzahler.,1
Subventionen,1
Akkuauto/#Ladesäule/#Elektrobus,1
Messe,1
stayincontact,1
energyhack2020,1
Partner,1
Kressbronn,1
IONITY,1
ElectrifyAmerica,1
ablemobility,1
Frankenthal,1
Soest.,1
Ramschutz,1
"Endinstallation,",1
BeScheuert,1
InnovationForEveryone,1
ePKW,1
Innovationsprämie,1
Strommix,1
ad,1
Gigafabriken,1
"Wallbox,",1
Eppstein,1
klimaneutral,1
Autolobby,1
FridaysForFuture,1
5G,1
Mastercard,1
FAS,1
eLKW,1
"Autogipfel,",1
"Neuzulassungen,",1
"Ladepunkte,",1
GläserneManufaktur.,1
VWID3,1
Ladepunkten,1
Automobilindustrie:,1
Wechselstrom,1
fahrdochelektrisch,1
CNG,1
LNG,1
Nutzfahrzeuggipfel,1
Toom,1
HPC-Säulen,1
Flächen-Tool,1
Service4Charger,1
"Aral,",1
batteryday,1
HorváthPartners,1
...,1
Faktencheck,1
Chargemaker,1
LKWMaut,1
EMobilität🔌🚗,1
"ABB-Ladeinfrastruktur,",1
Schnellladesäule,1
Börse,1
NewbornAcquisition,1
Nuvve,1
Ladesäulengipfel🔌,1
Burk:,1
Altenburg,1
Landsberg,1
COVID19de,1
Lastmanagement,1
EFahrzeuge,1
ENERVIE,1
Halver,1
Stromtankstelle,1
LIDL,1
kohleausstieg,1
BadenWürttemberg.,1
preischaos_an_der_ladesäule,1
erderwärmung,1
klimawandel,1
COVID__19,1
Lastmanagement:,1
linke,1
CSU,1
CDU,1
SPD,1
Plattform,1
TDI2020:,1
neuemobilität,1
Ladelösungen,1
E-Fahrzeuge,1
Einfachladen,1
WeAreSPIE,1
Energieinfrastruktur,1
RecoveryFund,1
MAN-Vertragspartner*in,1
Lastenmanagement.,1
Batterierecycling,1
SchnellLaden,1
Elektroautos.,1
MobilityHub,1
Laden.,1
PSA,1
vwid3,1
id3marathon,1
Dettelbach,1
Niederspannungshauptverteilung,1
id3deutschlandtour,1
EFahrzeugen,1
Innovationsplattform:,1
Steuerbefreiung,1
Länderkammer,1
energy,1
rbb,1
Greifswald.,1
Bochum,1
bockaufbochum,1
"Software,",1
BestPractice,1
ltrlp,1
Neubrandenburg,1
Flottennutzern,1
"Förderprogramme,",1
Wohnungseigentumsgesetz,1
Hilpoltstein,1
UrbanMobility,1
MOQOSummit2020,1
Dräxlmaier,1
Fahrzeugbatterie,1
EnBWir,1
PowerSwap.,1
silis,1
Forschung,1
appentwicklung,1
baerenbern,1
"Supercharger,",1
Bochum.,1
Potsdam.,1
Kanal,1
Instagram,1
Selbstversuch,1
"Ladeinfrastruktur"":",1
NeueMobilitaet,1
vde,1
Giroe,1
Alfen,1
Interview,1
Gemeinderat,1
risiko-reiches,1
SmartCities,1
WELMO,1
"Marburg,",1
acea,1
"Berlin,",1
"Uckermark,",1
"Greifswald,",1
Stadt,1
"LadeInfrastruktur,",1
"Coaching,",1
Sauerland.,1
MaingauEnergie,1
DigitalChargingSolutions,1
Verbraucherzentrale,1
saxony5,1
Land.“,1
Interview.,1
innovativ,1
evse,1
Ladesäulen?,1
eAuto-Technik,1
eautos?,1
EU-Projekts,1
Ladevorgang,1
Kundenorientierung,1
Intercharge,1
"Elektroauto,",1
Bayern:,1
autogipfel,1
Ebelingstraße,1
SiC-Bauelemente,1
"Deutschland,",1
Energiekonzernen,1
elektroauto/s,1
BigOil,1
workshop,1
coaching,1
orle,1
tecnewsTuesday!,1
2020in20,1
Autostrom:,1
Flotte.,1
einfachladen.,1
Hybrid,1
A2-Ausfahrt,1
Beckum,1
"Inselwerke,",1
GasSchutzStrom,1
Ladegrün,1
Fürth,1
synfuel,1
roaming,1
LadeStrom,1
powerelectronics,1
elektrischfahren,1
Video,1
blaueflotte,1
Altmark,1
DESIGNETZ,1
Nikola.,1
Windrad,1
Globus,1
Radfahrern,1
autofreie,1
dm,1
BDEW-Ladesäulenregisters,1
ZVEIimDialog:,1
MehrPlatzfürsRad,1
Wilmersdorf.,1
EIektromobilität,1
"Technologieoffenheit.""",1
Normalladesäulen,1
SINTEG,1
Rover,1
Thüringen:,1
MotorPresseStuttgart,1
emobility.,1
"Cybersecurity,",1
"5G-Netz,",1
Ottawa:,1
"Antriebstechnologie,",1
FDI,1
vwfs,1
autonews,1
Analyse:,1
Walle,1
FCEV),1
Ladeservice,1
JetztZukunft-Talk,1
dhdl,1
COVID19,1
EAuto-Markt,1
Autokorrektur,1
Kfz,1
elektroweltrekordflug,1
Pressemeldung,1
MINI,1
Staatskanzlei,1
stromausfall,1
"Solar,",1
KfW-Förderung,1
BMWi,1
Eisenach.,1
Verkehrsvermeidung.,1
Ladeinfrastruktur.Um,1
IP,1
evpass,1
Carvolution,1
Automobilhandel,1
gera,1
EFlotte.,1
Touristen,1
"Hypercharger,",1
Abtei,1
Gadertal,1
NRWähltKlima!,1
Radkutsche,1
Chemnitz,1
"Zwickau,",1
Erneuerbaren.,1
Synfuels,1
Synfuel,1
Ladesäule|nverordnung“,1
Elektroauto-Zulassungen,1
Wenea,1
Ladeinfrastruktur-Anbieter,1
wnplus,1
CarlaCargo,1
Schnellladern,1
GroKo,1
WeMoG,1
PKW-#Neuzulassungen,1
wolfsburgdigital,1
EU-Ratspräsidentschaft,1
"SchnellLG,",1
Technologiespezifität.,1
Zuschüsse,1
"KMU,",1
KWK-Anlage,1
Investitionen,1
TheNextBigThing!,1
framing,1
Irizar,1
Elektroauto.s,1
Schaffhausen,1
Mietern,1
InductInfra.,1
technologieoffen,1
Fuhrparks,1
Nord,1
Wohnungseigentümern,1
vorwärts,1
EnWiPo:,1
Ladepunkt.,1
Kernen,1
Zuschuss,1
Anträge,1
Immobilienwirtschaft,1
juiceworld,1
foerderfaehig.,1
juicechargereasy,1
juicecharger2,1
ladestationen,1
foerderantraege,1
EU-Mindestanforderungen,1
"Photovoltaik,",1
VBSH,1
KaiLücke,1
neueMobilität,1
NRW.,1
"Umweltbonus,",1
AnschubUmbauAntrieb,1
maischberger,1
Energiedichte,1
Maischberger,1
Dieselskandals,1
Standpunkt:,1
PlugIn-Fahrzeugen.,1
Batterie-,1
Glasfaser,1
NaKoMo-Jahreskonferenz,1
Belib,1
Tulpenstraße,1
Autolib,1
Paris,1
Total,1
NowYouCan,1
eeg,1
Ökozid,1
energ…,1
China.,1
"Enel,",1
"EnelX,",1
induktive,1
WaltherWerke,1
Bundesregierung.,1
EU.,1
Luitpoldanlage,1
nrwfaehrtvor,1
EAuto|s:,1
eLadenetzIndex,1
Klimaschutz-Programm,1
OnlineWorkshops,1
NeueWege,1
MeineKraftVorOrt,1
ots,1
Medienmitteilung,1
Energieeffizienznetzwerke,1
Süwag-Ladesäule,1
Steinbach,1
Ladeinfrastruktur...,1
plugandcharge,1
CustomerExperience,1
Ladevorgangstarten:,1
ladeinfrastrukturgipfel,1
Stromlieferanten,1
Freising,1
Ladeinfrastruktur-Woche!,1
"Salzwedel,",1
cleanenergy,1
Zukunftbeginntzusammen,1
"Arbeitsplätze,",1
eAuto-Ladepunkte,1
connectedhome,1
Doppeldeckerbusse,1
Schnelladern,1
ladelösung,1
EAutos.,1
Energiespeichern,1
Ladeinfrastrukturen,1
Stromladesäule,1
V2G,1
LoRaWAN®-gestützte,1
SmartParking,1
LoRaWAN,1
IoT,1
Schwerin,1
Klima2050,1
Realität,1
Kammerstein:,1
wirbauenan,1
bauerkirch,1
KW49,1
Bautagebuch,1
eActros,1
GenH2,1
invoicing,1
einvoicing,1
noLNG,1
PlantItForward,1
Kaufpreis,1
savetheplanet,1
EMMAs,1
niocars,1
Numbat,1
Feneberg,1
Wasserstoff-Erzeugung.,1
Energiepolitik.,1
Verkehrsemissionen,1
Belgien,1
Flandern,1
Gent,1
TotalEnergies,1
megamonheim,1
Monheim,1
BWfürMorgen,1
"Schnellladesäule,",1
Südpark|s,1
Marienburg,1
now-gmbh,1
Fuhrparkverband,1
Ladezone,1
"cosmix,",1
"Ladesysteme“,",1
contentautomation,1
news-stream,1
stromnetz,1
wirgestaltendasnetzvonmorgen,1
christmas,1
advent,1
Solarstrom.,1
Expertise,1
climatechange,1
Elektromobilitätsmanagern,1
werkstolz,1
WeWontStop,1
Telekomwall,1
LoveMagenta,1
DABEI.,1
FAQ,1
wirgestaltenenergie,1
eswe,1
matrixcharging,1
Easelink,1
oeamtc,1
NieWiederBeScheuert,1
Mobilitätswende:,1
"Technologieoffenheit,",1
"Energieeffizienz,",1
"EVU,",1
Digitalvertrieb,1
Eworld2022,1
Elektrofahrzeige,1
Strategie,1
Radwege?,1
Radfahrer:innen,1
Großbritannien,1
Lindner,1
Österreich.,1
Hornbach,1
NLStBV,1
Auffälligkeit,1
SoC,1
"Urlaubsfahrt,",1
KeyRing.,1
Batterie?,1
Klimaschutz?,1
Elektrofahrzeuge​n,1
Maximaleventualbedarf,1
immerfuereuchda,1
EnergiewendeundSpaßdabei,1
Feldversuchen,1
Schwieberdingen,1
vielzutun,1
Erlkönig,1
Mönkeberg,1
Bibliothek,1
"Schulen,",1
"Feuerwehr,",1
"Chemnitz,",1
Handelsblatt,1
DontLookUp,1
Saarland,1
GrüneKhmer,1
Klimasekte,1
Erfinder,1
Autobahn,1
eMobility-,1
Versprechen,1
Dreirad,1
Begrünung.,1
Treffpunkt,1
Wasserstoff-Autos?,1
Autohaus,1
OpenInnovation,1
TRATON,1
bubble,1
allelectric,1
Nachtragshaushalt,1
StadtwerkeEnergie.,1
kanews,1
karlsruhe,1
Börsengang,1
Listing,1
Unternehmensfinanzierung,1
directmarketplus,1
directtalk🎬🎥:,1
RatBN,1
"Daimler,",1
AutohausStrategie,1
Citroen,1
Megane,1
TeslaModel3,1
youtube:,1
speicherlösungen,1
elkw,1
etruck,1
SachsenAnhalt,1
Elektroauto-Ladeinfrastruktur,1
Vertragsunterzeichnung,1
AutohausZukunft,1
Workshop,1
eFluencer,1
movegreen,1
"Ampelkoalition,",1
Elektrombilität.,1
Wangen,1
"Ladesäulen""",1
transportlogistik,1
Logistikzentren,1
cef21,1
Baustelle,1
Digitalsession,1
bidirectional,1
EMobilityLAB,1
DankeUnion,1
"Mobilität""",1
LieferVerkehr,1
eAuto-Ladesäule,1
CarSharing,1
rrzh,1
quersenken,1
IHK_FFM,1
Fuhrpark's:,1
Immobilie,1
nachhaltiganlegen,1
COP26Glasgow,1
transportCH,1
E-Ladeinfrastruktur,1
Klimafreundlich|er,1
Rewe,1
Ladeinfrastruktur-Go↗️🔝👏,1
Penny-Supermärkten,1
Galp,1
Portugal,1
Future,1
BreakthroughAward2021,1
maybritillner,1
Stromspeicher,1
AMPEL,1
ladeinfrastruktur.,1
"Mobilitätswende,",1
Dialog,1
RT,1
Anreize,1
Mobilitätswende?“,1
Förderung.,1
DEW21,1
AnneWill,1
audi,1
Netzausbau,1
AWS,1
Panion,1
Wachstumsmarkt,1
investment,1
Wachstumssektor,1
invest,1
Langmatz,1
Lkw-Hersteller,1
vdwgoesfuture,1
MUNiedersachsen,1
vdw,1
Kehl,1
REWE-,1
EMobilität-Technolgien,1
"Schiene,",1
hbautogipfel,1
genauso,1
Electric,1
NaKoMo,1
staedtetag21,1
Ladesäulenverordnung.,1
einfacher,1
Bezahlen,1
not,1
mobilityBB,1
Kommunen“,1
Netzintegration«,1
crowdinvesting,1
Erneuerbare,1
Wallbox),1
EconComic,1
Radnetzwerke,1
"MobilitätsHubs,",1
Schnellladeinfrastruktur,1
AmpelKoalition,1
dmco21,1
"Carsharing,",1
foerderung,1
Livestream:,1
Zeiss-Zentrale,1
Porträt,1
niopower,1
tankstelle,1
"Hagen,",1
"SIHK,",1
CHEMPARK,1
Berlin?,1
autogipfel2021,1
parking,1
Lankwitz.,1
verkehr,1
Hybridantrieb,1
Ökostrom.,1
CarSharing-Anbieter,1
Carsharing,1
Monopolstellung,1
mRnS,1
EGG,1
Gera,1
VINCI,1
Grünstrom!,1
weareomexom,1
eMove,1
Omexom,1
Lkw-Ladens,1
Heliox,1
Osnabrück,1
Dehner,1
Citywatt,1
Feldversuch,1
ATZelektronik,1
Springerprofessional,1
CURRENTA,1
"Taxi,",1
"MopedSharing,",1
"ScooterSharing,",1
Porträt:,1
airport,1
ABB.,1
Rollfeld:,1
Energiegeld,1
AFIR,1
Bundesregierung|en,1
EMobility-Pionier,1
DigitalDachstrategie,1
Gigabitstrategie,1
100Tage,1
PrivacyShield,1
Wohnquartiere​n,1
Wohnungswirtschaft.,1
neovac,1
smartmobility,1
connected,1
MasterplanLIS,1
schnellladen,1
vollstrom,1
ecar,1
ladepark,1
Monopol.,1
Ladesäulenbetreiber,1
Fremdmarken,1
FDPunter5Prozent,1
Entlastungspaket,1
Kassel,1
Gamedrive,1
HZJ79,1
Bushwalk,1
Dieselpreise:,1
grünen,1
"Klimaschutz,",1
Klimaneutralität!,1
energiewirtschaf…,1
Spritpreisbremse,1
Fraunhofer,1
"Elektromobilität?""",1
GreenEnergy.,1
"Altbausanierung,",1
"Kohlekraftwerke,",1
Bielefeld,1
KlimaWoche,1
BDL,1
Wind.👍,1
Ökobilanz,1
Asylpolitik.,1
Tankrabatt.,1
Spritpreise,1
Preise,1
GLG,1
SDG9,1
SDG7,1
telekomwall,1
efluencer,1
eFahrzeuge,1
Reev,1
BesserWeiter,1
ausreichend?,1
Schottland,1
Leistung,1
E-Mobilität.,1
Plug-in-Hybride,1
erneuerbarer,1
IPCC,1
OpenTransportMeetup,1
consulting,1
123INFO,1
BUS2BUS,1
WIRSINDDABEI,1
vorankommenNRW,1
ltwsh22,1
tvtriell,1
"Ladeinfrastruktur.""",1
SH,1
Versorgungssicherheit,1
Ladeinfrastruktur»,1
Zipse,1
BMW-Chef,1
Arbeitsrecht,1
SocialCredit,1
energiepoliti…,1
Berlin-#Spandau,1
Ladeinsfrastruktur,1
"Verkehrswende,",1
Elektrofahrzeug.,1
Elektromobiltät,1
Energieatlas,1
plugin,1
Finnland,1
Vision,1
ClimateAction,1
Straßenlaternen,1
Elektroladelaternen.,1
Ultraschnellladesäule​n,1
AralPulse:,1
Laternenlader,1
vdl,1
stadtwerkeosnabrueck,1
ladesaeule,1
lingerie,1
unterhose,1
unterwäsche,1
hamburg,1
Solarenergie.,1
integrativen,1
Sektorenkopplung,1
Energien,1
Ladeparks.,1
Trafos,1
Verwaltungen.,1
Ladeinfrastruktur-Aufbau,1
fkem22,1
Pforzheim,1
Luxemburg,1
KoaVTracker,1
SchleswigHolstein,1
Vision2030:,1
Klimawende,1
Rostock,1
"BikeSharing,",1
Deutsche,1
Service,1
SmartGrid,1
Ettlingen,1
EmoG,1
Schweizer,1
Mobilitätswandel,1
IntelligenteGebaeude,1
StarkeNetze,1
Gebäude,1
"Energie,",1
AllElectricSociety:,1
Ostbevern|er,1
GründenLohntSich,1
ChargeX,1
Startup,1
Steuerungs­s…https://t.co/8cyBz1at7s,1
OTSECURITY,1
Benzinpreise,1
Radtaschen,1
Bahnhof.,1
Wien,1
Taxi,1
Elekromobilitaet,1
dbdk22,1
Autos,1
SachsenEnergie!,1
JuiceTechnology,1
Steuer,1
Zoll|vorteilen,1
Erneuerbare|n,1
investieren,1
"CarSharing,",1
Wien.,1
Mobilstation,1
POI,1
Arbeitsort,1
Vielfahrer:,1
TagdesTrivialwissens,1
Autobranche,1
Verbrennerfahrzeugen,1
Tanken,1
cdu,1
sustainable,1
Investment,1
automotives,1
CCV,1
MOBIpunkte,1
EAuto-Fahrer*innen?,1
Emobility?,1
LIS,1
API,1
App,1
Ladestandorte,1
RoadshowElektromobilität,1
BEVs,1
winningGreen,1
Energiegipfel,1
Ladeinfrastruktur-Ausbau?,1
Druck:,1
THGQuote:,1
"BEV-,",1
radio,1
Russland,1
Bereitschaft,1
Meinungsbild,1
Ergebnisse:,1
revolutionieren.,1
Ladeprozess,1
TU,1
"tanken,",1
Ladesäule:,1
Bundesnetzagentur,1
EAuto?,1
LEAG,1
Zapreva,1
"Ronnenberg,",1
Ladekommunikation,1
elektrischesLaden,1
Mastiaux,1
EnBW-CEO,1
FAZ,1
"Hafencity),",1
Buchholz,1
Freiheit,1
"Corona,",1
DieGruenen,1
SWPPlus,1
THG,1
gründer,1
SWM,1
FullElektricConcept,1
CarSharing-Förderung.,1
Lesenswert...,1
Österreich:,1
Automobilhersteller​n,1
Wirtschaftsministerium,1
Brandenburg​er,1
Benzin,1
Städte,1
bonn,1
swb,1
zuhause,1
Mobilitätspunkte,1
"Nullemissionshubs,",1
Lademanagement,1
eGas,1
ZSW,1
Neon,1
Technologieoffenheit,1
ISO15118.,1
"Langenzenn,",1
solarinitiativen,1
"PluginHybrid,",1
SchneiderElectric,1
Biodiesel,1
Ethanol,1
eFuels,1
Biomethan,1
Supercharger-Netzwerk,1
Verbrenner-Hersteller,1
ElektroAutos,1
Energiewende-Turbo,1
Kaufverhalten,1
Entwicklung,1
Blickpunkt,1
Zulassungen,1
klimaschutzziele,1
Daimler_Buses.,1
IVU,1
Stadtverkehr,1
Regensburg.,1
ioniq5,1
valencia,1
NOVA-Reform,1
EQS,1
Mercedes,1
Renault,1
Automotive,1
bundesverband,1
EWald,1
eeMobility,1
BEM,1
Kreditkartenpflicht,1
Sonderkommission,1
fossilfrei,1
BaWü,1
kfw,1
aufladen,1
ladeInfrastruktur,1
VDAWatchtipp,1
Berlin|er,1
"CityLogistik,",1
VDAZahlderWoche,1
CHAdeMO,1
Autobahn2:,1
eKäfer,1
"TAG_Wohnen,",1
Supercharger-Säule,1
Ulm,1
Ladetechnik,1
Wolf,1
dieselgate,1
Transmutieren,1
MSR,1
GrafikderWoche,1
elektroinstallation,1
Veolia,1
elektroauto.,1
Elektroauto-Parkhaus,1
photovoltaik,1
solarstrom,1
trier,1
EBikes.,1
ERoller,1
StadtwerkeTrier,1
Azubis,1
EFuels,1
Elektromotorräder,1
Startup-Programms,1
CO2Emissionen,1
WELMO-Programm,1
isnm,1
LösungsvorschlägenLastUpdated,1
Colmberg?,1
fitfor55,1
"Verteilnetze""⚡️🚘",1
SmartIndustryDay,1
Actemium,1
EUGreenDeal,1
Erneuerbaren-Ausbau,1
EU-#Klimapaket,1
Elektromobilität!,1
deutsche,1
Wettbewerbsvorteilen,1
Verbrennerverbot,1
Klimaprogramm,1
Ladeboxen,1
Ladestaionen,1
Wiesbaden,1
Koblenz,1
Straßenlaterne,1
Eifel,1
KlimakriseISTjetzt,1
Klimakatastrophe,1
Ersatzdebatte,1
"Elektro|#auto|förderung,",1
Wallbox|en,1
SDGs,1
ImpactInvesting,1
Ladeinfrastruktur-Ausbau!,1
Pandemie,1
ETS,1
Ladeleistung,1
EU-Mitgliedsstaaten,1
"Verteilnetze""",1
pr,1
presse,1
nachrichten,1
economice,1
optimize,1
analyze,1
ENGDEN,1
Energiewirtschaft,1
"Ladeinfrastruktur"".",1
StellantisEVDay2021,1
Weimar!,1
TÜV-Zertifizierungen,1
Erzeugung,1
Nio,1
Bürgerschaftsantrag,1
EMobilität!,1
Verbrenneraus,1
newmotion,1
Convenience.,1
"VW-Werk,",1
BRV,1
GreenDeal,1
TÜVHessen,1
Brandschutz-Konzept,1
Netze,1
ISNM,1
CEO,1
Reichweitenangst.,1
Klagenfurt,1
Grünheide,1
Bundesregierung:,1
Jobmotor,1
Fahrrad-hersteller?,1
Naturstrom,1
Wasnun,1
Solarstrom,1
Sektorkopplung.,1
Handel,1
ladeinfrastrukur,1
"Schienenverkehr,",1
Wik-Kanal,1
Kiel:,1
LadenetzRanking,1
Hanau,1
PioneerPark,1
AktuelleStaatlicheFörderungen,1
Sharing,1
"Elektroautos,",1
reev,1
Test,1
carsharing,1
Ladesäulenkarte,1
hotelerie,1
Elektromoblität,1
Comfortcharge,1
Peine.,1
Enyaq,1
deutschlandabernormal,1
handwerk,1
Siegburg,1
happyearthday,1
earthdayeveryday,1
EarthDay,1
EarthDay2021,1
Industrie,1
Energieeinsparungen,1
Energ…,1
Brandenburg,1
Sharing-Plattform,1
Feststoffakkus,1
klimaschmutzlobby,1
fakefacts,1
eresing,1
efahrzeuge,1
ai,1
machinevision,1
NeuronaleNetze,1
BMBF,1
KICamp21,1
chargepoint,1
CPMS,1
Ladeplätze,1
E-Flotte,1
Düsseldorf,1
"Wuppertal,",1
DSW21,1
IAM,1
ComfortCharge,1
Fuhrpark“,1
Elektrotechnik,1
BananenrepublikDeutschland,1
Finanzierung,1
Ladenetz,1
digitalbw,1
digitaleTools,1
InKoMo-Austausch,1
benzin,1
umfrage,1
check24,1
yougov,1
Heidelberg,1
CO2-Fußabdruck,1
ThesmarterE,1
cosmix,1
Benzinpreis.,1
umwelt,1
Job:,1
Wolfsburg,1
stadtbild,1
berlin,1
udl,1
unterdenlinden,1
Charger,1
Solarstammtisch,1
enerix,1
EMO,1
Elektroauto.,1
R2G!,1
Mikromobilität,1
NachhaltigesMobilitätskonzept,1
Ladesaeule,1
illner,1
StoreDot,1
FordF150Lightning,1
EnergieSpeicher,1
LoveCyclingGoDutch,1
shapingmobility,1
Schweiz.,1
VWID4,1
Ladetarife,1
EEG-Umlage,1
SmartMeterGateway,1
CLS-Kanal,1
Elektromobile,1
EWE,1
"TMZ,",1
Ladetarif|s,1
"EnBW,",1
Elektroautofahrer,1
SMGW,1
OCPP-Protokoll.,1
iMSys,1
TMZ,1
Audi-Chef,1
EU-Mitglieder,1
Masterplan-Lis,1
EU-Masterplan,1
Bordlader.,1
eq,1
SuperCharger,1
deutschlandnetz,1
WIRFÜRELEKTROMOBILITÄT:,1
Alpitronic,1
Verden,1
Mobilitätswoche,1
hondae,1
brandenburgkapital,1
Schnellader,1
meenergy,1
bioethanol,1
Driivz.,1
ecb21,1
btw21,1
BerlinerRunde:,1
Problem,1
Fossilindustrie,1
Photovoltaikanlagen,1
Blackouts.,1
Königreich,1
KA.,1
Ladeinfrastruktur🔌,1
TO:,1
Elektromobilität🚗,1
iLaPark,1
DaimlerTSS,1
Projekten,1
ChargingStationPlatform,1
energiemana…,1
"Celle,",1
"Lüneburg,",1
Uelzen,1
Startup.,1
BalkonKraftwerk,1
AkkuRecyling,1
mehrbewegen,1
Wirtschaft,1
Transformation,1
"Ladesäulenverordnung,",1
"Ladeinfrastruktur""",1
BankenGipfel,1
Schnelladen?,1
Deutschlandnetz-Regionenvergleich:,1
"Deutschlandnetz,",1
Lindner:,1
"Auto-Herstellern,",1
Stade,1
IAA.,1
Triell,1
triell,1
Solarenergie,1
SchleswigHolstein.,1
Einheitsbotschafter,1
Elektromobile.,1
Elli,1
VW-Tochter,1
Befragung,1
Bauhaus,1
Polizei,1
HajeksHighVoltage,1
Etransporter#Ladestationen,1
Bundestagswahl2021,1
WELMO-,1
Lesetipp:,1
parkhaus,1
CleverSnapshots,1
Taunusstein.👇,1
EMIL,1
Sanierungsfall,1
ITSHamburg2021,1
Transport,1
"ÖPNV,",1
Kartellamt:,1
Kaiserslautern,1
HORNBACH,1
Mobilitätsgeld,1
einesäule4parkplätze,1
nachgefragt,1
Polestar,1
RTLDirekt,1
regionale,1
"Gesundheitsregion,",1
Klimaneutrale,1
Europas,1
SchleswigHolstein/@metroregionHH,1
Projektgebiet,1
"Vision2030,",1
Infrastrukturprojekt:,1
Superbrand,1
autokorrektur,1
Ladestrom.,1
Facts,1
FunFacts,1
Ludwigsburg,1
VDAHörtipp,1
fulda,1
osthessen,1
blauelösungenschaffen,1
ladenistüberall,1
Neukölln,1
Autokonzernen,1
emobkompetenz,1
Heroldsberg,1
Lösung.,1
Arnheim,1
Herausforderungen,1
"Veolia-Unternehmen,",1
China,1
blzopensource,1
EAuto.,1
funfacts,1
Strompreisflexibilisierung?,1
Kartenchaos,1
Ladeproblem,1
neu,1
ifoDresden,1
Versicherungspflicht,1
Steuern,1
Rentenreform,1
ifoDresdenberichtet,1
Wahlkampf,1
Bundestagswahl,1
Finanzminister,1
"Laschet,",1
Bürokratie.,1
Fahrzeuge,1
batterieelektrischer,1
Pedelec-Ladesäule,1
Ökostrom-Tarif,1
Windenergie-Projekt,1
Energiewende:,1
CDU/#CSU/#FDP/#SPD:,1
Servicetweet:,1
vielbewegt,1
hospitality,1
hotellerie,1
gasterlebnis,1
guestexperience,1
sowieddasnichts,1
Rathaus,1
JoeBiden,1
FutureMobilitySummit,1
zukunftholen,1
"Corona-Krise,",1
Klimaadaption,1
Dezentralisierung,1
Energiekonzepte,1
klimabewusst,1
Sundern,1
Bürokratie,1
"Ladesäulen,",1
Supercharger-Öffnung,1
IAA:,1
Schnellladetechnik,1
Verkehrswende:,1
lesetipp:,1
Smart_Grids-Gesprächen,1
Verteilnetze?,1
TEAG,1
StadtratC,1
Chemnitz.,1
E-Taxi,1
LEVC,1
TÜVSÜD,1
ladesaeulen,1
ID,1
eAuto-Anteil,1
Netzbetreiber,1
Ladenetzwerke,1
Netzintegration,1
Wasser.,1
kochen,1
Ladesäule​n,1
wohnwagen,1
camping,1
VDEjobs,1
Prüfer*in,1
Elektrotechniker*in,1
Normen,1
Kenntnisse,1
"Verteilnetz|e""",1
Eletromobilität,1
"Musk,",1
Ideologie,1
EMMA,1
Elektromobilität?🔌,1
KVB.,1
Stromtanken,1
Ladesituation,1
unbegrenztmobil,1
has·to·be.,1
ChargeConstruct,1
Lastenrad,1
EMobilität.,1
Reallabor,1
Ukraine,1
Kharkov.,1
Keremtschuk,1
"Odessa,",1
"Kiev,",1
esgehtvoran,1
Vaillant,1
EWR,1
transformation,1
"Automobilindustrie,",1
Elektroautos?,1
Kundenerlebnisse,1
Elektromobilität.“,1
Energy,1
Schnelladesystemen.,1
"digitalisierung,",1
"erneuerbareenergien,",1
Mobilfunk,1
Straubing,1
GrüneStadträte,1
"Elektro-Autos,",1
chargeIQ,1
Hürden,1
bürokratischen,1
logistics,1
Wirtschaftsverkehr.,1
Mobilitätsgesetz|es,1
Wirtschaftsausschuss,1
yesauto,1
reichweitenangst,1
logisitcs,1
ELKW,1
transport,1
Telekom,1
Fördersummen,1
UX,1
Eladesäulen,1
Nutzerfreundlichkeit,1
AudiQ4,1
Magnetbeton,1
Mobilität“:,1
1!,1
Check24de,1
förderaufruf,1
Ladeinfrastruktur-Betreiber,1
ladefrust,1
SpecialOlympics,1
DenHaag,1
