Hashtag,Count
Elektroauto´s,71
Ladeinfrastruktur,57
Elektromobilität,36
emobility,25
eMobility,20
energie,20
jobs,16
energiewirtschaft,12
elektroauto,12
ladeinfrastruktur,10
energiemanagement,9
Ladesäule,8
energiepolitik,8
emobicon,8
elektromobilität,6
Elektromobilität.,4
Elektroautos,4
Elektroauto,4
Ladeinfrastruktur.,4
Förderung,3
Mobilität,3
München,3
KfW,3
Bundeskartellamt,3
Ladeinfrastruktur:,3
Elektromobilität:,3
Deutschland,3
Siemens,3
Förderprogramm,3
Elektromobilitaet,3
beratung,2
Mobilitätswende,2
EMobilitaet,2
Digitalisierung,2
eMobilität,2
energiewende,2
frankfurtammain,2
Wallbox,2
energiewirt…,2
Elektrofahrzeugen,2
EMobilität,2
Sicharge,2
ladesäulen,2
"energiemanagement""",2
Ökostrom,2
ABB,2
"Ladeinfrastruktur,",2
Elektrofahrzeuge,2
Startup,2
CO2,2
infrastruktur,2
"energiewirtschaft""",2
emobilität,2
Ladestationen,2
energieBerlin,2
EnergieIT,2
energiemarkt,2
DEFAMA,2
UK,2
EnBW,2
Ladestation,2
Ladeinfrastruktur-Strategie,1
Online,1
EAuto​s.,1
Elektromobile.,1
live,1
"Mobilität""",1
eAutos,1
Grüninnenfilme,1
"Verlängerung"",",1
Thüringen⚡️,1
mobil,1
emobil,1
Elektrisch,1
Anschaffung,1
Beratungsleistungen,1
Ladegipfel,1
Inselwerke,1
"VDATK21,",1
business,1
EnergieEuropa,1
Impulse,1
Zukunft,1
NLGERMobility,1
Talk,1
Diskussion,1
Öfficon,1
"Flottenelektrifizierung,",1
"Energie,",1
ElectricHighway,1
Ecotricity,1
Gridserve,1
Wasserstoff-Brennstoffzellen-Anwendungen,1
energi…,1
Mobilität|swende:,1
Kompetenz,1
Chargemaker,1
DigitalTransformation,1
TowerTransit,1
IoT:,1
Robotik,1
Drohnen,1
Stadeln,1
Fürth,1
Unternehmen.,1
förderung,1
autohaus,1
Klimaschutz,1
Experten,1
EVBox,1
Wallboxen,1
London,1
Spreewald,1
Ludwigshafen,1
TechnischenWerke,1
MVV,1
"Heidelberg,",1
Stadtwerke,1
Energieversorger,1
Lausitz,1
Tenk,1
Falkenberg,1
FellerAG,1
Mobilitätsarena,1
Batteriepreise,1
Faktencheck,1
solar,1
ElektroMobilitätsnetzwerks,1
energiewirtsch…,1
solarenergy,1
Einhardstadt,1
"VDA,",1
trumpelection2020,1
topenews,1
Stone,1
disneyisoverparty,1
energie…,1
MAINGAUEnergie,1
SmartCharging,1
Offenbach,1
"Lastenfahrräder,",1
"EGolf#s,",1
Elektromobilitaet:,1
fossilfrei,1
Ladeinfrastruktur-Ausbau.,1
solarpv,1
EMobilitätslösun,1
Elektrobus,1
Niedersachsen,1
Viessmann,1
DigitalEnergySolutions,1
Total,1
kfw,1
Auto,1
Mitsubishi,1
Wallboxen.,1
Mobilität.,1
Elektrifizierung,1
Ladetechnik,1
PhoenixContact,1
Charx,1
Verkehrswende,1
KfW-Analyse:,1
Porsche,1
Verbraucherzentrale,1
ABBFIAFormelEMeisterschaft,1
einfachladen,1
HPC,1
DC,1
Ulm,1
HoGaKa,1
eLoaded,1
leitstelle,1
energy,1
elektrofahrzeuge,1
mobility,1
Homeoffice,1
EAuto,1
Freiamt,1
Kurhaus,1
Badstraße,1
Japan,1
Submetering,1
Honda,1
ESWE,1
hpc,1
ladepark,1
deutschlandnetz,1
Klimaschutz:,1
Entwicklung,1
CuvillierVerlag#EMobilität#Forschung,1
ESR-Preise,1
epilot,1
enedi,1
stadtwerkevelbert,1
digitalisierung,1
software-as-a-service,1
Neuenmarkt,1
"Kulmbach,",1
Wiesbaden,1
"Nissan,",1
limburganderlahn,1
fdp,1
H2,1
Strom,1
Youtube:,1
KiaEV6,1
IONIQ5?,1
Monta,1
Literaturhinweis,1
Verantwortlichkeit,1
Datenschutz,1
DSGVO,1
Ammerndorf,1
Di…,1
megamonheim,1
Koalitionsvertrag,1
Telekom,1
wgkd,1
NRW,1
Seminar,1
energiema…,1
OMEI,1
Landshut,1
Eworld,1
"Elektromobilität,",1
Wärmewende,1
Unternehmenskultur.,1
Schneider,1
EVlink,1
E-Mobilität,1
Rüsselsheim,1
Opel,1
SWEG,1
Elektrobusse,1
Ebusco,1
Klimakrise,1
Nachhaltige,1
Böllenseesiedlung,1
Rüsselsheim:,1
"gewobau,",1
Carré,1
Mobility,1
Quartiers,1
Frankenthal!,1
"Mobilitätswende,",1
energiewirts…,1
energiewirtscha…,1
energieiwirtschaft,1
EON,1
GridX,1
Ladesäulen,1
Reinhardshausen,1
TMZ,1
SMGw,1
iMSys,1
Mehrwertdienste,1
Emobilität,1
AralPulse,1
EMobility,1
eBus,1
SPIE,1
Blockchain,1
"SMGW,",1
"SmartGrid,",1
Burgwald,1
Bottendorf,1
Wirelan:,1
Komplettlösungen,1
Wirelan,1
Hackfleisch,1
CPMS,1
chargepoint,1
flotte,1
Webinar,1
Lastmanagement,1
Fachplaner,1
Solaris,1
Urbino,1
polnischen,1
"Toyota,",1
EWF,1
TÜVSÜD,1
echarge,1
Hotels,1
mevolt,1
GLS,1
Mobilitätswoche,1
ihksiegen,1
en…,1
energ…,1
nachhaltigkeit,1
mobilitätswende,1
ladeinfrastrukur,1
zveh,1
elektrotechnik,1
ET23,1
busnetz,1
busblickpunkt,1
Ladeinfrastruktur?,1
Nutzfahrzeuge,1
energiew…,1
Wärmeversorgung.,1
Ladesäule.,1
Wallbox-Produktion,1
Girokarte,1
giroe,1
eaddicted,1
electriclife,1
E-Busse,1
Bern,1
vivavis,1
energiepoliti…,1
…,1
"BDEW,",1
