﻿documents,topic,code
amperio gmbh: mobileeee amperio starten langfristige kooperation beim ladeinfrastruktur-aufbau https://t.co/136y5eiycu #frankfurtammain https://t.co/4fvzlolhcx,2,company ad
"zur ladeinfrastruktur elektrofahrzeuge gehört ein intelligentes lastmanagement, ein zugangsmanagement + ein monitoring. schneider electric ´s ev charging expert bietet alles all-in-one: installation lastmanagementsystem elektrofahrzeuge https://t.co/4bzqnvm4ho",2,company ad
#deutsch deutschland muss ausbau ladeinfrastruktur elektrofahrzeuge beschleunigen: kfw https://t.co/imnomzyw9a,2,other
elektromobilität ist ein entscheidender faktor zur erreichung klimaziele. schneider electric ionity sorgen gemeinsam eine alltagstaugliche schnelle ladeinfrastruktur. emobility - installation elektrische energie stromnetz https://t.co/rms2ewujx4,2,company ad
ladeinfrastruktur elektromobilität umfasst bei schneider electric ladestationen &amp; ladeboxen bzw. wallboxen. ein lademanagement steuert dabei dynamisch lasten. installation stromnetz elektromobilität ladestation https://t.co/vxnrqdqre8,2,company ad
elektromobilität ist ein entscheidender faktor zur erreichung klimaziele. schneider electric ionity sorgen gemeinsam eine alltagstaugliche schnelle ladeinfrastruktur. emobility - - elektrische energie installation stromnetz https://t.co/pfgkzxagk6,2,company ad
"zur ladeinfrastruktur elektrofahrzeuge gehört ein intelligentes lastmanagement, ein zugangsmanagement + ein monitoring. schneider electric ´s ev charging expert bietet alles all-in-one: installation lastmanagementsystem elektrofahrzeuge https://t.co/ktutulo0er",2,company ad
ladeinfrastruktur e-mobilität – interessentenaufruf ?? ?? klimastadtbüro #bremerhaven lädt einer teilnahme einer bedarfsumfrage ein. dadurch soll zugang ladestationen e-fahrzeuge ermöglicht werden. mehr: ?? https://t.co/xacpftsuij #bhvinfo #efahrzeug https://t.co/1acspktsx9,2,other
"#brandenburgjobs fachkräfte mit interesse #klimaschutz, #nachhaltigkeit, #erneuerbareenergien #elektromobilität sowie berufserfahrung #projektanbahnung -abwicklung im bereich #ladeinfrastruktur e-pkw oder im vertrieb technischer anlagen. https://t.co/6wz2rtsnqx",2,company ad
#job: mitarbeiter*in - projektentwicklung &amp; vertrieb ladeinfrastruktur (lis) https://t.co/4qgziowkoq #eberswalde #energiewende,2,company ad
bdew fordert „kluge pragmatische förderung“ e-auto-ladeinfrastruktur https://t.co/xnzx6ugnxi #elektroauto,2,company ad
elektromobilität ist ein entscheidender faktor zur erreichung klimaziele. schneider electric ionity sorgen gemeinsam eine alltagstaugliche schnelle ladeinfrastruktur. installation elektrische energie stromnetz emobility https://t.co/xvxgtmfndt,2,company ad
am 27. april rücken wir im rahmen “https://t.co/lwxghwfbgp live” aufbau ladeinfrastruktur immobilien fokus. online-konferenz bietet geballtes expertenwissen namhafter expert:innen. infos kostenfreie anmeldung: https://t.co/xcpopkzvn2 https://t.co/vqbe77uagw,2,company ad
"vermieter werden verpflichtet, installation ladeinfrastruktur dulden. yeah.",2,other
schutz ist schwierig: sicherheitsexperte warnt vor stromklau ladesäule https://t.co/5pq5whlkax via @rnd_de,2,expert opinion
@bdew_ev zur verbesserung bundesförderprogramme öffentliche ladeinfrastruktur kerstin andreae: wir brauchen eine kluge pragmatische förderung https://t.co/izpao4rl6o #energieverdichter #stadtwerke #elektromobilitaet #marketingdigital https://t.co/rhwq0po6op,2,expert opinion
am 27. april rücken wir im rahmen “https://t.co/lwxghwfbgp live” aufbau ladeinfrastruktur immobilien fokus. online-konferenz bietet geballtes expertenwissen namhafter expert:innen. infos kostenfreie anmeldung: https://t.co/xcpopkzvn2 https://t.co/mbziu2ovmy,2,expert opinion
blockchainbasierte ladeinfrastruktur was?,2,other
am 27. april rücken wir im rahmen “https://t.co/lwxghwfbgp live” aufbau ladeinfrastruktur immobilien fokus. online-konferenz bietet geballtes expertenwissen namhafter expert:innen. infos kostenfreie anmeldung: https://t.co/xcpopkzvn2 https://t.co/ykl9q635e8,2,expert opinion
ladeinfrastruktur elektromobilität umfasst bei schneider electric ladestationen &amp; ladeboxen bzw. wallboxen. ein lademanagement steuert dabei dynamisch lasten. installation stromnetz elektromobilität ladestation https://t.co/qlgqla69mt,2,company ad
elektromobilität ist ein entscheidender faktor zur erreichung klimaziele. schneider electric ionity sorgen gemeinsam eine alltagstaugliche schnelle ladeinfrastruktur. emobility - - elektrische energie installation stromnetz https://t.co/k2ds7jtvpw,2,company ad
"zur ladeinfrastruktur elektrofahrzeuge gehört ein intelligentes lastmanagement, ein zugangsmanagement + ein monitoring. schneider electric ´s ev charging expert bietet alles all-in-one: installation lastmanagementsystem elektrofahrzeuge https://t.co/mfahi6uua9",2,company ad
"jürgen klinger, ""ladeinfrastruktur elektromobilität im privaten halböffentlichen bereich"" - dritte, überarbeitete + erweiterte auflage des buches ist erschienen. hilfe fachhandwerker: beratung, auswahl ladepunkt /-station, installation. https://t.co/rx2fkfvrlq",2,expert opinion
#compleo erhält großauftrag #chargeone. https://t.co/5r9k2eof4h #emobility #elektromobilität #ladeinfrastruktur,2,news
gesucht: wissenschaftlicher mitarbeiter (m/w/d) entwicklung aufbau intelligenter ladeinfrastruktur: hochschule biberach https://t.co/cg7adtl8ah #stellenangebot #academics,2,company ad
elektromobilität ist ein entscheidender faktor zur erreichung klimaziele. schneider electric ionity sorgen gemeinsam eine alltagstaugliche schnelle ladeinfrastruktur. installation elektrische energie stromnetz emobility https://t.co/vhycjdxy1r,2,company ad
bdew kritisiert bürokratische hürden öffentliche ladeinfrastruktur https://t.co/rxdcf4paoa,2,expert opinion
openems networking friday 29.04.2022 um 14:00 ladeinfrastruktur intelligentes gebäudemanagement https://t.co/yfrqc548ky https://t.co/yfrqc548ky,2,expert opinion
am 27. april rücken wir im rahmen “https://t.co/lwxghwfbgp live” aufbau ladeinfrastruktur immobilien fokus. online-konferenz bietet geballtes expertenwissen namhafter expert:innen. infos kostenfreie anmeldung: https://t.co/xcpopkzvn2 https://t.co/nwaoe8lwcd,2,expert opinion
junge unternehmen eulektro will bremens ladeinfrastruktur elektroautos verbessern. nun hat sich mit waller beirat auf einen standort zentral-walle geeinigt. https://t.co/x3qshigf5c https://t.co/nenxjhcwwm,2,news
gerade im huss-verlag erschienene buch zur ladeinfrastruktur vermittelt nötige know-how zur durchführung ladeinfrastruktur-projekten unternehmen. ist dritte buch wolfgang wieduwild reihe „neue mobilität“. jetzt bestellen: https://t.co/faktza6ejt,2,expert opinion
elektromobilität ist ein entscheidender faktor zur erreichung klimaziele. schneider electric ionity sorgen gemeinsam eine alltagstaugliche schnelle ladeinfrastruktur. emobility - installation elektrische energie stromnetz https://t.co/qhogbwllpq,2,company ad
ladeinfrastruktur elektromobilität umfasst bei schneider electric ladestationen &amp; ladeboxen bzw. wallboxen. ein lademanagement steuert dabei dynamisch lasten. installation stromnetz elektromobilität ladestation https://t.co/5kon1ni2d6,2,company ad
elektromobilität ist ein entscheidender faktor zur erreichung klimaziele. schneider electric ionity sorgen gemeinsam eine alltagstaugliche schnelle ladeinfrastruktur. emobility - - elektrische energie installation stromnetz https://t.co/xxekfuct02,2,company ad
"zur ladeinfrastruktur elektrofahrzeuge gehört ein intelligentes lastmanagement, ein zugangsmanagement + ein monitoring. schneider electric ´s ev charging expert bietet alles all-in-one: installation lastmanagementsystem elektrofahrzeuge https://t.co/x9uvcoxenj",2,company ad
?? #ladeinfrastruktur-start-up heimladen hat sich einer ersten finanzierungsrunde wachstumskapital gesichert. junge unternehmen bietet e-ladeinfrastruktur private stellplätze im abo-modell an: https://t.co/ewfr5ohskb,2,news
am 27. april rücken wir im rahmen “https://t.co/lwxghwfbgp live” aufbau ladeinfrastruktur immobilien fokus. online-konferenz bietet geballtes expertenwissen namhafter expert:innen. infos kostenfreie anmeldung: https://t.co/xcpopkzvn2 https://t.co/oyvqohari9,2,expert opinion
@bdew_ev zur verbesserung bundesförderprogramme öffentliche ladeinfrastruktur kerstin andreae: wir brauchen eine kluge pragmatische förderung https://t.co/izpao4jmuy #energieverdichter #stadtwerke #elektromobilitaet #marketingdigital https://t.co/1clo8sbm2w,2,expert opinion
"rt zeitung_energie ""bdew beklagt umständliche förderprogramme: hohe bürokratische hürden behindern ausbau ladeinfrastruktur e-autos. beklagt bundesverband energie- wasserwirtschaft (bdew). https://t.co/nj6ckp8urp #energiepolitik #energiewirtschaft #e…",2,expert opinion
start-up ladeinfrastruktur heimladen schließt erste finanzierungsrunde ab: unternehmen schafft ladeinfrastruktur mehrparteienhäusern. dafür hat heimladen ein abo-modell entwickelt. investoren zählen… https://t.co/so9yrjtnzo #solarenergy #solar #sustainability https://t.co/dk1dysfhbj,2,news
energieverband: förderverfahren öffentliche #elektroauto-ladeinfrastruktur kompliziert langwierig https://t.co/zvswrcezle #energie https://t.co/hg2flzjcnk,2,news
"zeitung_energie ""bdew beklagt umständliche förderprogramme: hohe bürokratische hürden behindern ausbau ladeinfrastruktur e-autos. beklagt bundesverband energie- wasserwirtschaft (bdew). https://t.co/b3eygyeucm #energiepolitik #energiewirtschaft #ener…",2,news
bdew beklagt umständliche förderprogramme: hohe bürokratische hürden behindern ausbau ladeinfrastruktur e-autos. beklagt bundesverband energie- wasserwirtschaft (bdew). https://t.co/iimlteu2ev #energiepolitik #energiewirtschaft #energie,2,news
am 27. april rücken wir im rahmen “https://t.co/lwxghwfbgp live” aufbau ladeinfrastruktur immobilien fokus. online-konferenz bietet geballtes expertenwissen namhafter expert:innen. infos kostenfreie anmeldung: https://t.co/xcpopkzvn2 https://t.co/npi7z59vfb,2,expert opinion
bdew-papier zur verbesserung bundesförderprogramme öffentliche ladeinfrastruktur https://t.co/x7nr3l64e3,2,news
gerade im huss-verlag erschienene buch zur ladeinfrastruktur vermittelt nötige know-how zur durchführung ladeinfrastruktur-projekten unternehmen. ist dritte buch wolfgang wieduwild reihe „neue mobilität“. jetzt bestellen: https://t.co/faktza6ejt,2,expert opinion
elektromobilität ist ein entscheidender faktor zur erreichung klimaziele. schneider electric ionity sorgen gemeinsam eine alltagstaugliche schnelle ladeinfrastruktur. emobility - installation elektrische energie stromnetz https://t.co/ddt2ildxqk,2,company ad
"vermieter werden verpflichtet, installation ladeinfrastruktur dulden. yeah.",2,other
vorzeitiges ende plug-in-förderung festhalten am einstufigen antragsverfahren beeinträchtigen vertrauen politik verringern neuzulassungen klimafreundlichen elektrofahrzeugen. plug-in-hybride sind brückentechnologie bis genügend ladeinfrastruktur vorhanden ist. https://t.co/hrcbj34s49,2,news
vorzeitiges ende plug-in-förderung festhalten am einstufigen antragsverfahren beeinträchtigen vertrauen politik verringern neuzulassungen klimafreundlichen elektrofahrzeugen. plug-in-hybride sind brückentechnologie bis genügend ladeinfrastruktur vorhanden ist. https://t.co/ffymnjjepe,2,news
@bmwk vorzeitiges ende plug-in-förderung festhalten am einstufigen antragsverfahren beeinträchtigen vertrauen politik verringern neuzulassungen klimafreundlichen elektrofahrzeugen. plug-in-hybride sind brückentechnologie bis genügend ladeinfrastruktur vorhanden ist.,2,news
gerade im huss-verlag erschienene buch zur ladeinfrastruktur vermittelt nötige know-how zur durchführung ladeinfrastruktur-projekten unternehmen. ist dritte buch wolfgang wieduwild reihe „neue mobilität“. jetzt bestellen: https://t.co/faktza6ejt,2,expert opinion
pv magazine deutschland: baywa re bietet lösungen management ladeinfrastruktur unternehmen https://t.co/ezsho2fsop,2,other
ladeinfrastruktur elektromobilität umfasst bei schneider electric ladestationen &amp; ladeboxen bzw. wallboxen. ein lademanagement steuert dabei dynamisch lasten. installation energiemanagement betriebssicherheit https://t.co/pwuqgyqfp4,2,company ad
#p3 masterand (m/w/d) analyse gesetzeskonformer payment- bezahllösungen öffentlich privat betriebene ladeinfrastruktur https://t.co/atm1ewir4w,2,company ad
#p3 masterand (m/w/d) analyse gesetzeskonformer payment- bezahllösungen öffentlich privat betriebene ladeinfrastruktur https://t.co/l18xekxbox,2,company ad
#p3 masterand (m/w/d) analyse gesetzeskonformer payment- bezahllösungen öffentlich privat betriebene ladeinfrastruktur https://t.co/omhpqozikn,2,company ad
gerade im huss-verlag erschienene buch zur ladeinfrastruktur vermittelt nötige know-how zur durchführung ladeinfrastruktur-projekten unternehmen. ist dritte buch wolfgang wieduwild reihe „neue mobilität“. jetzt bestellen: https://t.co/faktza6ejt,2,expert opinion
elektromobilität ist ein entscheidender faktor zur erreichung klimaziele. schneider electric ionity sorgen gemeinsam eine alltagstaugliche schnelle ladeinfrastruktur. emobility - - elektrische energie installation stromnetz https://t.co/dmgyk4qghp,2,company ad
"zur ladeinfrastruktur elektrofahrzeuge gehört ein intelligentes lastmanagement, ein zugangsmanagement + ein monitoring. schneider electric ´s ev charging expert bietet alles all-in-one: installation lastmanagementsystem elektrofahrzeuge https://t.co/pias9pog2e",2,company ad
mit handwerkerbonus wird installation privater ladeinfrastruktur gefördert. yeah.,2,other
"ladelösung e-dienstflotten: enbw bietet mit partner smartics ab sofort eine managementlösung e-flotten an. diese inkludiert lademöglichkeiten direkt am unternehmen, öffentlicher ladeinfrastruktur sowie heimischen wallbox der… https://t.co/b9dkcyssu5 https://t.co/pu3glha4df",2,news
"vermieter werden verpflichtet, installation ladeinfrastruktur dulden. yeah.",2,other
"tobias wolny, bp external affairs senior manager, beim webinar @agoraverkehr über ausbau ladeinfrastruktur städten. --- #chargingincities https://t.co/stqfytgscz",2,expert opinion
nordrhein-westfalen fördert ladeinfrastruktur elektroautos umfassend https://t.co/hvcrrwtidu #elektroauto,2,news
pace erwirbt 20 proterra zx5-elektrobusse ladeinfrastruktur elektrofahrzeuge https://t.co/hebs4ucyrf,2,news
elektromobilität ist ein entscheidender faktor zur erreichung klimaziele. schneider electric ionity sorgen gemeinsam eine alltagstaugliche schnelle ladeinfrastruktur. installation elektrische energie stromnetz betriebssicherheit emobility https://t.co/hc9nyevumn,2,company ad
#job: erstberater/in elektromobilität &amp; management ladeinfrastruktur (m/w/d) https://t.co/xm8ycz3brq #böblingen #energiewende,2,company ad
"schnellladestationen werden abertausende transformatoren benötigt. doch weil bauteile fehlen, drohen ehrgeizigen ausbauziele scheitern, berichtet @handelsblatt. #elektromobilität #ladeinfrastruktur https://t.co/ikmouvfq6l",2,news
"jetzt noch anmelden! am 7.4. bietet online-seminar »ladeinfrastruktur: rechtssicher wirtschaftlich planen betreiben« des @fraunhoferifam eine praxisnahe #weiterbildung planer, errichter betreiber #ladeinfrastruktur. anmeldung: https://t.co/cv8fywg2qr https://t.co/cnmoyg3otq",2,other
"jetzt unser web-seminar förderprogrammen „emissionsarme mobilität“ „öffentliche ladeinfrastruktur elektrofahrzeuge“ anmelden: 06.04.2022, 15-16 uhr. https://t.co/2vzswcrb9z #elektromobilitaet #emobility #nrw #seminar foto: samantha borges auf unsplash https://t.co/mljnmvigvg",2,other
ladeport award 2022 - nutzerpreis engagements zum aufbau ladeinfrastruktur startet https://t.co/f53qyrecxy,2,other
"thega bietet ihnen möglichkeit sich umfassend informieren: rund um fördermöglichkeiten, entsprechende ladeinfrastruktur fahrzeugarten vom pkw bis zum nutzfahrzeug. https://t.co/dr9jihhvnd",2,other
elektromobilität ist ein entscheidender faktor zur erreichung klimaziele. schneider electric ionity sorgen gemeinsam eine alltagstaugliche schnelle ladeinfrastruktur. emobility - installation elektrische energie stromnetz https://t.co/cy5hx1c11b,2,company ad
ladeinfrastruktur elektromobilität umfasst bei schneider electric ladestationen &amp; ladeboxen bzw. wallboxen. ein lademanagement steuert dabei dynamisch lasten. installation energiemanagement betriebssicherheit https://t.co/hcoh5jefdk,2,company ad
elektromobilität ist ein entscheidender faktor zur erreichung klimaziele. schneider electric ionity sorgen gemeinsam eine alltagstaugliche schnelle ladeinfrastruktur. emobility - - elektrische energie installation stromnetz https://t.co/rrmmlhukw0,2,company ad
#job: projektmanager*in ladeinfrastruktur elektromobilität https://t.co/wmacubtwg6 #berlin #energiewende,2,company ad
"zur ladeinfrastruktur elektrofahrzeuge gehört ein intelligentes lastmanagement, ein zugangsmanagement + ein monitoring. schneider electric ´s ev charging expert bietet alles all-in-one: installation lastmanagementsystem elektrofahrzeuge https://t.co/kxebsag3uw",2,company ad
fronius kooperiert mit wallboxhersteller go-e im bereich ladeinfrastruktur e-autos: fronius go-e verstärken zusammenarbeit im bereich ladeinfrastruktur elektroautos. zunächst wollen beiden partner damit erwartende… https://t.co/cfag75oyki https://t.co/m72yzyfcon,2,news
#fastned gewinnt weitere ausschreibung #frankreich. https://t.co/1ivnarnktl #emobility #elektromobilität #ladeinfrastruktur @fastned,2,news
"eine neue studie siemens financial services schätzt weltweite investitionslücke ladeinfrastruktur e-mobilität 2021 bis 2023 auf 45,3 mrd. usd https://t.co/om0dsh1zi8 #elektromobilität",2,other
barshare-anmeldung erleichtert + neue emobility ladesäule finowfurt mehr dazu bei bernau live #barnim #barshare #bernau #bernaulive #emobility #kreiswerkebarnim #verkehr https://t.co/imlmviseo3 https://t.co/38qw9hl3ea,2,news
"#pfalzwerke, #estfh #siemens eröffnen ladepark #heilbronn. https://t.co/d3vxx14fvn #emobility #elektromobilität #ladeinfrastruktur @pfalzwerke",2,news
ladepunkte mehrfamilienhäuser: #shell recharge solutions steigt bei nwg charging ein. https://t.co/gf4zmp1r41 #emobility #elektromobilität #ladeinfrastruktur,2,news
#schweden: wattif ev smart parkering sverige planen ladepunkte 250.000 parkplätzen. https://t.co/zrq1wdetwo #emobility #elektromobilität #ladeinfrastruktur,2,news
"grüner ladstrom frankfurter wolkenkratzer: ladeinfrastruktur-tochter mainova, chargemaker gmbh, installiert 130 ladepunkte elektroautos im ""tower 185"" im frankfurter europaviertel. https://t.co/eqp66q3ppd #energie #energiemanagement #energiewirtschaft",2,news
"autohersteller: investitionen #elektroauto-ladeinfrastruktur ""dringend"" intensivieren https://t.co/xf9h0j0rqh #energie https://t.co/j2z2phdhkh",2,news
"???? its germany mitglied @enbw deka immobilien kooperieren #hpc-ladenetz: 6 einzelhandelsimmobilien sollen mit schnellladeinfrastruktur ausgestattet werden, mind. 4 hpc-ladepunkte je standort. #elektromobilität #ladeinfrastruktur #emobility https://t.co/ajcf3agm4e",2,news
elektromobilität ist ein entscheidender faktor zur erreichung klimaziele. schneider electric ionity sorgen gemeinsam eine alltagstaugliche schnelle ladeinfrastruktur. installation elektrische energie stromnetz betriebssicherheit emobility https://t.co/g48vdaar9e,2,company ad
elektromobilität ist ein entscheidender faktor zur erreichung klimaziele. schneider electric ionity sorgen gemeinsam eine alltagstaugliche schnelle ladeinfrastruktur. emobility - installation elektrische energie stromnetz https://t.co/ajbjkhikll,2,company ad
ladeinfrastruktur elektromobilität umfasst bei schneider electric ladestationen &amp; ladeboxen bzw. wallboxen. ein lademanagement steuert dabei dynamisch lasten. installation energiemanagement betriebssicherheit https://t.co/dyl9r0lqxz,2,company ad
gastbeitrag filip klippel digitales kartenmaterial fördert e-mobilität trend hin zur elektromobilität ist ungebrochen. erforderlich hierfür ist eine leistungsstarke ladeinfrastruktur. denmeisten ländern ist diese noch nicht ausreichend https://t.co/dt2wg7qv5r https://t.co/ww7fx4xilx,2,expert opinion
neuer leitfaden zur ladeinfrastruktur wohnungswirtschaft - photovoltaik https://t.co/yjryyvfieg https://t.co/wucyzjoo5e,2,other
elektromobilität ist ein entscheidender faktor zur erreichung klimaziele. schneider electric ionity sorgen gemeinsam eine alltagstaugliche schnelle ladeinfrastruktur. emobility - - elektrische energie installation stromnetz https://t.co/qiatpejvpm,2,company ad
"zur ladeinfrastruktur elektrofahrzeuge gehört ein intelligentes lastmanagement, ein zugangsmanagement + ein monitoring. schneider electric ´s ev charging expert bietet alles all-in-one: installation lastmanagementsystem elektrofahrzeuge https://t.co/lccflfgmat",2,company ad
elektromobilität ist ein entscheidender faktor zur erreichung klimaziele. schneider electric ionity sorgen gemeinsam eine alltagstaugliche schnelle ladeinfrastruktur. installation elektrische energie stromnetz betriebssicherheit emobility https://t.co/huf9x0delu,2,company ad
#aral pulse schließt plug&amp;charge-rollout ab. https://t.co/127dg7nsyc #emobility #elektromobilität #ladeinfrastruktur @araldeutschland,2,news
elektromobilität ist ein entscheidender faktor zur erreichung klimaziele. schneider electric ionity sorgen gemeinsam eine alltagstaugliche schnelle ladeinfrastruktur. emobility - - elektrische energie installation stromnetz https://t.co/btohdov2bn,2,company ad
elektromobilität ist ein entscheidender faktor zur erreichung klimaziele. schneider electric ionity sorgen gemeinsam eine alltagstaugliche schnelle ladeinfrastruktur. emobility - installation elektrische energie stromnetz https://t.co/06sqzqjdju,2,company ad
"am mittwoch, 06.04.2022, 15-16 uhr stellen wir neuen nrw-förderprogramme „emissionsarme mobilität“ „öffentliche ladeinfrastruktur e-fahrzeuge“ im web-seminar vor. zur anmeldung https://t.co/2hnnrlyolb #elektromobilitaet #nrw #seminar foto: andrew neel auf unsplash https://t.co/gibstcddyu",2,other
ladeinfrastruktur elektromobilität umfasst bei schneider electric ladestationen &amp; ladeboxen bzw. wallboxen. ein lademanagement steuert dabei dynamisch lasten. installation energiemanagement betriebssicherheit https://t.co/qll2g46umb,2,company ad
@bves-positionspapier zur #ladeinfrastruktur #emobilitaet https://t.co/z6fgqi0rap,2,expert opinion
"vda, gdw, zveh zvei veröffentlichen leitfaden zur ladeinfrastruktur umfeldmaßnahmen wohnungswirtschaft verwaltung https://t.co/q5fdlkxgx6",2,expert opinion
#zvei veröffentlicht leitfaden #ladeinfrastruktur wohnungswirtschaft. https://t.co/hp0lzdieee #emobility #elektromobilität @zveiorg,2,expert opinion
elektromobilität ist ein entscheidender faktor zur erreichung klimaziele. schneider electric ionity sorgen gemeinsam eine alltagstaugliche schnelle ladeinfrastruktur. installation elektrische energie stromnetz betriebssicherheit emobility https://t.co/wsuooeyx2e,2,company ad
"@hornschild @bmwk gibt auch nichtgeförderte modelle, welche reduzierten kraftstoffverbrauch eines gefördertes plug-in-hybrid-autos bieten. grundgedanke bei plug-in-modellen ist förderung ladeinfrastruktur.",2,other
elektromobilität ist ein entscheidender faktor zur erreichung klimaziele. schneider electric ionity sorgen gemeinsam eine alltagstaugliche schnelle ladeinfrastruktur. emobility - installation elektrische energie stromnetz https://t.co/kkywddrze8,2,company ad
ladeinfrastruktur elektromobilität umfasst bei schneider electric ladestationen &amp; ladeboxen bzw. wallboxen. ein lademanagement steuert dabei dynamisch lasten. installation energiemanagement betriebssicherheit https://t.co/g0f9ywchdr,2,company ad
elektromobilität ist ein entscheidender faktor zur erreichung klimaziele. schneider electric ionity sorgen gemeinsam eine alltagstaugliche schnelle ladeinfrastruktur. emobility - - elektrische energie installation stromnetz https://t.co/otaa8av54j,2,company ad
"zur ladeinfrastruktur elektrofahrzeuge gehört ein intelligentes lastmanagement, ein zugangsmanagement + ein monitoring. schneider electric ´s ev charging expert bietet alles all-in-one: installation lastmanagementsystem elektrofahrzeuge https://t.co/rpocav7x4f",2,company ad
elektromobilität ist ein entscheidender faktor zur erreichung klimaziele. schneider electric ionity sorgen gemeinsam eine alltagstaugliche schnelle ladeinfrastruktur. emobility - installation elektrische energie stromnetz https://t.co/dqzp71d6eq,2,company ad
ladeinfrastruktur elektromobilität umfasst bei schneider electric ladestationen &amp; ladeboxen bzw. wallboxen. ein lademanagement steuert dabei dynamisch lasten. installation energiemanagement betriebssicherheit https://t.co/pxkz0m4rra,2,company ad
elektromobilität ist ein entscheidender faktor zur erreichung klimaziele. schneider electric ionity sorgen gemeinsam eine alltagstaugliche schnelle ladeinfrastruktur. emobility - - elektrische energie installation stromnetz https://t.co/wdmz2fgg5l,2,company ad
"zur ladeinfrastruktur elektrofahrzeuge gehört ein intelligentes lastmanagement, ein zugangsmanagement + ein monitoring. schneider electric ´s ev charging expert bietet alles all-in-one: installation lastmanagementsystem elektrofahrzeuge https://t.co/gs3fpvye1e",2,company ad
greentech-unternehmen @getgridx prognostiziert im ladereport 2022 engpässe bei ladeinfrastruktur. https://t.co/nipv4ttc8n,2,expert opinion
elektromobilität ist ein entscheidender faktor zur erreichung klimaziele. schneider electric ionity sorgen gemeinsam eine alltagstaugliche schnelle ladeinfrastruktur. installation elektrische energie stromnetz betriebssicherheit emobility https://t.co/z9fvtbpkeu,2,company ad
elektromobilität ist ein entscheidender faktor zur erreichung klimaziele. schneider electric ionity sorgen gemeinsam eine alltagstaugliche schnelle ladeinfrastruktur. emobility - installation elektrische energie stromnetz https://t.co/jtlqwthcdv,2,company ad
"#hamburg energie erhöht lade-preise auf 49,9 cent. https://t.co/tszddxqxgq #emobility #elektromobilität #ladeinfrastruktur #roaming",2,news
„initiative bidirektionales laden“ fordert schnelle vorgaben. https://t.co/lpryizqtac #emobility #elektromobilität #ladeinfrastruktur,2,news
ladeinfrastruktur elektromobilität umfasst bei schneider electric ladestationen &amp; ladeboxen bzw. wallboxen. ein lademanagement steuert dabei dynamisch lasten. installation energiemanagement betriebssicherheit https://t.co/kqpcxzgqlg,2,company ad
bvg setzt auf ladeinfrastruktur hitachi energy https://t.co/e5mcqfrerk,2,news
"bvg setzt auf ladeinfrastruktur hitachi energy - betriebshof, tanken laden, öpnv-unternehmen | news - busplaner #berlin #öpnv #bvg #vbb #sbahn #ubahn https://t.co/poaec89niw",2,news
elektromobilität ist ein entscheidender faktor zur erreichung klimaziele. schneider electric ionity sorgen gemeinsam eine alltagstaugliche schnelle ladeinfrastruktur. emobility - - elektrische energie installation stromnetz https://t.co/119tc2ck8i,2,company ad
"zur ladeinfrastruktur elektrofahrzeuge gehört ein intelligentes lastmanagement, ein zugangsmanagement + ein monitoring. schneider electric ´s ev charging expert bietet alles all-in-one: installation lastmanagementsystem elektrofahrzeuge https://t.co/2jchgduu8c",2,company ad
#bulgarien plant 10.000 ladestationen nächsten jahren. https://t.co/cuo45qvl7v #emobility #elektromobilität #ladeinfrastruktur,2,news
elektromobilität ist ein entscheidender faktor zur erreichung klimaziele. schneider electric ionity sorgen gemeinsam eine alltagstaugliche schnelle ladeinfrastruktur. installation elektrische energie stromnetz betriebssicherheit emobility https://t.co/d1ahxk4s3k,2,company ad
elektromobilität ist ein entscheidender faktor zur erreichung klimaziele. schneider electric ionity sorgen gemeinsam eine alltagstaugliche schnelle ladeinfrastruktur. emobility - installation elektrische energie stromnetz https://t.co/2199o73epp,2,company ad
ladeinfrastruktur elektromobilität umfasst bei schneider electric ladestationen &amp; ladeboxen bzw. wallboxen. ein lademanagement steuert dabei dynamisch lasten. installation energiemanagement betriebssicherheit https://t.co/idkyj5lafs,2,company ad
elektromobilität ist ein entscheidender faktor zur erreichung klimaziele. schneider electric ionity sorgen gemeinsam eine alltagstaugliche schnelle ladeinfrastruktur. emobility - - elektrische energie installation stromnetz https://t.co/mwmpmxjfgq,2,company ad
"zur ladeinfrastruktur elektrofahrzeuge gehört ein intelligentes lastmanagement, ein zugangsmanagement + ein monitoring. schneider electric ´s ev charging expert bietet alles all-in-one: installation lastmanagementsystem elektrofahrzeuge https://t.co/krsewvuat7",2,company ad
elektromobilität ist ein entscheidender faktor zur erreichung klimaziele. schneider electric ionity sorgen gemeinsam eine alltagstaugliche schnelle ladeinfrastruktur. installation elektrische energie stromnetz betriebssicherheit emobility https://t.co/mw7mzchbsw,2,company ad
evbox homeline 11kw wallbox ladestation ladesäule evbox rfid https://t.co/zdfaj0emue ebay https://t.co/aobpxh0eoj,2,company ad
mit handwerkerbonus wird installation privater ladeinfrastruktur gefördert. yeah.,2,other
unser neues paper zur untersuchung umwelteffekten intelligenter #ladeinfrastruktur ist veröffentlicht ?? https://t.co/yvqhtunn9q,2,expert opinion
"vermieter werden verpflichtet, installation ladeinfrastruktur dulden. yeah.",2,other
ladeinfrastruktur elektromobilität umfasst bei schneider electric ladestationen &amp; ladeboxen bzw. wallboxen. ein lademanagement steuert dabei dynamisch lasten. installation energiemanagement betriebssicherheit https://t.co/nvh4dy7884,2,company ad
elektromobilität ist ein entscheidender faktor zur erreichung klimaziele. schneider electric ionity sorgen gemeinsam eine alltagstaugliche schnelle ladeinfrastruktur. emobility - - elektrische energie installation stromnetz https://t.co/n6znhisx63,2,company ad
#allego installiert ladestationen #fitx-standorten. https://t.co/lqqxlogfns #emobility #elektromobilität #ladeinfrastruktur @allegocharging,2,news
#vda legt positionspapier #ladeinfrastruktur-ausbau vor. https://t.co/a0px513fby #emobility #elektromobilität @vda_online,2,expert opinion
"zur ladeinfrastruktur elektrofahrzeuge gehört ein intelligentes lastmanagement, ein zugangsmanagement + ein monitoring. schneider electric ´s ev charging expert bietet alles all-in-one: installation lastmanagementsystem elektrofahrzeuge https://t.co/h43da7p4cj",2,company ad
eisenberg bei petersberg a9 ist ein neuer schnellladepark #enbw ans netz gegangen. https://t.co/vqjmpsptxa #emobility #elektromobilität #ladeinfrastruktur @enbw,2,news
elektromobilität ist ein entscheidender faktor zur erreichung klimaziele. schneider electric ionity sorgen gemeinsam eine alltagstaugliche schnelle ladeinfrastruktur. installation elektrische energie stromnetz betriebssicherheit emobility https://t.co/ya5atuzxzj,2,company ad
elektromobilität ist ein entscheidender faktor zur erreichung klimaziele. schneider electric ionity sorgen gemeinsam eine alltagstaugliche schnelle ladeinfrastruktur. installation elektrische energie stromnetz betriebssicherheit emobility https://t.co/5auxmyuwij,2,company ad
elektromobilität ist ein entscheidender faktor zur erreichung klimaziele. schneider electric ionity sorgen gemeinsam eine alltagstaugliche schnelle ladeinfrastruktur. emobility - installation elektrische energie stromnetz https://t.co/dnuvuehzeq,2,company ad
ladeinfrastruktur elektromobilität umfasst bei schneider electric ladestationen &amp; ladeboxen bzw. wallboxen. ein lademanagement steuert dabei dynamisch lasten. installation energiemanagement betriebssicherheit https://t.co/2gmastzq1z,2,company ad
elektromobilität ist ein entscheidender faktor zur erreichung klimaziele. schneider electric ionity sorgen gemeinsam eine alltagstaugliche schnelle ladeinfrastruktur. emobility - - elektrische energie installation stromnetz https://t.co/eylzzsporw,2,company ad
"zur ladeinfrastruktur elektrofahrzeuge gehört ein intelligentes lastmanagement, ein zugangsmanagement + ein monitoring. schneider electric ´s ev charging expert bietet alles all-in-one: installation lastmanagementsystem elektrofahrzeuge https://t.co/upyr9mbkny",2,company ad
elektromobilität ist ein entscheidender faktor zur erreichung klimaziele. schneider electric ionity sorgen gemeinsam eine alltagstaugliche schnelle ladeinfrastruktur. emobility - installation elektrische energie stromnetz https://t.co/8insdq76to,2,company ad
elektromobilität ist ein entscheidender faktor zur erreichung klimaziele. schneider electric ionity sorgen gemeinsam eine alltagstaugliche schnelle ladeinfrastruktur. installation elektrische energie stromnetz betriebssicherheit emobility https://t.co/utwdi5m8pn,2,company ad
ladeinfrastruktur elektromobilität umfasst bei schneider electric ladestationen &amp; ladeboxen bzw. wallboxen. ein lademanagement steuert dabei dynamisch lasten. https://t.co/9cbpcynjhk,2,company ad
elektromobilität ist ein entscheidender faktor zur erreichung klimaziele. schneider electric ionity sorgen gemeinsam eine alltagstaugliche schnelle ladeinfrastruktur. emobility - - elektrische energie installation stromnetz https://t.co/nzmkghmqdx,2,company ad
"zur ladeinfrastruktur elektrofahrzeuge gehört ein intelligentes lastmanagement, ein zugangsmanagement + ein monitoring. schneider electric ´s ev charging expert bietet alles all-in-one: installation lastmanagementsystem elektrofahrzeuge https://t.co/myxgtjbxjn",2,company ad
jetzt noch anmelden zum @klimaaktiv mobil bauträger-webinar zur klimafreundlichen mobilität im steirischen wohnbau - mit fokus auf e-mobilität ladeinfrastruktur im bestandswohnbau. 17. märz 2022 8:30-10:00 online. zur anmeldung: https://t.co/pkmbdxi51g https://t.co/7s74cjtyqc,2,other
elektromobilität ist ein entscheidender faktor zur erreichung klimaziele. schneider electric ionity sorgen gemeinsam eine alltagstaugliche schnelle ladeinfrastruktur. installation elektrische energie stromnetz emobility https://t.co/yul5xvutll,2,company ad
ladeinfrastruktur elektromobilität umfasst bei schneider electric ladestationen &amp; ladeboxen bzw. wallboxen. ein lademanagement steuert dabei dynamisch lasten. https://t.co/ii0lzrox3x,2,company ad
elektromobilität ist ein entscheidender faktor zur erreichung klimaziele. schneider electric ionity sorgen gemeinsam eine alltagstaugliche schnelle ladeinfrastruktur. emobility - - elektrische energie installation stromnetz https://t.co/kk6cqyinlf,2,company ad
elektromobilität ist ein entscheidender faktor zur erreichung klimaziele. schneider electric ionity sorgen gemeinsam eine alltagstaugliche schnelle ladeinfrastruktur. emobility - installation elektrische energie stromnetz https://t.co/paklvmkniu,2,company ad
"zur ladeinfrastruktur elektrofahrzeuge gehört ein intelligentes lastmanagement, ein zugangsmanagement + ein monitoring. schneider electric ´s ev charging expert bietet alles all-in-one: installation lastmanagementsystem elektrofahrzeuge https://t.co/kvthejlorz",2,company ad
änderungsantrag #afd drucks. nr. 15-0189/2022 verbesserung ladeinfrastruktur #ahlmbaddavstdt https://t.co/kxfm1nvx4n,2,other
@aengelhorn @knarf_sier @hansulrich kostenfalle ladesäule? https://t.co/gabmh2jny9,2,other
elektromobilität ist ein entscheidender faktor zur erreichung klimaziele. schneider electric ionity sorgen gemeinsam eine alltagstaugliche schnelle ladeinfrastruktur. emobility - installation elektrische energie stromnetz https://t.co/bhourvmrjz,2,company ad
ladeinfrastruktur elektromobilität umfasst bei schneider electric ladestationen &amp; ladeboxen bzw. wallboxen. ein lademanagement steuert dabei dynamisch lasten. https://t.co/owbbhtwk8j,2,company ad
elektromobilität ist ein entscheidender faktor zur erreichung klimaziele. schneider electric ionity sorgen gemeinsam eine alltagstaugliche schnelle ladeinfrastruktur. installation elektrische energie stromnetz emobility https://t.co/9loxd5ugtv https://t.co/w18iuqyjhu,2,company ad
elektromobilität ist ein entscheidender faktor zur erreichung klimaziele. schneider electric ionity sorgen gemeinsam eine alltagstaugliche schnelle ladeinfrastruktur. emobility - - elektrische energie installation stromnetz https://t.co/2vpragwxnq,2,company ad
"zur ladeinfrastruktur elektrofahrzeuge gehört ein intelligentes lastmanagement, ein zugangsmanagement + ein monitoring. schneider electric ´s ev charging expert bietet alles all-in-one: installation lastmanagementsystem elektrofahrzeuge https://t.co/xvhqbdwawk",2,company ad
elektromobilität ist ein entscheidender faktor zur erreichung klimaziele. schneider electric ionity sorgen gemeinsam eine alltagstaugliche schnelle ladeinfrastruktur. emobility - elektrische energie stromnetz https://t.co/9su4qxtu3a,2,company ad
ladeinfrastruktur elektromobilität umfasst bei schneider electric ladestationen &amp; ladeboxen bzw. wallboxen. ein lademanagement steuert dabei dynamisch lasten. https://t.co/7valybjiju,2,company ad
"einladung zur seminarreihe: elektromobilität im gewerbe – chancen anreize unternehmen betreiberinnen betreiber ladeinfrastruktur sowie halterinnen halter firmenelektroautos, einer e­nutzfahrzeugflotte oder... weiterlesen auf: https://t.co/ddtxgbztfr https://t.co/hpjh1pr8ac",2,other
elektromobilität ist ein entscheidender faktor zur erreichung klimaziele. schneider electric ionity sorgen gemeinsam eine alltagstaugliche schnelle ladeinfrastruktur. emobility - - elektrische energie stromnetz https://t.co/evnq3mcryx,2,company ad
vattenfall nutzt algorithmus kundenanforderung zur platzierung ladesäulen: vattenfall soll zwei niederländischen provinzen ladeinfrastruktur elektroautos aufbauen. platzierung ladesäulen erfolgt mit einem speziellen… https://t.co/qydn67sqge https://t.co/kkok8k0lnz,2,news
"zur ladeinfrastruktur elektrofahrzeuge gehört ein intelligentes lastmanagement, ein zugangsmanagement eine überwachungslösung. schneider electric ´s ev charging expert bietet alles all-in-one: lastmanagementsystem elektrofahrzeuge https://t.co/jh6qxviepo",2,company ad
vdi vde fordern ausbau wasserstoff- ladeinfrastruktur nutzfahrzeuge https://t.co/kyaf8lcjxh #elektroauto,2,news
elektromobilität ist ein entscheidender faktor zur erreichung klimaziele. schneider electric ionity sorgen gemeinsam eine alltagstaugliche schnelle ladeinfrastruktur. emobility - elektrische energie stromnetz https://t.co/6e8wxk9uks,2,company ad
elektromobilität ist ein entscheidender faktor zur erreichung klimaziele. schneider electric ionity sorgen gemeinsam eine alltagstaugliche schnelle ladeinfrastruktur. elektrische energie stromnetz emobility https://t.co/xhs3ofheac,2,company ad
ladeinfrastruktur elektromobilität umfasst bei schneider electric ladestationen &amp; ladeboxen bzw. wallboxen. ein lademanagement steuert dabei dynamisch lasten. https://t.co/8f1a0otz3x,2,company ad
elektromobilität ist ein entscheidender faktor zur erreichung klimaziele. schneider electric ionity sorgen gemeinsam eine alltagstaugliche schnelle ladeinfrastruktur. emobility - - elektrische energie stromnetz https://t.co/0u1vrfb0xg,2,company ad
"zur ladeinfrastruktur elektrofahrzeuge gehört ein intelligentes lastmanagement, ein zugangsmanagement eine überwachungslösung. schneider electric ´s ev charging expert bietet alles all-in-one: lastmanagementsystem elektrofahrzeuge https://t.co/2thpdabreo",2,company ad
"""ruhm ukraine"": hackerkollektiv anonymous beleidigt putin auf russischer ladesäule https://t.co/xtjnxpsbtk https://t.co/pskq4l6jgt",2,other
"anzeige: energie südbayern gmbh sucht projektleiter ladeinfrastruktur e-mobilität (m/w/d).übernehmen sie leitung projekten im bereich e-mobilität: planung, installation betrieb. alle infos: https://t.co/bkgu1sb0rf #emobility #jobs",2,company ad
elektromobilität ist ein entscheidender faktor zur erreichung klimaziele. schneider electric ionity sorgen gemeinsam eine alltagstaugliche schnelle ladeinfrastruktur. elektrische energie stromnetz emobility https://t.co/f6gbmxlx0d,2,company ad
elektromobilität ist ein entscheidender faktor zur erreichung klimaziele. schneider electric ionity sorgen gemeinsam eine alltagstaugliche schnelle ladeinfrastruktur. emobility - - elektrische energie stromnetz https://t.co/l28hvxoa3v,2,company ad
elektromobilität ist ein entscheidender faktor zur erreichung klimaziele. schneider electric ionity sorgen gemeinsam eine alltagstaugliche schnelle ladeinfrastruktur. emobility - elektrische energie stromnetz https://t.co/tgbukwfbsr,2,company ad
"zur ladeinfrastruktur elektrofahrzeuge gehört ein intelligentes lastmanagement, ein zugangsmanagement eine überwachungslösung. schneider electric ´s ev charging expert bietet alles all-in-one: lastmanagementsystem elektrofahrzeuge https://t.co/j2p9dklrxp",2,company ad
ladeinfrastruktur elektromobilität umfasst bei schneider electric ladestationen &amp; ladeboxen bzw. wallboxen. ein lademanagement steuert dabei dynamisch lasten. https://t.co/fnmcadvrsx,2,company ad
elektromobilität ist ein entscheidender faktor zur erreichung klimaziele. schneider electric ionity sorgen gemeinsam eine alltagstaugliche schnelle ladeinfrastruktur. emobility - - elektrische energie stromnetz https://t.co/ezgmsi1a0a,2,company ad
"zur ladeinfrastruktur elektrofahrzeuge gehört ein intelligentes lastmanagement, ein zugangsmanagement eine überwachungslösung. schneider electric ´s ev charging expert bietet alles all-in-one: lastmanagementsystem elektrofahrzeuge https://t.co/jio6ligvca",2,company ad
#luxglas gründet geschäftsfeld ladestationen. https://t.co/j9s9lve4ow #emobility #elektromobilität #ladeinfrastruktur,2,news
elektromobilität ist ein entscheidender faktor zur erreichung klimaziele. schneider electric ionity sorgen gemeinsam eine alltagstaugliche schnelle ladeinfrastruktur. emobility - elektrische energie stromnetz https://t.co/7ghxl5d92t,2,company ad
elektromobilität ist ein entscheidender faktor zur erreichung klimaziele. schneider electric ionity sorgen gemeinsam eine alltagstaugliche schnelle ladeinfrastruktur. elektrische energie stromnetz emobility https://t.co/vj1yvvnbvy,2,company ad
mennekes e-mobil. ladesäule amedio 140812412ma ip54 ladestation ladesäule https://t.co/7v66rrvysv ebay,2,company ad
ladeinfrastruktur elektromobilität umfasst bei schneider electric ladestationen &amp; ladeboxen bzw. wallboxen. ein lademanagement steuert dabei dynamisch lasten. https://t.co/rcfxwbhksh,2,company ad
elektromobilität ist ein entscheidender faktor zur erreichung klimaziele. schneider electric ionity sorgen gemeinsam eine alltagstaugliche schnelle ladeinfrastruktur. emobility - - elektrische energie stromnetz https://t.co/vyq7u1gega,2,company ad
"zur ladeinfrastruktur elektrofahrzeuge gehört ein intelligentes lastmanagement, ein zugangsmanagement eine überwachungslösung. schneider electric ´s ev charging expert bietet alles all-in-one: lastmanagementsystem elektrofahrzeuge https://t.co/p4j1tv0gmc",2,company ad
jetzt noch anmelden zur morgigen klimasprechstunde mehr über umsatzsteuerrechtliche aspekte ladesäule erfahren. weitere infos + kostenfreie anmeldung: https://t.co/elboiy0tgu #elektromobilität #ladeinfrastruktur #einzelhandel #mobilitätswende @handelsverband @nik_hde https://t.co/mbtbdgcmkd,2,other
elektromobilität ist ein entscheidender faktor zur erreichung klimaziele. schneider electric ionity sorgen gemeinsam eine alltagstaugliche schnelle ladeinfrastruktur. emobility - elektrische energie stromnetz https://t.co/vi6foq8zmr,2,company ad
ladeinfrastruktur elektromobilität umfasst bei schneider electric ladestationen &amp; ladeboxen bzw. wallboxen. ein lademanagement steuert dabei dynamisch lasten. https://t.co/yaupcujnxo,2,company ad
elektromobilität ist ein entscheidender faktor zur erreichung klimaziele. schneider electric ionity sorgen gemeinsam eine alltagstaugliche schnelle ladeinfrastruktur. emobility - - elektrische energie stromnetz https://t.co/xuvrd2dnvq,2,company ad
"zur ladeinfrastruktur elektrofahrzeuge gehört ein intelligentes lastmanagement, ein zugangsmanagement eine überwachungslösung. schneider electric ´s ev charging expert bietet alles all-in-one: lastmanagementsystem elektrofahrzeuge https://t.co/cwktywbguo",2,company ad
elektromobilität ist ein entscheidender faktor zur erreichung klimaziele. schneider electric ionity sorgen gemeinsam eine alltagstaugliche schnelle ladeinfrastruktur. elektrische energie stromnetz emobility https://t.co/f94zkq1uo5,2,company ad
"vermieter werden verpflichtet, installation ladeinfrastruktur dulden. yeah.",2,other
mit handwerkerbonus wird installation privater ladeinfrastruktur gefördert. yeah.,2,other
elektromobilität ist ein entscheidender faktor zur erreichung klimaziele. schneider electric ionity sorgen gemeinsam eine alltagstaugliche schnelle ladeinfrastruktur. emobility - elektrische energie stromnetz https://t.co/pl4h2af9he,2,company ad
ladeinfrastruktur elektromobilität umfasst bei schneider electric ladestationen &amp; ladeboxen bzw. wallboxen. ein lademanagement steuert dabei dynamisch lasten. https://t.co/zfqcgvvbtd,2,company ad
elektromobilität ist ein entscheidender faktor zur erreichung klimaziele. schneider electric ionity sorgen gemeinsam eine alltagstaugliche schnelle ladeinfrastruktur. emobility - - elektrische energie stromnetz https://t.co/fp42t3jcu7,2,company ad
#elektromobilität ist ein entscheidender faktor zur erreichung klimaziele. schneider electric ionity sorgen gemeinsam eine alltagstaugliche schnelle ladeinfrastruktur. emobility https://t.co/alwhkvi3pj,2,company ad
"zur ladeinfrastruktur elektrofahrzeuge gehört ein intelligentes lastmanagement, ein zugangsmanagement eine überwachungslösung. schneider electric ´s ev charging expert bietet alles all-in-one: lastmanagementsystem elektrofahrzeuge https://t.co/qtehlqjlcs",2,company ad
elektromobilität ist ein entscheidender faktor zur erreichung klimaziele. schneider electric ionity sorgen gemeinsam eine alltagstaugliche schnelle ladeinfrastruktur. elektrische energie stromnetz emobility https://t.co/r3qghwkw0j,2,company ad
anzeige: heimladen sucht sales manager:in elektromobilität &amp; ladeinfrastruktur (m/w/d). wir wollen übergang nachhaltiger mobilität beschleunigen suchen verstärkung mission: https://t.co/gyvi5hfvws #emobility #jobs,2,company ad
elektromobilität ist ein entscheidender faktor zur erreichung klimaziele. schneider electric ionity sorgen gemeinsam eine alltagstaugliche schnelle ladeinfrastruktur. emobility - elektrische energie stromnetz https://t.co/lvrov2wjfk,2,company ad
ladeinfrastruktur elektromobilität umfasst bei schneider electric ladestationen &amp; ladeboxen bzw. wallboxen. ein lademanagement steuert dabei dynamisch lasten. https://t.co/nvqkcdld9k,2,company ad
elektromobilität ist ein entscheidender faktor zur erreichung klimaziele. schneider electric ionity sorgen gemeinsam eine alltagstaugliche schnelle ladeinfrastruktur. emobility - - elektrische energie stromnetz https://t.co/gqjtnyq6fh,2,company ad
"zur ladeinfrastruktur elektrofahrzeuge gehört ein intelligentes lastmanagement, ein zugangsmanagement eine überwachungslösung. schneider electric ´s ev charging expert bietet alles all-in-one: lastmanagementsystem elektrofahrzeuge https://t.co/rc4fgzfqqb",2,company ad
offenbacher cdu fordert infos zum planungsstand ladeinfrastruktur https://t.co/5yx7z3u2ba #offenbach,2,news
vdi vde fordern forcierten ausbau wasserstoff- ladeinfrastruktur nutzfahrzeuge #klimaneutralität https://t.co/usbegscszm,2,news
elektromobilität ist ein entscheidender faktor zur erreichung klimaziele. schneider electric ionity sorgen gemeinsam eine alltagstaugliche schnelle ladeinfrastruktur. elektrische energie stromnetz emobility https://t.co/yrjzycjwni,2,company ad
"zeitung_energie ""forschungsprojekt nimmt netzdienliches laden blick: um netzstabilität sichern, ist ein koordinierter ausbau ladeinfrastruktur nötig. im projekt ""omei"" arbeitet ein forschungskonsortium… https://t.co/cxr9r4uyfg #energiewirtschaft #energiema…",2,expert opinion
"?? ladetechnik ladeinfrastruktur e-fahrzeuge ?? 17. &amp; 16. mai 2022 vde ist vertreten im fachbeirat durch dr. ralf petri, geschäftsbereichsleiter mobility keynote-speaker bastian pfarrherr, leiter innovationsmanagement stromnetz hamburg vde fnn. #emobility https://t.co/lofk5zff9q",2,other
elektromobilität ist ein entscheidender faktor zur erreichung klimaziele. schneider electric ionity sorgen gemeinsam eine alltagstaugliche schnelle ladeinfrastruktur. emobility - elektrische energie stromnetz https://t.co/zzdajxgdyf,2,company ad
ladeinfrastruktur elektromobilität umfasst bei schneider electric ladestationen &amp; ladeboxen bzw. wallboxen. ein lademanagement steuert dabei dynamisch lasten. https://t.co/sb3k0xkfvh,2,company ad
elektromobilität ist ein entscheidender faktor zur erreichung klimaziele. schneider electric ionity sorgen gemeinsam eine alltagstaugliche schnelle ladeinfrastruktur. emobility - elektrische energie stromnetz https://t.co/pqrdic6aoh,2,company ad
elektromobilität ist ein entscheidender faktor zur erreichung klimaziele. schneider electric ionity sorgen gemeinsam eine alltagstaugliche schnelle ladeinfrastruktur. emobility - - elektrische energie stromnetz https://t.co/h7if1nqopb,2,company ad
"gemeinsam mit neun partnern entwickelt hochschule landshut ein datenbasiertes konzept, um ladeinfrastruktur elektromobilität auszubauen. https://t.co/p87lbqpud7",2,expert opinion
ladeinfrastruktur elektromobilität umfasst bei schneider electric ladestationen &amp; ladeboxen bzw. wallboxen. ein lademanagement steuert dabei dynamisch lasten. https://t.co/qe7yvnoijy,2,company ad
"zur ladeinfrastruktur elektrofahrzeuge gehört ein intelligentes lastmanagement, ein zugangsmanagement eine überwachungslösung. schneider electric ´s ev charging expert bietet alles all-in-one: lastmanagementsystem elektrofahrzeuge https://t.co/5iuo83clgp",2,company ad
elektromobilität ist ein entscheidender faktor zur erreichung klimaziele. schneider electric ionity sorgen gemeinsam eine alltagstaugliche schnelle ladeinfrastruktur. emobility - - elektrische energie stromnetz https://t.co/xfkuwg27u8,2,company ad
"zur ladeinfrastruktur elektrofahrzeuge gehört ein intelligentes lastmanagement, ein zugangsmanagement eine überwachungslösung. schneider electric ´s ev charging expert bietet alles all-in-one: lastmanagementsystem elektrofahrzeuge https://t.co/q3oel5yo2y",2,company ad
großmarkt wien investiert infrastruktur zukunft ???? gemeinsam mit #smatrics hat gmw ladestationen e-autos &amp; kühl-lkws sowie eine öffentlich-zugängliche stromtankstelle betrieb genommen. erstklassige ladeinfrastruktur #emobilität ?? https://t.co/mdd3ke8s1a https://t.co/lwvyiububd,2,news
"gemeinsam mit neun partnern entwickelt @hawlandshut ein datenbasiertes konzept, um #ladeinfrastruktur #elektromobilität auszubauen europäischen verkehrs- stromnetze entlasten. https://t.co/m4dacijf7v",2,news
"im @bmdv_bund-geförderten projekt #omei entwickelt hochschule #landshut gemeinsam mit @unipassau @jenabatteries @fenecon @technagong weiteren partnern ein datenbasiertes konzept, um #ladeinfrastruktur #elektromobilität auszubauen. https://t.co/cxy3igbbjv https://t.co/p58bibuoor",2,expert opinion
elektromobilität ist ein entscheidender faktor zur erreichung klimaziele. schneider electric ionity sorgen gemeinsam eine alltagstaugliche schnelle ladeinfrastruktur. elektrische energie stromnetz emobility https://t.co/wr0kee33zm,2,company ad
#elektromobilität ist ein entscheidender faktor zur erreichung klimaziele. schneider electric ionity sorgen gemeinsam eine alltagstaugliche schnelle ladeinfrastruktur. https://t.co/odmujq4pon,2,company ad
#p3 masterand (m/w/d) digitales ökosystem ladeinfrastruktur: iot validierungskonzept https://t.co/ytyvry1tez,2,company ad
#p3 masterand (m/w/d) digitales ökosystem ladeinfrastruktur: iot validierungskonzept https://t.co/elwtekhbtq,2,company ad
#p3 masterand (m/w/d) digitales ökosystem ladeinfrastruktur: iot validierungskonzept https://t.co/eoeau6refk,2,company ad
elektromobilität ist ein entscheidender faktor zur erreichung klimaziele. schneider electric ionity sorgen gemeinsam eine alltagstaugliche schnelle ladeinfrastruktur. emobility - elektrische energie stromnetz https://t.co/4gdxhavkoe,2,company ad
ladeinfrastruktur elektromobilität umfasst bei schneider electric ladestationen &amp; ladeboxen bzw. wallboxen. ein lademanagement steuert dabei dynamisch lasten. https://t.co/ao67veeaku,2,company ad
elektromobilität ist ein entscheidender faktor zur erreichung klimaziele. schneider electric ionity sorgen gemeinsam eine alltagstaugliche schnelle ladeinfrastruktur. emobility - - elektrische energie stromnetz https://t.co/s4ykxkj2lg,2,company ad
"neue ausgabe des #eworld magazins ist da! ?? im fokus: #ladeinfrastruktur, #elektromobilität, #wärmewende &amp; #unternehmenskultur. spannende gastbeiträge u.a. @vwgroup, @chargeupeurope, @bswsolarev, @dew21 &amp; @coworkland. jetzt kostenfrei stöbern: https://t.co/lzwbmfh4en https://t.co/ddtqf3gbte",2,news
eqt infrastrucure kauft englischen lade-anbieter #instavolt. https://t.co/1fyqh3ytmj #emobility #elektromobilität #ladeinfrastruktur,2,news
"zur ladeinfrastruktur elektrofahrzeuge gehört ein intelligentes lastmanagement, ein zugangsmanagement eine überwachungslösung. schneider electric ´s ev charging expert bietet alles all-in-one: lastmanagementsystem elektrofahrzeuge https://t.co/h1jn7lxrav",2,company ad
analyse #emobilitaet #ladeinfrastruktur netzstabilität. https://t.co/6zbzvamnch,2,news
#elektromobilitaet schnelle laden fördern https://t.co/1osnfg3qfm #energieverdichter #verkehrswende #ladeinfrastruktur @energiezukunft_ https://t.co/qfjndgqehm,2,news
elektromobilität ist ein entscheidender faktor zur erreichung klimaziele. schneider electric ionity sorgen gemeinsam eine alltagstaugliche schnelle ladeinfrastruktur. elektrische energie stromnetz emobility https://t.co/whkjyyw1v3,2,company ad
elektromobilität ist ein entscheidender faktor zur erreichung klimaziele. schneider electric ionity sorgen gemeinsam eine alltagstaugliche schnelle ladeinfrastruktur. elektrische energie stromnetz emobility https://t.co/q8i7kyvrdy,2,company ad
#shell hat mit taiwanesischen ladestations-hersteller #phihong technology ein globales rahmenabkommen geschlossen. https://t.co/z22r08mhv7 #emobility #elektromobilität #ladeinfrastruktur,2,news
anzeige: baywa mobility solutions gmbh sucht technischer projektleiter elektromobilität – ladeinfrastruktur (m/w/d) am standort münchen. alle infos: https://t.co/zbtaznktft #emobility #jobs,2,company ad
binger intensivseminar: entwicklung betrieb ladeinfrastruktur hausverwaltungen https://t.co/ufezunp6s0,2,other
elektromobilität ist ein entscheidender faktor zur erreichung klimaziele. schneider electric ionity sorgen gemeinsam eine alltagstaugliche schnelle ladeinfrastruktur. emobility - elektrische energie stromnetz https://t.co/hjvvgi4iov,2,company ad
ladeinfrastruktur elektromobilität umfasst bei schneider electric ladestationen &amp; ladeboxen bzw. wallboxen. ein lademanagement steuert dabei dynamisch lasten. https://t.co/2fr4ig7dah,2,company ad
elektromobilität ist ein entscheidender faktor zur erreichung klimaziele. schneider electric ionity sorgen gemeinsam eine alltagstaugliche schnelle ladeinfrastruktur. emobility - - elektrische energie stromnetz https://t.co/mqfhhzezv1,2,company ad
