Mention,Count,user_type
BMVI,148,Federal Ministry of Transport and Digital Infrastructure
kkklawitter,118,Book author
Elektro_Robin,100,Influencer
VDA_online,88,German Association of the Automotive Industry (VDA)
news_nowgmbh,88,Company
EnBW,86,Charging infrastructure provider
Stefan_Hajek,67,Author
nextmove_de,62,YouTube
VQuaschning,51,Scientist 
Tesla,50,Company
bdew_ev,45,Energy lobby
Die_Gruenen,44,Political party
Hagen,44,Influencer
stang2k,44,Influencer
AndiScheuer,43,Politician
welt,41,News
peteraltmaier,40,Politician
faznet,39,News
andreasscheuer,34,Politician
cem_oezdemir,34,Politician
CKemfert,33,Scientist
BMWi_Bund,33,Federal Ministry of Economics and Technology
Knobelsdorff,32,Influencer
Wissing,32,Politician
Karl_Lauterbach,31,Politician
ElectriveNet,31,E-News
tagesschau,30,News
thestanceman1,30,Influencer
zeitonline,29,News
BMDV_bund,28,Federal Ministry of Transport and Digital Infrastructure
handelsblatt,27,News
Fastned,27,Infrastructure provider
DudenhofferAUTO,26,Scientist
Herbert_Diess,26,Businessman
bmu,26,"The Federal Ministry for the Environment, Nature Conservation, Nuclear Safety and Consumer Protection"
fdp,25,Political party
Hamburg397,25,Businessman
IONITY_EU,24,Charging infrastructure provider
c_lindner,24,Politician
DerGraslutscher,23,Influencer
StromschlagYT,23,YouTube
KfW,23,Government funding
AllegoCharging,23,Charging infrastructure provider
VWGroup,23,Company
araldeutschland,22,Charging infrastructure provider
ABaerbock,22,Politician
ElectriveNet:,22,E-News
derspiegel,21,News
janusPrime,21,Influencer
eautonews,21,E-News
OlafScholz,21,Politicians
RheinEnergie,21,Charging infrastructure provider
technikjuli,20,Influencer
frankfeil,20,Influencer
elonmusk,20,Businessman
RedaktionNews,20,News
Naturschuetzen,19,Influencer
Mingiam10,19,Influencer
golem,19,News
RL_Institut,19,Scientific Organization
t3n,19,News
VWGroup_DE,17,Company
cducsubt,17,Political party
EON_de,17,Charging infrastructure provider
SZ,17,News
ADAC,16,Automotive club
Luisamneubauer,16,Influencer
_tho_,16,-
ArminLaschet,15,Politician
Markus_Soeder,15,Politician
technikblog_ch,15,Influencer
wiwo,15,News
AudiOfficial,15,Company
elektrokarre,15,Influencer
markusdd5,14,Influencer
GeorgKonjovic,14,Businessman
volkswagen,14,Company
Oliver_Krischer,14,Politician
YouTube,14,Company
Vattenfall_De,14,Charging infrastructure provider
N_Heisterhagen,14,Influencer
c_schwarzer,14,E-Journalist
MMittermeier,13,Actor
spdbt,13,Political party
CMDRArchadder,13,-
BMWK,13,Federal Ministry of Economics and Technology
ZDFheute,13,News
Shell_Germany,13,Charging infrastructure provider
eMObilityBerlin,12,Company
Touni,12,Influencer
TilmanWinkler,12,Influencer
HalleVerkehrt,12,Influencer
twittlik,12,Influencer
agoraverkehr,12,Social initiative
Koeln,12,City
igembb,11,-
parents4future,11,Social initiative
simonimous,11,Influencer
FabianLaasch,11,Businessman
GerdKebschull,11,Journalist
SenWiEnBe,11,State institution
ubitricity,11,Charging infrastructure provider
HolzheuStefan,11,Scientist
Storch_i,10,Influencer
ChristophBeisl1,10,-
KerstinAndreae,10,State institution representative
DIN_Norm,10,Standardization organization
ecomento_de,10,E-News
spdde,10,Political Party
GdWWohnen,10,Social initiative
ZVEIorg,10,Lobby
GernotDreher,10,Influencer
wdwarncke,10,Businessman
verkehrswendeb2,10,Influencer
sixtus,10,Author
RamonaPop,10,Politician
CSU,10,Political party
volkswagen_de,10,Company
M_Hundhausen,10,Scientist
_Cap_22,10,-
VKUonline,10,Lobby
NetzeBW,10,Energy provider
